AAXX,-67.5669,-68.127
AGAF,-9.1914,160.9486
AGAR,-9.8605,161.9795
AGAT,-8.8733,161.011
AGBA,-7.9128,156.706
AGBT,-8.562,158.1193
AGEV,-7.5758,156.597
AGGA,-8.7026,160.682
AGGB,-11.3022,159.7983
AGGC,-6.7119,156.3961
AGGE,-6.9907,155.8867
AGGF,-8.1075,159.577
AGGH,-9.428,160.055
AGGI,-9.7475,159.839
AGGJ,-9.8683,160.4106
AGGK,-10.4497,161.898
AGGL,-10.7203,165.795
AGGM,-8.328,157.263
AGGN,-8.0978,156.864
AGGO,-7.4169,155.565
AGGP,-9.6417,161.425
AGGR,-11.55,160.0628
AGGS,-8.5789,157.876
AGGT,-10.848,162.4541
AGGU,-9.8617,160.825
AGGV,-7.5856,158.731
AGGY,-9.0928,159.2184
AGIN,-9.8058,159.9627
AGKG,-7.3305,157.585
AGKU,-8.0262,156.9478
AGKW,-8.3605,160.7751
AGLM,-10.2968,166.3273
AGNA,-10.6758,162.2049
AGOB,-8.325,160.8005
AGOK,-8.7384,158.2028
AGRC,-8.1264,157.143
AGRM,-8.1681,157.643
AGTI,-9.108,160.1492
ANYN,-0.5479,166.9195
AQBC,-74.7394,164.0354
ATUA,-3.386,141.5868
AYAA,-4.1011,141.67
AYAE,-6.23,144.6642
AYAF,-9.1387,148.3907
AYAG,-9.9277,149.39
AYAI,-3.1436,142.3468
AYAK,-7.3428,141.2675
AYAM,-3.586,141.2143
AYAN,-7.1372,145.7447
AYAO,-5.1457,144.7307
AYAQ,-5.3817,143.9247
AYAT,-4.2157,142.8232
AYAU,-5.4951,142.5137
AYAW,-8.0134,142.7521
AYAX,-7.3508,146.194
AYAY,-6.3381,145.9042
AYBA,-7.497,144.8218
AYBB,-5.2685,142.097
AYBC,-5.8636,146.4925
AYBD,-9.1078,147.6667
AYBF,-7.8485,143.2433
AYBG,-6.3472,146.9422
AYBH,-8.8581,141.2594
AYBI,-3.0217,141.1653
AYBK,-5.4223,154.6727
AYBL,-5.3306,151.008
AYBM,-8.05,142.933
AYBO,-6.3732,144.637
AYBP,-7.7436,147.0206
AYBQ,-5.5264,141.7446
AYBR,-7.6693,146.7594
AYBS,-5.3882,145.4474
AYBT,-6.5519,143.9439
AYBU,-7.2163,146.6495
AYBW,-2.6182,141.092
AYBX,-7.3405,144.5477
AYBY,-6.8385,145.8732
AYBZ,-9.6425,149.3039
AYCB,-4.8066,144.715
AYCG,-5.4552,148.4223
AYCH,-6.0243,144.971
AYCN,-4.3287,143.7406
AYCS,-10.5628,150.6907
AYDB,-6.3086,141.9056
AYDD,-6.6305,144.6383
AYDE,-6.1447,147.1072
AYDI,-5.7422,145.2275
AYDK,-4.6204,143.4516
AYDL,-8.5336,142.5049
AYDN,-6.1546,146.6772
AYDO,-10.7009,150.7218
AYDP,-5.3599,144.4462
AYDQ,-8.6298,142.2162
AYDR,-9.4619,147.9209
AYDS,-5.1839,144.4122
AYDU,-9.0868,143.208
AYDW,-8.3802,142.4475
AYDY,-7.0077,145.7965
AYEA,-8.2716,147.0719
AYEB,-9.447,148.7628
AYED,-3.884,141.7922
AYEE,-1.6539,149.9758
AYEF,-9.1538,147.6598
AYEG,-6.4836,144.986
AYEH,-8.7141,141.6444
AYEI,-9.0794,147.602
AYEK,-6.4744,141.019
AYEL,-5.0412,141.6779
AYEM,-4.814,143.9106
AYEN,-6.9179,146.1053
AYEO,-9.1234,148.0415
AYER,-8.2538,146.9747
AYES,-6.1364,149.1183
AYET,-7.2373,141.1063
AYEU,-1.5603,149.6304
AYEV,-6.6065,143.9002
AYEW,-6.2842,147.5824
AYEY,-4.0621,142.6609
AYEZ,-4.5871,142.3357
AYFA,-8.5493,147.0858
AYFE,-5.208,141.6988
AYFF,-7.1604,143.5313
AYFI,-6.6218,147.8541
AYFK,-5.3283,144.8944
AYFO,-6.5096,143.0794
AYFR,-4.6105,141.9601
AYFS,-3.1983,141.472
AYFU,-6.3933,142.4408
AYFW,-3.6005,141.7674
AYGA,-6.0817,145.392
AYGC,-9.2263,148.4949
AYGD,-6.6482,145.4003
AYGE,-4.1055,143.3056
AYGF,-8.1286,146.8722
AYGG,-7.9807,147.2135
AYGH,-5.6957,146.1116
AYGI,-7.8756,147.1413
AYGJ,-9.2259,152.9444
AYGL,-5.5277,151.5733
AYGM,-6.8031,145.7759
AYGN,-10.3115,150.334
AYGO,-4.9136,144.49
AYGP,-6.0532,145.959
AYGQ,-5.259,142.233
AYGR,-8.8045,148.309
AYGS,-6.1028,141.7393
AYGT,-6.2711,150.331
AYGU,-3.5605,142.2173
AYGV,-3.9022,141.1705
AYGW,-6.4658,145.084
AYGX,-9.0021,148.2364
AYGY,-6.87,142.7537
AYHA,-6.7074,144.9974
AYHB,-6.32,142.4893
AYHE,-7.4223,146.4276
AYHF,-3.6984,143.0579
AYHH,-6.2457,142.1771
AYHJ,-5.1914,142.9595
AYHK,-5.4638,150.4073
AYHL,-6.6,142.3502
AYHN,-6.6671,146.0
AYHO,-6.9406,143.059
AYHQ,-4.2994,142.2305
AYHT,-4.5845,141.5742
AYHU,-7.393,146.0035
AYHW,-5.7219,141.3205
AYHX,-6.6229,145.1972
AYHY,-6.2734,142.7061
AYIA,-4.4997,154.226
AYIB,-4.6828,141.0316
AYID,-6.2266,147.244
AYII,-6.7524,146.1072
AYIM,-5.671,141.03
AYIN,-4.9166,141.1548
AYIO,-3.328,141.1573
AYIP,-5.0326,143.8711
AYIQ,-6.3057,155.7282
AYIR,-4.6316,142.8913
AYIS,-5.9781,146.6198
AYIT,-4.2418,141.5234
AYIU,-6.2782,143.9944
AYIW,-8.2836,142.8697
AYIX,-4.6895,149.4401
AYIY,-4.9031,141.6208
AYJE,-5.237,144.6007
AYJO,-8.5289,147.4603
AYJS,-4.7471,145.0071
AYJW,-4.182,141.1983
AYKA,-8.5058,151.081
AYKB,-6.1555,147.1915
AYKC,-6.1922,149.5478
AYKD,-7.6493,145.9569
AYKG,-5.3883,142.4977
AYKH,-8.1507,146.834
AYKI,-6.1257,141.282
AYKJ,-5.2903,144.7072
AYKK,-7.4244,144.2501
AYKL,-3.75,142.59
AYKM,-7.9636,145.771
AYKN,-8.6917,146.7566
AYKO,-8.8847,147.731
AYKQ,-9.1359,147.6694
AYKR,-4.557,145.9404
AYKT,-7.5003,146.0338
AYKU,-7.1351,143.2761
AYKV,-2.5794,150.808
AYKW,-7.977,142.8236
AYKY,-3.0436,152.629
AYKZ,-3.3687,143.5542
AYLB,-5.7204,148.0566
AYLC,-6.7486,142.6037
AYLE,-5.2192,151.3938
AYLG,-5.8328,145.0972
AYLH,-4.1305,142.2495
AYLI,-9.0065,142.6981
AYLJ,-5.819,149.3053
AYLL,-5.5319,149.7342
AYLN,-7.2231,146.2271
AYLO,-6.3344,146.6458
AYLP,-6.3917,146.3434
AYLQ,-8.8186,143.1317
AYLS,-8.2799,146.2765
AYLT,-6.3846,147.3686
AYLU,-3.4768,142.0413
AYLX,-5.3604,147.0177
AYLY,-9.1516,147.7623
AYLZ,-4.0322,143.1831
AYMA,-9.1908,147.6219
AYMB,-7.74,147.59
AYMC,-7.2117,146.0194
AYMD,-5.2071,145.789
AYMF,-6.5032,145.0327
AYMG,-4.0521,141.9863
AYMH,-5.8282,144.2994
AYMI,-6.4717,147.4411
AYMJ,-6.5322,147.6512
AYMK,-5.7302,149.0566
AYML,-6.2809,142.4208
AYMN,-6.1477,143.657
AYMO,-2.0619,147.424
AYMP,-8.0714,146.1555
AYMQ,-8.7092,142.6497
AYMR,-6.3633,143.238
AYMS,-10.6892,152.838
AYMU,-6.4265,142.7675
AYMV,-4.0234,153.6573
AYMW,-6.9736,145.8849
AYMX,-5.1969,144.1918
AYMY,-3.3158,141.2461
AYMZ,-2.8114,151.9911
AYNA,-5.837,146.4533
AYNB,-7.5389,145.905
AYNC,-9.1436,147.6842
AYND,-1.4606,143.0647
AYNE,-6.5678,144.7031
AYNF,-4.0916,142.5929
AYNG,-5.5778,151.7923
AYNH,-5.8427,146.1126
AYNI,-3.4075,154.7383
AYNJ,-9.4738,148.3294
AYNM,-6.3819,146.9859
AYNN,-5.8406,143.5072
AYNO,-6.3218,145.0707
AYNP,-4.5043,144.2315
AYNS,-5.7243,147.8667
AYNT,-6.7227,143.5636
AYNU,-3.6768,142.4849
AYNX,-3.6695,152.438
AYNY,-6.2412,145.2424
AYNZ,-6.568,146.7265
AYOA,-3.598,141.3614
AYOB,-7.5906,141.3243
AYOD,-6.5507,145.9728
AYOE,-6.2239,147.2152
AYOF,-5.5567,141.0328
AYOG,-6.4668,147.3642
AYOH,-4.7065,141.9006
AYOJ,-5.2261,142.2259
AYOK,-7.3984,145.8827
AYOL,-5.7312,144.846
AYOM,-7.8278,147.0806
AYOO,-6.0682,142.8598
AYOP,-8.4507,147.2092
AYOQ,-7.2714,143.5952
AYOS,-3.9522,143.1767
AYOU,-5.3817,144.6355
AYOV,-5.3897,141.5153
AYOW,-5.6952,142.7441
AYOX,-4.1615,141.2478
AYOY,-4.7947,151.6962
AYOZ,-6.4304,145.0931
AYPA,-7.0838,142.514
AYPB,-5.3724,142.9758
AYPC,-7.0226,141.5605
AYPD,-6.4451,147.5158
AYPE,-4.6767,142.5401
AYPG,-6.386,144.1084
AYPI,-6.371,144.6839
AYPJ,-6.4992,143.5103
AYPO,-7.979,143.1694
AYPQ,-9.7469,149.4766
AYPS,-4.546,142.2211
AYPU,-6.4752,143.9872
AYPW,-7.6721,143.1247
AYPY,-9.4434,147.22
AYQA,-4.5967,143.5225
AYQB,-6.9623,145.6448
AYQL,-4.7748,141.0133
AYQM,-6.8008,145.7134
AYQO,-8.3038,147.1659
AYQQ,-8.6744,147.2624
AYQR,-4.3239,141.3756
AYQS,-6.0908,147.5955
AYQU,-4.6581,144.6082
AYQV,-3.9925,141.5537
AYQW,-4.7508,142.3686
AYRA,-8.0651,147.332
AYRD,-5.9594,151.1717
AYRE,-9.9711,149.8322
AYRG,-5.8972,141.2717
AYRI,-6.4921,144.823
AYRJ,-4.6124,143.247
AYRK,-8.817,146.5244
AYRL,-6.9015,146.3698
AYRM,-5.13,143.4829
AYRN,-6.9125,145.6731
AYRO,-7.8347,146.5335
AYRR,-6.6815,144.1842
AYRT,-4.2839,143.1512
AYRV,-4.3615,141.785
AYRX,-9.8944,148.1069
AYSA,-6.1044,142.2783
AYSB,-7.2196,144.2352
AYSD,-5.6271,146.4628
AYSE,-2.6622,151.9978
AYSF,-9.5945,148.6393
AYSG,-9.0736,148.3893
AYSH,-5.5765,155.0489
AYSI,-5.4122,141.8252
AYSJ,-5.2786,144.5447
AYSK,-5.1258,144.3236
AYSL,-9.9645,151.1619
AYSM,-6.7193,143.9338
AYSO,-5.315,141.752
AYSP,-6.0753,146.8111
AYSQ,-3.8821,143.6734
AYSR,-3.9678,143.2763
AYSS,-7.6217,142.868
AYST,-8.1525,142.2684
AYSU,-8.0466,141.7222
AYSV,-5.9701,148.8543
AYSW,-6.1396,147.2792
AYSX,-6.345,147.591
AYSY,-2.9739,141.9297
AYSZ,-6.4513,147.0673
AYTA,-5.845,142.948
AYTB,-5.2805,141.2276
AYTC,-8.4188,142.9043
AYTD,-7.3205,144.6384
AYTE,-5.1261,141.6419
AYTF,-9.1586,148.0686
AYTG,-11.3311,153.2029
AYTH,-5.1172,141.4181
AYTI,-8.3567,146.9892
AYTK,-4.3405,152.38
AYTL,-6.3708,144.7167
AYTM,-4.7246,144.1529
AYTN,-5.2437,142.1652
AYTO,-3.6006,141.0517
AYTP,-5.9553,146.5595
AYTQ,-5.8559,146.6384
AYTR,-6.4667,145.5322
AYTS,-7.0695,146.1272
AYTT,-5.614,141.0421
AYTU,-9.076,149.3198
AYTV,-4.1966,143.5192
AYTW,-7.4463,146.1067
AYTX,-6.1745,146.3923
AYTY,-8.1697,146.1944
AYTZ,-7.6808,146.5503
AYUA,-3.386,141.5868
AYUC,-7.0214,145.966
AYUD,-8.7819,147.2785
AYUE,-9.5162,148.5591
AYUG,-3.6381,142.8379
AYUI,-6.7292,155.6833
AYUJ,-8.2566,141.7651
AYUK,-3.6856,142.3645
AYUL,-6.8385,142.8983
AYUM,-5.7311,148.4453
AYUN,-4.6564,144.2517
AYUO,-6.3679,145.9902
AYUP,-5.2808,141.5411
AYUQ,-5.5078,144.1171
AYUR,-8.5411,142.6503
AYUS,-8.3684,142.5862
AYUT,-6.005,146.7205
AYUV,-6.6025,145.8372
AYUX,-6.9858,145.8102
AYUY,-5.3724,141.6239
AYUZ,-6.0178,150.9557
AYVA,-7.7677,145.4857
AYVB,-6.4026,147.4223
AYVK,-3.773,141.9791
AYVL,-5.2726,150.0089
AYVM,-4.0165,143.1329
AYVN,-2.6926,141.3028
AYVO,-6.6552,155.4326
AYVP,-6.6577,144.2974
AYVW,-1.7361,142.8367
AYVY,-4.4698,143.1485
AYWB,-6.9894,145.0751
AYWC,-6.1325,146.4678
AYWD,-5.6353,143.8922
AYWE,-5.7432,146.1484
AYWF,-6.9523,142.6557
AYWG,-9.3375,149.1556
AYWH,-4.8961,145.3213
AYWJ,-9.3376,150.5093
AYWK,-3.5838,143.669
AYWL,-6.3432,142.8254
AYWM,-3.2955,141.0727
AYWN,-3.8183,142.835
AYWO,-6.7969,145.8919
AYWQ,-5.8603,155.2223
AYWS,-5.9617,147.1982
AYWT,-8.5458,147.2525
AYWU,-7.3456,146.7186
AYWV,-4.0087,142.5127
AYWX,-4.4087,142.227
AYWY,-6.5368,143.1979
AYXA,-7.1637,145.6337
AYXB,-3.6753,142.0151
AYXE,-7.548,146.188
AYXG,-6.3907,143.5565
AYXI,-7.75,146.9273
AYXO,-4.9808,152.01
AYXP,-8.7882,142.882
AYXS,-5.1363,142.284
AYXW,-8.6184,141.1381
AYXY,-3.4625,141.9559
AYYA,-3.9673,141.1917
AYYC,-4.0177,143.2174
AYYD,-5.0949,142.3846
AYYE,-6.09,147.0117
AYYG,-3.967,142.2912
AYYI,-3.5322,142.1645
AYYJ,-3.4574,142.54
AYYK,-5.1097,143.9177
AYYL,-4.0949,143.3838
AYYM,-4.8559,141.2202
AYYN,-5.1441,144.5956
AYYO,-9.6329,148.0481
AYYP,-4.6281,141.0942
AYYQ,-3.585,142.6285
AYYR,-6.6015,146.1813
AYYT,-6.7293,144.303
AYYU,-4.7912,144.3113
AYYV,-4.1003,142.1351
AYYW,-6.1339,146.8438
AYYZ,-4.9953,143.9614
AYZA,-6.9522,146.6163
AYZB,-3.4458,142.501
AYZI,-4.5299,153.0544
AYZM,-6.0491,149.337
AYZN,-2.9994,142.0445
AYZQ,-6.7887,144.1593
AYZS,-2.9156,141.2973
AYZU,-4.2684,142.1273
AYZW,-4.061,141.4197
AYZY,-3.9292,142.2045
AYZZ,-6.3088,146.5568
BGAA,68.7218,-52.7847
BGAG,72.887,-55.5963
BGAM,65.6123,-37.6183
BGAP,60.4644,-45.5692
BGAQ,60.1484,-44.2869
BGAR,61.1768,-48.4197
BGAS,60.5974,-45.3824
BGAT,67.9407,-53.6219
BGBW,61.1596,-45.4247
BGCH,68.8228,-51.1734
BGCO,70.7431,-22.6505
BGDB,74.2979,-20.2299
BGDH,76.7667,-18.6667
BGET,60.6197,-45.9141
BGFD,60.0047,-44.6569
BGGD,61.229,-48.097
BGGH,64.1911,-51.6791
BGGN,69.2512,-53.5149
BGIA,70.4981,-51.3031
BGIG,68.1458,-53.1692
BGIK,68.1409,-53.4415
BGIL,69.0809,-51.1143
BGIN,73.1999,-56.0108
BGIS,65.5478,-38.9766
BGIT,68.6343,-51.8323
BGJN,69.2432,-51.0571
BGKA,68.3127,-53.4602
BGKK,65.5736,-37.1236
BGKL,72.1527,-55.531
BGKM,65.8639,-36.9979
BGKQ,74.5781,-57.2268
BGKS,72.3811,-55.5366
BGKT,68.8579,-53.1233
BGLL,71.2419,-53.5629
BGMI,81.6013,-16.6793
BGMQ,65.4125,-52.9394
BGMV,72.2369,-23.9319
BGNK,68.2364,-52.8521
BGNL,60.3572,-44.828
BGNN,60.1419,-45.233
BGNO,81.6978,-17.8088
BGNQ,71.5388,-53.205
BGNS,60.9173,-46.0599
BGNT,70.7894,-53.6629
BGNU,74.1099,-57.065
BGPC,60.0572,-43.1597
BGPT,62.0147,-49.6709
BGQE,69.9959,-51.3009
BGQQ,77.4886,-69.3887
BGQT,60.781,-47.1562
BGSC,70.4882,-21.9717
BGSF,67.0104,-50.7153
BGSG,65.9059,-36.3783
BGSI,77.7865,-70.6387
BGSO,60.5378,-46.0247
BGSQ,70.0114,-51.9321
BGSS,66.9513,-53.7293
BGST,70.8112,-51.6313
BGSV,76.0186,-65.1177
BGTA,73.3731,-56.0603
BGTL,76.5306,-68.7005
BGTN,65.892,-37.7834
BGTQ,60.1943,-44.8134
BGUK,72.7902,-56.1306
BGUM,70.6804,-52.1116
BGUQ,70.7342,-52.6962
BGUT,71.0494,-51.89
BIAE,65.9047,-22.3633
BIAL,63.5398,-18.4437
BIAR,65.6566,-18.072
BIBA,63.5561,-20.1375
BIBD,65.6413,-23.5462
BIBF,65.5168,-13.8158
BIBI,66.0978,-22.5697
BIBL,65.645,-20.2875
BIBR,65.0746,-21.8022
BIBV,64.79,-14.0439
BIDV,64.6424,-14.2773
BIEG,65.2833,-14.4014
BIFL,64.1446,-20.3271
BIFM,63.8747,-16.6411
BIFZ,63.8482,-20.7163
BIGF,64.9914,-23.2247
BIGH,63.8533,-20.2628
BIGJ,65.9953,-21.3269
BIGR,66.5458,-18.0173
BIGS,65.6334,-16.1542
BIHE,65.1909,-16.2049
BIHI,64.8861,-19.4925
BIHK,65.7047,-21.6964
BIHL,63.8358,-20.3775
BIHN,64.2956,-15.2272
BIHR,63.7527,-20.2509
BIHS,65.7572,-23.4614
BIHU,65.9523,-17.426
BIHV,65.2702,-20.8487
BIHY,65.9892,-18.3941
BIHZ,64.6998,-20.8922
BIIS,66.0581,-23.1353
BIKA,64.7789,-22.2569
BIKE,64.705,-19.4106
BIKF,63.985,-22.6056
BIKJ,65.467,-21.95
BIKL,63.7929,-18.0035
BIKP,66.3108,-16.4667
BIKR,65.7317,-19.5728
BIMK,63.7141,-19.8812
BIMM,65.4827,-18.1701
BIMS,64.1818,-21.7061
BIND,64.7196,-18.067
BINF,65.1319,-13.7464
BIRE,65.4526,-22.2061
BIRF,64.9114,-23.8182
BIRG,66.4064,-15.9183
BIRK,64.1287,-21.9376
BIRL,65.6558,-16.9181
BIRS,65.9142,-22.4214
BISA,65.1344,-19.6631
BISF,63.9292,-21.0378
BISG,64.1655,-15.9133
BISH,65.4,-21.933
BISI,66.1378,-18.9082
BISK,63.5177,-19.4925
BISN,64.3847,-15.3719
BISP,64.6542,-18.4969
BISR,64.6326,-21.4909
BISS,64.0608,-21.5747
BIST,65.0589,-22.7646
BISV,64.1153,-18.7852
BITE,65.8703,-23.56
BITM,63.69,-19.5631
BITN,66.2185,-15.3347
BITO,64.3544,-18.8365
BIVA,64.0331,-20.6511
BIVH,65.5569,-19.4281
BIVI,63.4217,-18.8883
BIVM,63.4243,-20.2789
BIVO,65.7206,-14.8506
BKPR,42.5728,21.0358
BKVR,42.5137,21.5345
BUTL,34.9697,-91.8312
CBBC,52.185,-128.157
CHQE,44.646,-63.5866
CMBH,48.8328,-123.505
CRHA,53.8226,-126.173
CRML,42.2956,-82.535
CWCV,49.5922,-126.6164
CWFM,50.3331,-125.4453
CWIF,50.4417,-128.0315
CWJC,61.1333,-100.9
CWOB,63.3254,-64.1544
CWZM,52.6437,-128.5246
CYAB,73.0061,-85.0462
CYAC,51.7272,-91.8244
CYAD,53.5717,-76.1964
CYAG,48.6557,-93.4435
CYAH,53.7547,-73.6753
CYAL,50.5822,-126.916
CYAM,46.4832,-84.5085
CYAQ,53.5247,-88.6428
CYAS,60.0272,-69.9992
CYAT,52.9275,-82.4319
CYAU,44.2303,-64.8561
CYAV,50.0564,-97.0325
CYAW,44.6368,-63.5021
CYAX,50.2944,-96.01
CYAY,51.3919,-56.0832
CYAZ,49.0798,-125.7756
CYBA,51.2082,-115.5406
CYBB,68.5357,-89.8055
CYBC,49.1325,-68.2044
CYBD,52.3875,-126.596
CYBE,59.5614,-108.481
CYBF,54.3042,-110.744
CYBG,48.3301,-70.992
CYBK,64.2989,-96.0778
CYBL,49.9508,-125.271
CYBN,44.2717,-79.9125
CYBP,50.6336,-111.926
CYBQ,58.7063,-98.5111
CYBR,49.91,-99.9519
CYBT,57.8894,-101.679
CYBU,53.3325,-104.008
CYBV,52.3589,-97.0183
CYBW,51.104,-114.3694
CYBX,51.4436,-57.1853
CYCA,53.6825,-57.0423
CYCB,69.1081,-105.138
CYCC,45.0926,-74.5677
CYCD,49.055,-123.8699
CYCE,43.2856,-81.5083
CYCG,49.2964,-117.632
CYCH,47.0078,-65.4492
CYCK,42.3064,-82.0819
CYCL,47.9908,-66.3303
CYCN,49.1056,-81.0136
CYCO,67.8164,-115.1431
CYCP,52.1167,-119.283
CYCQ,55.6872,-121.627
CYCR,54.6098,-97.7624
CYCS,63.3469,-90.7311
CYCT,52.075,-111.445
CYCW,49.1532,-121.9393
CYCX,45.8378,-66.4367
CYCY,70.4861,-68.5167
CYCZ,50.3311,-115.8737
CYDA,64.0431,-139.128
CYDB,61.3711,-139.041
CYDC,49.4681,-120.511
CYDF,49.2082,-57.3961
CYDH,45.1306,-75.9483
CYDL,58.4222,-130.032
CYDM,61.9706,-132.423
CYDN,51.1008,-100.052
CYDO,48.7785,-72.375
CYDP,56.5508,-61.6822
CYDQ,55.7412,-120.1833
CYEA,50.9333,-110.013
CYED,53.6679,-113.4725
CYEE,44.6833,-79.9283
CYEG,53.3097,-113.58
CYEK,61.0942,-94.0708
CYEL,46.3514,-82.5614
CYEM,45.8424,-81.8576
CYEN,49.2103,-102.966
CYER,56.0189,-87.6761
CYES,47.4872,-68.4777
CYET,53.5789,-116.465
CYEU,79.9947,-85.8142
CYEV,68.3042,-133.483
CYEY,48.5639,-78.2497
CYFA,52.2035,-81.6952
CYFB,63.7564,-68.5558
CYFC,45.8687,-66.5299
CYFD,43.1314,-80.3425
CYFE,48.7461,-69.0972
CYFH,51.5619,-87.9078
CYFJ,46.4094,-74.78
CYFO,54.6781,-101.682
CYFR,61.1808,-113.69
CYFS,61.7602,-121.237
CYFT,55.0773,-59.1879
CYGB,49.6943,-124.5181
CYGD,43.7669,-81.7106
CYGE,51.2992,-116.982
CYGH,66.2407,-128.6478
CYGK,44.2253,-76.5969
CYGL,53.6253,-77.7042
CYGM,50.6281,-97.0433
CYGO,54.5577,-94.4901
CYGP,48.7749,-64.4819
CYGQ,49.7783,-86.9394
CYGR,47.4252,-61.7786
CYGT,69.3647,-81.8161
CYGV,50.2819,-63.6114
CYGW,55.2819,-77.7653
CYGX,56.3571,-94.7115
CYGZ,76.4258,-82.9086
CYHA,61.0464,-69.6178
CYHB,52.8167,-102.311
CYHC,49.2907,-123.1185
CYHD,49.8317,-92.7442
CYHE,49.3689,-121.495
CYHF,49.7142,-83.6861
CYHH,51.6911,-76.1356
CYHI,70.7628,-117.806
CYHK,68.6356,-95.8497
CYHM,43.1735,-79.9312
CYHN,49.1931,-84.7589
CYHO,55.4488,-60.2281
CYHP,52.1133,-94.2556
CYHR,50.4683,-59.6378
CYHS,44.1583,-81.0628
CYHT,60.7892,-137.546
CYHU,45.5175,-73.4169
CYHY,60.8397,-115.783
CYHZ,44.8808,-63.5086
CYIB,48.7739,-91.6386
CYID,44.5458,-65.7854
CYIF,51.2117,-58.6583
CYIK,62.4173,-77.9253
CYIO,72.6895,-77.9689
CYIV,53.8572,-94.6536
CYJA,52.9964,-118.0602
CYJF,60.2358,-123.469
CYJM,54.3972,-124.263
CYJN,45.2944,-73.2811
CYJP,61.3194,-117.606
CYJQ,52.1365,-128.0562
CYJT,48.5434,-58.5529
CYKA,50.703,-120.4486
CYKC,58.2361,-103.678
CYKD,68.2233,-135.006
CYKF,43.4608,-80.3786
CYKG,61.5886,-71.9294
CYKJ,57.2561,-105.618
CYKL,54.8053,-66.8053
CYKM,44.2014,-81.6067
CYKO,60.8186,-78.1486
CYKP,51.6586,-85.9017
CYKQ,51.4733,-78.7583
CYKT,50.8595,-120.6711
CYKX,48.2103,-79.9814
CYKY,51.5175,-109.181
CYLA,59.2967,-69.5997
CYLB,54.7703,-112.032
CYLC,62.8483,-69.8779
CYLD,47.82,-83.3467
CYLH,52.1956,-87.9342
CYLI,50.6747,-121.894
CYLJ,54.1253,-108.523
CYLK,62.4178,-110.6828
CYLL,53.3092,-110.073
CYLQ,47.4097,-72.7889
CYLR,56.5133,-99.9853
CYLS,44.4851,-79.5547
CYLT,82.5173,-62.283
CYLU,58.7114,-65.9928
CYLW,49.9561,-119.378
CYMA,63.6164,-135.868
CYME,48.8569,-67.4533
CYMG,49.0839,-85.8606
CYMH,52.3028,-55.8474
CYMJ,50.3303,-105.559
CYML,47.5975,-70.2239
CYMM,56.6533,-111.222
CYMO,51.2911,-80.6078
CYMT,49.7719,-74.5281
CYMU,56.5361,-76.5183
CYMW,46.2728,-75.9906
CYMX,45.6795,-74.0387
CYMY,50.7172,-93.3845
CYNA,50.1901,-61.789
CYNC,53.0106,-78.8311
CYND,45.5217,-75.5636
CYNE,53.9583,-97.8442
CYNH,56.0351,-121.9783
CYNJ,49.1008,-122.631
CYNL,58.2767,-104.082
CYNM,49.7617,-77.8028
CYNN,59.4875,-97.7803
CYNR,57.3817,-111.701
CYOA,64.6989,-110.615
CYOC,67.5706,-139.839
CYOD,54.405,-110.279
CYOH,54.9333,-95.2789
CYOJ,58.6214,-117.165
CYOO,43.9228,-78.895
CYOP,58.4914,-119.408
CYOS,44.5903,-80.8375
CYOW,45.3225,-75.6692
CYOY,46.9029,-71.5037
CYPA,53.2142,-105.673
CYPC,69.3608,-124.0755
CYPD,45.6567,-61.3681
CYPE,56.2269,-117.447
CYPG,49.9031,-98.2738
CYPH,58.4719,-78.0769
CYPK,49.2149,-122.7093
CYPL,51.4464,-90.2142
CYPM,51.8197,-93.9733
CYPN,49.8364,-64.2886
CYPO,54.9879,-85.4426
CYPP,47.9319,-74.6081
CYPQ,44.2323,-78.3621
CYPR,54.2861,-130.445
CYPS,50.3025,-122.738
CYPT,41.778,-82.6742
CYPU,52.1128,-124.145
CYPW,49.8342,-124.5
CYPX,60.0506,-77.2869
CYPY,58.7672,-111.117
CYPZ,54.3764,-125.951
CYQA,44.9754,-79.3065
CYQB,46.7911,-71.3933
CYQD,53.9714,-101.091
CYQF,52.1822,-113.894
CYQG,42.2756,-82.9556
CYQH,60.1168,-128.822
CYQI,43.8269,-66.0881
CYQK,49.7883,-94.3631
CYQL,49.6303,-112.8
CYQM,46.1132,-64.6772
CYQN,50.1828,-86.6964
CYQQ,49.7108,-124.887
CYQR,50.4319,-104.6609
CYQS,42.77,-81.1108
CYQT,48.3719,-89.3239
CYQU,55.1797,-118.885
CYQV,51.2647,-102.462
CYQW,52.7694,-108.2437
CYQX,48.9363,-54.5677
CYQY,46.1611,-60.0498
CYQZ,53.0261,-122.51
CYRA,64.1161,-117.31
CYRB,74.7169,-94.9694
CYRC,48.521,-71.0526
CYRI,47.7644,-69.5847
CYRJ,48.5197,-72.2657
CYRL,51.0669,-93.7931
CYRM,52.4297,-114.904
CYRO,45.4605,-75.644
CYRP,45.3192,-76.0222
CYRQ,46.3528,-72.6794
CYRS,54.1672,-93.5572
CYRT,62.8114,-92.1158
CYRV,50.9622,-118.1843
CYSA,43.4156,-80.9344
CYSB,46.625,-80.7989
CYSC,45.4386,-71.6914
CYSD,50.2764,-111.1802
CYSE,49.7817,-123.162
CYSF,59.2503,-105.841
CYSG,46.0964,-70.7147
CYSH,44.9458,-75.9406
CYSJ,45.3161,-65.8903
CYSK,56.5369,-79.2502
CYSL,47.1571,-67.8362
CYSM,60.0203,-111.962
CYSN,43.1916,-79.1717
CYSP,48.7553,-86.3444
CYSQ,59.5783,-133.6689
CYST,53.8453,-94.852
CYSU,46.4406,-63.8336
CYSW,49.8343,-114.8787
CYSY,71.9939,-125.243
CYSZ,49.1203,-66.5292
CYTA,45.8644,-77.2517
CYTE,64.23,-76.5267
CYTF,48.5089,-71.6419
CYTH,55.8011,-97.8642
CYTL,53.8178,-89.8969
CYTN,45.6119,-62.6211
CYTQ,58.6678,-69.9558
CYTR,44.1189,-77.5281
CYTS,48.5697,-81.3767
CYTZ,43.6279,-79.3955
CYUB,69.4333,-133.026
CYUL,45.4678,-73.7423
CYUT,66.521,-86.2252
CYUX,68.7761,-81.2425
CYUY,48.2061,-78.8356
CYVB,48.0711,-65.4603
CYVC,55.1514,-105.262
CYVD,49.8783,-100.918
CYVG,53.3577,-110.8274
CYVK,50.2462,-119.331
CYVL,67.0202,-126.1284
CYVM,67.5466,-64.0314
CYVO,48.0533,-77.7828
CYVP,58.0961,-68.4269
CYVQ,65.2816,-126.798
CYVR,49.1939,-123.184
CYVT,55.8419,-108.418
CYVV,44.7458,-81.1072
CYVZ,52.6556,-94.0612
CYWA,45.9522,-77.3192
CYWE,64.1908,-114.077
CYWG,49.91,-97.2399
CYWH,48.4238,-123.372
CYWJ,65.2111,-123.436
CYWK,52.9219,-66.8644
CYWL,52.1831,-122.054
CYWM,54.7431,-113.205
CYWP,52.9594,-87.3749
CYWV,52.7964,-110.8584
CYWY,63.2094,-123.437
CYXC,49.6108,-115.782
CYXE,52.1707,-106.7008
CYXH,50.0189,-110.721
CYXJ,56.2381,-120.74
CYXK,48.4776,-68.4963
CYXL,50.1139,-91.9053
CYXN,62.24,-92.5981
CYXP,66.1449,-65.7136
CYXQ,62.4103,-140.867
CYXR,47.6974,-79.8473
CYXS,53.8843,-122.6666
CYXT,54.4685,-128.576
CYXU,43.0328,-81.149
CYXX,49.0253,-122.361
CYXY,60.7085,-135.0657
CYXZ,47.9667,-84.7867
CYYB,46.3636,-79.4228
CYYC,51.1188,-114.0099
CYYD,54.8247,-127.183
CYYE,58.8364,-122.597
CYYF,49.4631,-119.602
CYYG,46.2889,-63.1252
CYYH,69.5467,-93.5767
CYYJ,48.6472,-123.4278
CYYL,56.8639,-101.076
CYYM,49.6364,-114.094
CYYN,50.2919,-107.691
CYYO,51.8099,-104.1698
CYYQ,58.7392,-94.065
CYYR,53.3192,-60.4258
CYYT,47.6186,-52.7519
CYYU,49.4116,-82.4696
CYYW,50.2903,-88.9097
CYYY,48.6086,-68.2081
CYYZ,43.6759,-79.6294
CYZE,45.8853,-82.5678
CYZF,62.4628,-114.44
CYZG,62.1794,-75.6672
CYZH,55.2929,-114.7773
CYZP,53.2543,-131.814
CYZR,42.9994,-82.3089
CYZS,64.1933,-83.3594
CYZT,50.6806,-127.367
CYZU,54.1439,-115.787
CYZV,50.2233,-66.2656
CYZW,60.1728,-132.743
CYZX,44.9844,-64.9169
CYZY,55.2978,-123.1339
CZAC,56.0894,-96.0892
CZAM,50.6828,-119.229
CZBA,43.4415,-79.8501
CZBB,49.0743,-123.0069
CZBD,56.0516,-95.6188
CZBF,47.6297,-65.7389
CZBM,45.2908,-72.7414
CZEE,56.0375,-96.5097
CZEM,52.2264,-78.5225
CZFA,62.2075,-133.376
CZFD,59.3344,-107.182
CZFG,55.7492,-101.266
CZFM,67.407,-134.8602
CZFN,64.9095,-125.5703
CZGF,49.0156,-118.431
CZGI,54.8397,-94.0786
CZGR,52.0454,-95.4662
CZHP,55.3936,-116.475
CZJG,54.5189,-98.0461
CZJN,52.1206,-101.236
CZKE,52.2825,-81.6778
CZLQ,55.3189,-97.7078
CZMD,53.4414,-91.7628
CZML,51.7361,-121.333
CZMN,55.5889,-97.1642
CZMT,54.0275,-132.125
CZNG,52.9965,-97.2742
CZNL,49.4942,-117.301
CZPB,53.8909,-92.1959
CZPC,49.5204,-113.997
CZPO,55.5281,-106.582
CZRJ,52.9436,-91.3128
CZSJ,53.0642,-93.3444
CZSN,56.7928,-98.9072
CZST,55.9354,-129.9824
CZSW,54.3333,-130.283
CZTA,51.7846,-96.6923
CZTM,55.8636,-92.0811
CZUC,49.4282,-91.7204
CZUM,53.5619,-64.1064
CZVL,53.6675,-113.854
CZWH,58.6143,-101.469
CZWL,58.1069,-103.172
DAAB,36.5036,2.8142
DAAD,35.3325,4.2064
DAAE,36.7125,5.0699
DAAF,27.0624,1.1111
DAAG,36.6939,3.2145
DAAJ,24.2854,9.4637
DAAK,36.5458,2.8761
DAAM,36.1087,6.3646
DAAN,26.7124,0.2882
DAAP,26.7235,8.6227
DAAQ,35.5254,2.8787
DAAS,36.1785,5.3299
DAAT,22.811,5.4508
DAAV,36.7941,5.8737
DAAW,28.136,6.8362
DAAX,36.7782,2.9284
DAAY,33.5359,-0.2424
DAAZ,35.753,0.6259
DABB,36.8268,7.8133
DABC,36.276,6.6204
DABO,35.8744,7.2677
DABS,35.4316,8.1207
DABT,35.7521,6.3086
DAEN,29.7289,6.7113
DAFH,32.9304,3.3115
DAFI,34.6657,3.351
DALH,-26.423,135.5093
DAOB,35.3411,1.4631
DAOC,31.6429,-2.1847
DAOE,35.7354,-0.8054
DAOF,27.7004,-8.1671
DAOH,26.051,-4.22
DAOI,36.2166,1.3411
DAOL,35.5424,-0.5323
DAON,35.0127,-1.4571
DAOO,35.6206,-0.6225
DAOR,31.6457,-2.2699
DAOS,35.1718,-0.5933
DAOV,35.2077,0.1471
DAOY,33.7217,1.0925
DATG,19.5605,5.7493
DATM,21.3778,0.927
DAUA,27.8376,-0.1864
DAUB,34.7932,5.7389
DAUE,30.5807,2.8616
DAUG,32.3841,3.7941
DAUH,31.673,6.1404
DAUI,27.251,2.512
DAUK,33.0678,6.0887
DAUL,33.7644,2.9283
DAUO,33.5114,6.7768
DAUT,29.2371,0.276
DAUU,31.9172,5.4128
DAUZ,28.0515,9.6429
DBBB,6.3572,2.3843
DBBC,7.1254,2.0468
DBBD,9.6921,1.6378
DBBK,11.1448,2.9404
DBBN,10.377,1.3605
DBBO,11.0466,0.9926
DBBP,9.3577,2.6097
DBBR,10.2741,2.6971
DBBS,8.0182,2.4646
DFCA,13.0774,-1.1003
DFCB,13.4,-1.067
DFCC,13.6553,-2.3221
DFCD,12.55,-2.617
DFCE,9.883,-2.917
DFCG,13.317,-1.533
DFCI,13.767,-2.083
DFCJ,14.125,-1.6247
DFCK,12.267,-2.4
DFCL,11.1,-2.1
DFCM,11.6654,-1.0425
DFCP,11.1791,-1.1485
DFCR,11.6174,-2.7537
DFCS,13.4406,-1.9944
DFCT,12.2,-2.583
DFCU,13.2,-2.367
DFEA,12.65,-0.567
DFEB,12.983,-0.167
DFEC,11.7,0.15
DFED,12.0603,1.7846
DFEE,14.0216,-0.0682
DFEF,12.0389,0.3628
DFEG,14.4542,-0.2186
DFEK,12.167,-0.3
DFEL,12.464,1.4929
DFEM,14.7909,0.0395
DFEO,12.2491,-0.6205
DFEP,11.25,0.7
DFER,11.597,1.483
DFES,13.45,0.517
DFET,11.8011,-0.3714
DFEY,11.517,0.05
DFEZ,11.167,-0.617
DFFD,12.3532,-1.5124
DFOA,11.133,-3.067
DFOB,10.6889,-4.7277
DFOD,12.459,-3.49
DFOF,12.15,-3.183
DFOG,10.3841,-3.1635
DFOH,11.4912,-3.5128
DFON,12.75,-3.867
DFOO,11.1601,-4.331
DFOR,10.9861,-4.9248
DFOS,10.667,-4.267
DFOT,13.0591,-3.0773
DFOU,10.95,-3.25
DFOY,14.217,-0.883
DFYO,11.7703,-3.2675
DGAA,5.6052,-0.1668
DGAH,6.5797,0.5325
DGLE,9.5539,-0.8661
DGLN,10.9431,-1.0874
DGLW,10.0827,-2.5077
DGLY,9.425,-0.0047
DGSI,6.7146,-1.5908
DGSN,7.3618,-2.3288
DGTK,4.8961,-1.7748
DIAO,5.4619,-3.2347
DIAP,5.2614,-3.9263
DIAU,6.7156,-3.4703
DIBC,7.033,-4.533
DIBI,9.5406,-6.4698
DIBK,7.7388,-5.0737
DIBN,9.2556,-3.0333
DIBU,8.0172,-2.7619
DIDB,5.3514,-4.4035
DIDK,6.6517,-4.6406
DIDL,6.7928,-6.4732
DIGA,6.1029,-5.9868
DIGL,6.5347,-7.5268
DIGN,4.6434,-6.924
DIKO,9.3872,-5.5567
DIMN,7.2721,-7.5874
DIOD,9.5395,-7.5613
DIOF,9.6,-4.05
DISG,7.96,-6.6442
DISP,4.7467,-6.6608
DISS,4.9289,-6.1332
DITB,4.4378,-7.3627
DITM,8.2934,-7.674
DIYO,6.9032,-5.3656
DMDM,11.9441,11.8085
DNAA,9.0068,7.2632
DNAI,4.8725,8.093
DNAK,7.2467,5.301
DNAN,6.2672,6.8713
DNAS,6.2042,6.6653
DNBB,6.6215,9.319
DNBC,10.4828,9.744
DNBE,6.317,5.5995
DNBI,9.1029,6.0148
DNBY,4.9576,6.2033
DNCA,4.976,8.3472
DNDS,11.7951,9.3012
DNEN,6.4737,7.5605
DNFB,4.4048,7.1809
DNFD,5.355,5.349
DNGO,10.2989,10.9
DNGU,12.1729,6.6961
DNIB,7.3625,3.9783
DNIL,8.4402,4.4939
DNIM,5.4271,7.206
DNJA,8.902,11.2835
DNJO,9.6398,8.8691
DNKA,10.696,7.3201
DNKN,12.0456,8.5236
DNMA,11.8542,13.0807
DNMK,7.7039,8.6139
DNMM,6.5774,3.3212
DNMN,9.6522,6.4623
DNOS,7.783,4.483
DNPO,5.0155,6.9496
DNSO,12.9157,5.2075
DNSU,5.5982,5.8187
DNYO,9.2576,12.4304
DNZA,11.1302,7.6858
DRRA,13.7566,8.0205
DRRC,13.663,4.0997
DRRD,13.0497,3.2232
DRRE,13.953,0.7403
DRRG,11.89,3.428
DRRI,18.6867,12.9192
DRRM,13.5025,7.1268
DRRN,13.4815,2.1836
DRRP,12.4845,2.3985
DRRT,14.8757,5.2654
DRRU,14.3556,2.0694
DRZA,16.966,8.0001
DRZD,18.9639,12.8641
DRZF,13.3729,12.6267
DRZG,13.8903,10.1771
DRZI,19.0662,8.415
DRZL,18.7904,7.366
DRZM,13.2055,12.0323
DRZN,14.251,13.129
DRZR,13.779,8.9838
DRZT,15.0011,8.7703
DTKA,36.98,8.8769
DTMB,35.7581,10.7547
DTNH,36.0758,10.4386
DTTA,36.851,10.2272
DTTB,37.2424,9.787
DTTD,32.3062,10.3821
DTTF,34.422,8.8225
DTTG,33.7337,9.9194
DTTI,36.7213,9.9431
DTTJ,33.8737,10.7773
DTTR,31.7043,9.2546
DTTX,34.718,10.691
DTTZ,33.9397,8.1106
DXAK,7.583,1.117
DXDP,10.8004,0.2424
DXKP,7.8035,1.296
DXMG,10.373,0.4714
DXNG,9.7667,1.0909
DXSK,8.9943,1.153
DXXX,6.1656,1.2545
EBAG,50.6401,5.4576
EBAM,50.7401,3.4849
EBAR,49.662,5.886
EBAS,51.2471,4.5427
EBAV,50.7061,5.0677
EBAW,51.1907,4.4632
EBBA,50.4695,3.8388
EBBE,50.7586,4.7683
EBBH,51.3434,4.6221
EBBL,51.1683,5.47
EBBM,50.8309,3.7741
EBBN,50.415,6.2764
EBBR,50.9014,4.4844
EBBT,51.3426,4.5035
EBBX,49.8915,5.2274
EBBY,50.5681,4.4352
EBBZ,50.5423,4.3825
EBCF,50.1528,4.3872
EBCI,50.462,4.4596
EBCV,50.5758,3.831
EBDI,51.0193,2.8582
EBDR,51.2396,4.4079
EBDT,51.004,5.0647
EBDZ,50.9638,3.5427
EBEA,51.1912,3.5345
EBEB,51.1008,3.6536
EBEH,50.1836,4.3697
EBEN,51.2119,4.5811
EBEU,51.1559,4.4098
EBFN,51.0903,2.6528
EBFR,50.4561,5.9538
EBFS,50.2433,4.6458
EBGA,50.8773,4.6728
EBGB,50.9485,4.3918
EBGE,50.3758,4.4863
EBGG,50.7556,3.8639
EBGT,51.0206,3.7303
EBGU,51.0467,3.5205
EBHA,51.0792,5.1089
EBHC,50.9038,3.5094
EBHF,51.2689,4.2958
EBHL,50.9303,5.0806
EBHM,50.9098,5.349
EBHN,51.3061,4.3872
EBHO,50.9197,4.7689
EBHS,50.9235,5.2344
EBHT,51.0142,5.3593
EBIS,50.6636,3.8047
EBJS,50.6667,3.8702
EBKG,50.8029,3.264
EBKH,51.181,5.2211
EBKR,50.8915,3.5008
EBKT,50.8189,3.2096
EBKW,51.3217,3.2946
EBKZ,51.3287,3.2924
EBLC,50.6534,5.5777
EBLD,51.2172,4.5578
EBLE,51.12,5.3072
EBLG,50.6386,5.4439
EBLH,51.0333,3.4964
EBLJ,51.0956,3.9184
EBLM,50.9317,3.2939
EBLR,50.9349,2.7579
EBLS,50.5711,5.5653
EBLU,50.9919,5.239
EBLY,51.2107,4.5768
EBMB,50.9134,4.491
EBMD,51.1817,4.4211
EBME,50.8737,4.5969
EBMG,50.1042,4.6361
EBMK,50.7819,3.6196
EBML,50.375,4.9265
EBMM,50.9538,5.7048
EBMO,50.8513,3.1477
EBMS,50.3217,5.7309
EBMT,50.3585,4.3685
EBMW,50.9481,4.296
EBNB,50.479,4.885
EBNH,51.1941,2.8542
EBNK,50.8794,3.5201
EBNL,51.174,4.6659
EBNM,50.4897,4.7697
EBNR,50.9107,3.1036
EBOB,50.8226,4.709
EBOK,50.8695,4.2806
EBOO,51.2744,2.4475
EBOS,51.1998,2.8747
EBPP,50.995,3.5289
EBPV,50.8432,4.037
EBPW,50.7222,3.3261
EBRD,50.8255,4.097
EBRO,51.2097,4.5877
EBRR,50.91,3.148
EBRU,50.9575,5.0158
EBSG,50.458,3.821
EBSH,50.0359,5.4043
EBSJ,51.2205,3.1961
EBSL,50.9494,5.5935
EBSM,51.2683,4.1755
EBSP,50.482,5.9134
EBSS,51.1839,3.25
EBST,50.7908,5.1996
EBSU,50.0344,5.4408
EBSW,50.7638,4.2188
EBTK,51.2837,4.9121
EBTN,50.7817,4.9578
EBTX,50.5511,5.854
EBTY,50.5316,3.4962
EBUC,50.8531,4.4536
EBUL,51.1442,3.4756
EBVE,51.0226,2.6804
EBVN,51.3065,4.8066
EBVS,51.0623,2.6692
EBVU,50.9393,4.7306
EBWA,51.1227,4.1278
EBWE,51.3948,4.9602
EBWI,51.0644,3.2592
EBWZ,51.052,3.239
EBYC,51.0577,4.0975
EBYP,50.8635,2.8967
EBZH,50.9704,5.3753
EBZI,50.9264,3.6172
EBZO,50.8172,2.9746
EBZR,51.2691,4.7624
EBZU,51.2555,3.1399
EBZW,51.0154,5.5265
EDAB,51.1936,14.5197
EDAC,50.9819,12.5064
EDAD,51.8318,12.184
EDAE,52.1972,14.5857
EDAG,50.6442,13.1264
EDAH,53.8787,14.1523
EDAI,52.8267,12.5419
EDAJ,50.8817,12.1358
EDAK,51.3081,13.5556
EDAM,51.3626,11.9411
EDAN,53.3624,11.6138
EDAO,51.4935,10.8376
EDAP,51.6847,14.4231
EDAQ,51.5522,12.0539
EDAR,50.9796,13.9084
EDAS,51.6346,13.6751
EDAT,51.4511,14.1994
EDAU,51.2936,13.3561
EDAV,52.8263,13.7013
EDAW,51.5778,12.4944
EDAX,53.3064,12.7522
EDAY,52.5806,13.9167
EDAZ,52.2046,13.1595
EDBA,50.8419,11.0699
EDBC,51.8564,11.4203
EDBE,52.4375,12.59
EDBF,52.7935,12.7603
EDBG,52.2418,11.8562
EDBH,54.3383,12.7105
EDBI,50.7017,12.4539
EDBJ,50.9153,11.7142
EDBK,52.9189,12.4253
EDBL,51.2458,11.6933
EDBM,52.0736,11.6264
EDBN,53.6022,13.306
EDBO,51.8997,13.0528
EDBP,53.6153,11.5611
EDBQ,51.6721,13.9601
EDBR,51.3633,14.95
EDBS,51.1984,11.1918
EDBT,51.3806,11.4467
EDBU,53.18,12.1846
EDBV,54.3358,13.0433
EDBW,52.6317,13.7669
EDBX,51.1589,14.9503
EDBY,53.9728,13.3434
EDBZ,51.4919,13.8794
EDCA,53.8328,13.6686
EDCB,51.7458,11.2297
EDCE,52.4828,14.0907
EDCG,54.3835,13.3255
EDCH,51.0434,12.2319
EDCI,51.2718,14.5057
EDCJ,50.7475,12.8375
EDCK,51.7237,11.9488
EDCL,52.7094,12.0733
EDCM,51.2969,14.1275
EDCO,51.2678,10.6347
EDCP,54.1578,13.7744
EDCQ,51.7669,11.4983
EDCR,54.0819,11.6492
EDCS,52.3083,13.1006
EDCT,51.395,12.5369
EDCU,53.8053,12.2306
EDCV,53.5053,13.9483
EDCW,53.9144,11.4994
EDCX,54.1617,12.2486
EDCY,51.5756,14.1369
EDDB,52.3617,13.5023
EDDC,51.1341,13.7678
EDDE,50.9783,10.9607
EDDF,50.0267,8.5584
EDDG,52.1338,7.6885
EDDH,53.6304,9.9882
EDDK,50.8659,7.1427
EDDL,51.2895,6.7668
EDDM,48.3538,11.7861
EDDN,49.4987,11.0781
EDDP,51.4207,12.2327
EDDR,49.2145,7.1097
EDDS,48.6899,9.222
EDDV,52.4611,9.6851
EDDW,53.0468,8.7893
EDEB,51.1292,10.6222
EDEG,50.97,10.7278
EDEH,49.345,8.4878
EDEL,49.9083,7.9078
EDEM,51.0627,9.422
EDEN,50.8441,9.7072
EDEP,49.6219,8.6244
EDEQ,51.2131,10.5486
EDER,50.4988,9.9542
EDEW,49.5817,9.4022
EDFA,50.2883,8.5339
EDFB,50.338,8.879
EDFC,49.9388,9.0628
EDFD,50.3061,10.2273
EDFE,49.96,8.643
EDFG,50.1967,9.1671
EDFH,49.9464,7.2617
EDFI,50.7878,8.3928
EDFJ,50.0985,9.8839
EDFK,50.2106,10.0689
EDFL,50.5448,8.5928
EDFM,49.4731,8.5142
EDFN,50.8744,8.815
EDFO,49.6785,8.9716
EDFP,50.3622,8.7116
EDFQ,51.0353,8.681
EDFR,49.3889,10.2186
EDFS,50.0108,10.2511
EDFT,50.6837,9.4117
EDFU,49.695,9.1824
EDFV,49.6069,8.3683
EDFW,49.8178,9.8975
EDFX,49.3253,8.5286
EDFY,50.4269,8.0111
EDFZ,49.9675,8.1472
EDGA,50.5931,7.945
EDGB,50.6764,8.1694
EDGE,50.9916,10.4797
EDGF,50.4753,9.4432
EDGH,49.7986,9.8367
EDGI,49.3217,9.6631
EDGJ,49.6736,10.0714
EDGK,51.2522,8.8736
EDGL,49.4865,8.3892
EDGM,49.3989,9.1239
EDGO,49.2415,9.2344
EDGP,49.8417,8.3767
EDGQ,51.0003,8.3091
EDGR,50.5664,8.8692
EDGS,50.7077,8.083
EDGT,50.7953,8.4583
EDGU,49.5158,9.6694
EDGW,51.3072,9.1753
EDGX,49.3031,8.6589
EDGZ,49.5668,8.6114
EDHB,54.2444,11.0247
EDHC,53.0172,11.1447
EDHD,51.4076,10.1453
EDHE,53.6455,9.7035
EDHF,53.992,9.5764
EDHG,53.2483,10.4587
EDHI,53.5353,9.8356
EDHK,54.3796,10.1453
EDHL,53.8054,10.7192
EDHM,53.915,10.0356
EDHN,54.0794,9.9414
EDHO,53.7003,9.7421
EDHS,53.5611,9.4992
EDHU,53.2075,9.5733
EDHW,53.9694,10.2217
EDHX,53.9428,9.9055
EDJA,47.9881,10.2382
EDJG,47.8528,12.5504
EDKA,50.8231,6.1864
EDKB,50.7689,7.1633
EDKD,51.3125,7.7041
EDKF,51.0521,7.7068
EDKH,50.9286,7.8992
EDKI,50.8172,7.8306
EDKL,51.0153,7.0056
EDKM,51.3028,8.2392
EDKN,51.1242,7.3736
EDKO,51.4028,8.643
EDKP,51.1919,7.791
EDKR,51.1615,8.2607
EDKU,51.1458,7.9367
EDKV,50.4061,6.5303
EDKW,51.2972,7.8183
EDKZ,51.0994,7.5969
EDLA,51.4839,7.8983
EDLB,51.78,7.2881
EDLC,51.5292,6.5361
EDLD,51.616,6.8613
EDLE,51.4023,6.9373
EDLF,51.3339,6.3594
EDLG,51.6908,6.1042
EDLH,51.6897,7.8161
EDLI,51.9647,8.5444
EDLJ,51.9408,8.9047
EDLK,51.385,6.5878
EDLM,51.6472,7.1633
EDLN,51.2303,6.5044
EDLO,51.9322,8.6617
EDLP,51.6125,8.6175
EDLQ,51.9317,8.0817
EDLR,51.6883,8.7753
EDLS,51.9958,6.8406
EDLT,51.9447,7.7736
EDLU,51.8306,8.1747
EDLV,51.6014,6.1412
EDLW,51.5183,7.6122
EDLX,51.6628,6.5958
EDLY,51.8533,6.8147
EDLZ,51.5781,8.2147
EDMA,48.4253,10.9317
EDMB,48.1124,9.764
EDMC,48.4197,9.7983
EDMD,48.2287,11.4221
EDME,48.3961,12.7236
EDMF,48.5181,13.3458
EDMG,48.4867,10.2833
EDMH,49.1122,10.7822
EDMI,48.235,10.1377
EDMJ,48.1744,11.1254
EDMK,47.6919,10.3381
EDML,48.512,12.0349
EDMN,48.1069,10.525
EDMO,48.0814,11.2831
EDMP,48.4261,12.3453
EDMQ,48.7031,10.8523
EDMR,48.0481,11.6537
EDMS,48.9008,12.5167
EDMT,48.01,10.0986
EDMU,48.5693,10.3585
EDMV,48.635,13.1956
EDMW,48.8303,12.8797
EDMX,48.2379,11.5654
EDMY,48.2796,12.5005
EDNA,48.2636,12.4117
EDNB,49.1247,12.9856
EDNC,49.0214,11.4847
EDND,49.0651,10.4035
EDNE,48.3422,9.9161
EDNF,48.8225,13.3675
EDNG,48.6343,10.2165
EDNH,48.0161,10.615
EDNI,49.131,11.4432
EDNJ,48.7819,11.2153
EDNK,48.2383,12.9767
EDNL,47.8589,10.0142
EDNM,49.2225,12.2967
EDNO,48.8706,10.505
EDNP,48.4203,12.8647
EDNQ,48.8481,10.3339
EDNR,49.1419,12.0819
EDNS,48.1792,10.7028
EDNT,48.9961,10.8842
EDNU,48.29,10.4419
EDNV,47.9461,12.2047
EDNW,48.2894,10.1403
EDNX,48.2392,11.5593
EDNY,47.6713,9.5115
EDNZ,50.1369,11.7944
EDOA,50.4973,12.378
EDOB,50.9044,11.2603
EDOC,52.5296,11.3494
EDOD,51.9008,13.1944
EDOE,51.2139,12.3636
EDOF,51.3725,11.1414
EDOG,51.5709,13.0516
EDOH,50.9483,13.2617
EDOI,52.6617,12.7458
EDOJ,52.1427,12.6714
EDOK,50.7328,11.2361
EDOL,52.0381,11.2056
EDOM,51.9475,11.7697
EDON,52.6131,14.2428
EDOQ,51.2968,13.0787
EDOR,52.7408,12.39
EDOS,50.6697,11.0511
EDOT,50.644,12.1746
EDOU,50.9651,11.3998
EDOV,52.6289,11.8186
EDOW,53.5683,12.6528
EDOX,51.5951,12.2379
EDOY,52.601,13.576
EDOZ,51.9971,11.7898
EDPA,48.7778,10.2647
EDPB,48.5628,9.7289
EDPC,47.9269,12.2872
EDPD,48.6567,12.4988
EDPE,48.8769,11.1822
EDPF,49.3397,12.1881
EDPG,48.9539,12.4214
EDPH,49.268,11.0126
EDPI,48.4566,11.9416
EDPJ,48.4969,9.6403
EDPK,48.0478,12.5006
EDPM,48.6782,9.8459
EDPO,49.2856,11.4431
EDPQ,49.4294,12.0981
EDPR,48.7075,10.7693
EDPS,48.6828,13.6947
EDPT,48.6203,10.0583
EDPU,48.7467,10.005
EDPW,49.0642,11.2092
EDPY,48.9615,10.2345
EDQA,49.9204,10.9142
EDQB,49.51,10.3664
EDQC,50.2625,10.9956
EDQD,49.985,11.64
EDQE,49.7942,11.1336
EDQF,49.3611,10.6694
EDQG,49.6481,9.9664
EDQH,49.5827,10.8783
EDQI,49.6052,11.2836
EDQK,50.1349,11.4591
EDQL,50.1486,11.0481
EDQM,50.2885,11.8529
EDQN,49.5875,10.5775
EDQO,50.2258,11.7317
EDQP,49.8633,11.7878
EDQR,50.04,10.8225
EDQS,50.632,10.726
EDQT,50.0182,10.5292
EDQW,49.6789,12.1164
EDQX,49.6423,11.1626
EDQY,50.2306,10.9958
EDQZ,49.7624,11.5746
EDRA,50.5578,7.1371
EDRB,49.9453,6.565
EDRC,49.453,7.039
EDRD,49.8431,6.9161
EDRF,49.4728,8.1957
EDRG,49.7322,7.3361
EDRH,49.6106,7.1867
EDRI,49.1417,8.3947
EDRJ,49.3125,6.6744
EDRK,50.3256,7.5286
EDRL,49.3308,8.2097
EDRM,49.9678,7.1119
EDRN,49.9699,7.4784
EDRO,49.0319,7.9905
EDRP,49.2644,7.4883
EDRS,49.7908,7.6661
EDRT,49.8639,6.7875
EDRV,50.4519,6.7841
EDRW,50.5661,7.6533
EDRX,49.34,7.2533
EDRY,49.3047,8.4514
EDRZ,49.2094,7.4006
EDSA,48.2497,9.0625
EDSB,48.7794,8.0805
EDSE,48.6586,9.6242
EDSG,48.5361,9.4369
EDSH,48.9197,9.4553
EDSI,47.7988,8.7186
EDSK,48.5611,7.8433
EDSL,47.8437,8.5643
EDSN,47.9767,8.9039
EDSO,48.6212,9.6557
EDSP,48.5473,8.9459
EDSR,47.8026,8.9794
EDST,48.6318,9.4292
EDSW,48.2699,7.8419
EDSX,49.0093,9.3546
EDSZ,48.1866,8.7228
EDTB,48.7919,8.1858
EDTC,49.1348,8.5641
EDTD,47.9733,8.5222
EDTF,48.0228,7.8325
EDTG,47.9032,7.6174
EDTH,48.803,9.9277
EDTL,48.3693,7.8277
EDTM,48.0539,9.3728
EDTN,48.6128,9.4772
EDTO,48.4481,7.9236
EDTP,47.9089,9.2506
EDTQ,48.8642,9.2247
EDTR,47.5603,7.7483
EDTS,48.0658,8.5714
EDTU,48.0294,9.5072
EDTW,48.2792,8.4283
EDTX,49.1244,9.7811
EDTY,49.1183,9.7839
EDTZ,47.6814,9.1393
EDUA,52.6506,12.4878
EDUF,51.5478,13.2281
EDUO,51.5429,11.5952
EDUW,53.9177,13.2203
EDUY,51.5578,14.105
EDUZ,52.0008,12.1486
EDVA,51.8542,10.0256
EDVC,52.6882,10.1128
EDVE,52.3192,10.5561
EDVF,51.9172,9.1117
EDVG,51.3764,8.9811
EDVH,52.7619,9.6106
EDVI,51.8067,9.3783
EDVJ,52.0307,10.3625
EDVK,51.4184,9.3916
EDVL,51.6109,9.3984
EDVM,52.1798,9.9458
EDVN,51.7064,10.0397
EDVR,52.1753,9.0533
EDVT,51.952,9.662
EDVU,52.9837,10.4654
EDVW,51.9667,9.2917
EDVX,52.4952,10.5103
EDVY,52.2214,8.8598
EDVZ,51.3596,9.5028
EDWC,52.4876,8.1852
EDWE,53.3911,7.2275
EDWF,53.2719,7.4417
EDWG,53.7825,7.9196
EDWH,53.0689,8.3136
EDWI,53.5022,8.0522
EDWJ,53.6814,7.0564
EDWK,53.3328,9.0283
EDWL,53.7424,7.4963
EDWM,53.0539,9.2086
EDWN,52.4575,7.1822
EDWO,52.2864,7.9697
EDWP,53.3214,8.0733
EDWQ,53.0361,8.5056
EDWR,53.5964,6.7092
EDWS,53.6331,7.1903
EDWU,52.9083,8.0406
EDWV,52.9653,9.2828
EDWX,53.2886,7.9306
EDWY,53.7069,7.23
EDWZ,53.7249,7.3733
EDXA,52.3772,7.9133
EDXB,54.1533,8.9017
EDXC,54.4255,9.5419
EDXD,52.3514,8.3283
EDXE,52.2764,7.4928
EDXF,54.7733,9.3789
EDXG,52.2008,8.3806
EDXH,54.1853,7.9158
EDXI,52.7097,9.1625
EDXJ,54.51,9.1383
EDXK,54.7909,8.9634
EDXL,53.1644,7.7939
EDXM,53.9783,9.1452
EDXN,53.7672,8.6436
EDXO,54.3089,8.6869
EDXP,53.7067,7.8203
EDXQ,53.1283,9.3486
EDXR,54.22,9.5994
EDXS,53.3356,9.2594
EDXT,54.0667,10.7422
EDXU,53.2867,8.9472
EDXW,54.9132,8.3405
EDXY,54.6844,8.5283
EDXZ,53.5681,8.7894
EEAA,57.8261,26.4925
EEAE,59.2047,24.611
EECL,59.448,24.7533
EEEI,59.2596,24.2048
EEHA,59.3579,24.3795
EEHK,59.3335,24.5592
EEHV,59.4503,24.6022
EEJI,59.326,27.3929
EEKA,58.9908,22.8307
EEKE,58.2299,22.5095
EEKI,58.1171,25.5528
EEKO,59.1683,25.071
EEKU,58.148,23.9985
EELM,58.2907,26.7677
EELU,59.0221,23.5781
EEMU,58.6535,23.2714
EENA,59.3886,28.1136
EEPA,59.0184,23.4893
EEPS,59.4579,24.701
EEPU,58.419,24.4728
EERA,58.9903,24.7164
EERD,58.0846,25.8988
EERI,57.94,26.979
EERU,57.7856,23.2624
EESE,58.1319,22.2583
EESI,59.4594,24.3882
EETI,57.9523,26.4765
EETN,59.4132,24.8326
EETS,58.8094,24.1847
EETU,58.3074,26.6865
EEVI,58.3484,25.4948
EEVO,58.9852,23.2521
EEVP,59.2636,23.8755
EEVU,57.6329,26.6711
EFAA,67.6036,23.9717
EFAH,64.8953,25.7522
EFAL,62.5547,23.5733
EFEJ,60.2208,24.6864
EFEK,69.0022,20.8964
EFET,68.3626,23.4243
EFEU,61.1161,22.2014
EFFO,60.8037,23.6508
EFGE,60.0869,22.5219
EFHA,61.856,24.7867
EFHE,60.1478,24.9244
EFHH,60.9911,24.4153
EFHK,60.3184,24.9633
EFHL,64.9696,24.7042
EFHM,61.6897,23.0737
EFHN,59.8489,23.0836
EFHO,65.0036,25.5203
EFHP,64.1131,25.5042
EFHS,62.7699,22.8224
EFHV,60.6544,24.8811
EFHY,60.1889,24.9073
EFII,63.6319,27.1222
EFIK,60.4625,23.6525
EFIM,61.2492,28.9037
EFIT,62.1661,30.0736
EFIV,68.6073,27.4053
EFJE,62.5908,29.7778
EFJI,62.3242,22.6942
EFJM,61.7786,22.7161
EFJO,62.6588,29.6194
EFJP,68.7114,25.7528
EFJV,62.2304,25.7115
EFJY,62.3995,25.6783
EFKA,63.1271,23.0514
EFKE,65.7787,24.5821
EFKG,60.2469,20.8047
EFKH,64.1125,29.4386
EFKI,64.2855,27.6924
EFKJ,62.4632,22.3908
EFKK,63.7212,23.1431
EFKM,66.7129,27.1568
EFKN,63.9206,24.0867
EFKO,64.2286,23.8264
EFKR,63.9892,25.7436
EFKS,65.9876,29.2394
EFKT,67.701,24.8468
EFKU,63.0071,27.7978
EFKV,63.1253,25.1242
EFKY,60.5714,26.8961
EFLA,61.1442,25.6935
EFLL,63.3994,27.4789
EFLN,63.5119,29.6292
EFLP,61.0446,28.1447
EFLR,66.4919,25.7783
EFMA,60.1222,19.8982
EFME,62.9467,23.5189
EFMI,61.6866,27.2018
EFML,65.3011,25.4162
EFMN,60.5725,25.5089
EFNS,60.52,24.8317
EFNU,60.3339,24.2964
EFOP,60.8764,22.7447
EFOU,64.9301,25.3546
EFPA,68.1502,25.8294
EFPE,60.3311,25.0608
EFPI,61.2456,22.1934
EFPJ,62.8975,27.6483
EFPK,62.2647,27.0028
EFPL,60.9918,25.5695
EFPN,61.7289,29.3936
EFPO,61.4617,21.8
EFPR,60.4792,26.5939
EFPT,61.5064,23.8125
EFPU,65.4022,26.9469
EFPY,63.7319,25.9263
EFRA,63.4242,28.1242
EFRH,64.6881,24.6958
EFRN,62.0655,28.3565
EFRO,66.5633,25.8298
EFRU,65.9731,26.3653
EFRV,63.7056,26.6164
EFRY,60.7447,24.1078
EFSA,61.9431,28.9451
EFSE,61.0624,26.7989
EFSI,62.6921,22.8323
EFSO,67.395,26.6191
EFSU,64.8219,28.7103
EFTO,60.0792,24.1722
EFTP,61.4141,23.6044
EFTU,60.5141,22.2628
EFTV,60.4511,22.2903
EFUT,60.8964,26.9384
EFVA,63.0502,21.7625
EFVI,63.1225,25.8161
EFVL,64.5019,26.76
EFVP,61.0397,22.5917
EFVR,62.1711,27.8686
EFVT,63.3978,24.0306
EFVU,68.0872,27.1239
EFWB,60.6636,26.7458
EFYL,64.0547,24.7253
EGAA,54.6575,-6.2158
EGAB,54.3983,-7.6512
EGAC,54.6181,-5.8725
EGAD,54.5811,-5.6919
EGAE,55.0428,-7.1611
EGAH,-75.5674,-25.5164
EGAR,-67.5675,-68.1274
EGAT,-74.8497,-71.5667
EGBB,52.4539,-1.748
EGBC,51.9256,-2.0544
EGBD,52.8597,-1.6175
EGBF,52.2307,-0.4638
EGBG,52.6066,-1.0302
EGBJ,51.8942,-2.1672
EGBK,52.3053,-0.7931
EGBM,52.8143,-1.7679
EGBN,52.92,-1.0792
EGBO,52.5175,-2.2594
EGBP,51.6685,-2.0566
EGBS,52.2417,-2.8811
EGBT,52.0408,-1.0956
EGBV,52.0702,-1.0127
EGBW,52.1894,-1.6141
EGCA,53.3048,-1.4289
EGCB,53.4717,-2.3897
EGCC,53.3494,-2.2795
EGCF,53.5594,-0.859
EGCG,53.311,0.173
EGCH,53.2988,-4.6169
EGCJ,53.7885,-1.2169
EGCK,53.1018,-4.3376
EGCL,52.7392,-0.0297
EGCS,53.3812,-0.6848
EGCT,52.9324,-2.6474
EGCV,52.8348,-2.7703
EGCW,52.6286,-3.1533
EGDC,51.0872,-4.1503
EGDJ,51.2866,-1.7822
EGDM,51.1522,-1.7474
EGDN,51.2472,-1.7543
EGDO,50.0012,-5.2308
EGDP,50.5681,-2.4497
EGDR,50.0861,-5.2557
EGDW,50.9643,-2.9384
EGDX,51.4052,-3.4333
EGDY,51.0094,-2.6388
EGEA,57.1199,-2.3212
EGEC,55.4372,-5.6864
EGED,59.1906,-2.7722
EGEF,59.5347,-1.6285
EGEH,60.3768,-0.9272
EGEI,57.2531,-5.8278
EGEL,56.6019,-6.6178
EGEN,59.3675,-2.4344
EGEO,56.4635,-5.3997
EGEP,59.351,-2.9004
EGER,59.1553,-2.6414
EGES,59.2503,-2.5767
EGET,60.1922,-1.2436
EGEW,59.3505,-2.9501
EGEY,56.0575,-6.2431
EGEZ,52.7578,-2.9275
EGFA,52.1153,-4.5569
EGFC,51.4675,-3.1375
EGFD,52.8117,-4.1236
EGFE,51.8331,-4.9611
EGFF,51.3967,-3.3433
EGFH,51.6014,-4.071
EGFP,51.7139,-4.3122
EGGD,51.3823,-2.7165
EGGP,53.3349,-2.8496
EGGW,51.8747,-0.3683
EGHA,50.9672,-2.1536
EGHC,50.1028,-5.6706
EGHE,49.9134,-6.2919
EGHF,50.8142,-1.2033
EGHG,50.94,-2.6586
EGHH,50.7805,-1.8396
EGHI,50.9503,-1.3568
EGHJ,50.6781,-1.1094
EGHL,51.1874,-1.0317
EGHN,50.6531,-1.1822
EGHO,51.2106,-1.6
EGHP,51.1947,-1.2331
EGHQ,50.4406,-4.9954
EGHR,50.8598,-0.7601
EGHS,50.985,-2.3572
EGHT,49.9456,-6.3314
EGHU,50.9287,-3.9884
EGHY,50.2784,-5.1423
EGJA,49.7061,-2.2147
EGJB,49.435,-2.602
EGJJ,49.2079,-2.1955
EGKA,50.8356,-0.2972
EGKB,51.3308,0.0325
EGKE,51.2083,0.8292
EGKG,50.9006,-0.7397
EGKH,51.1569,0.6417
EGKK,51.1487,-0.1857
EGKL,50.8811,0.1543
EGKR,51.2136,-0.1386
EGLA,50.4997,-4.6658
EGLC,51.5053,0.0553
EGLD,51.5883,-0.5131
EGLF,51.2758,-0.7763
EGLJ,51.6761,-1.0808
EGLK,51.3239,-0.8475
EGLL,51.4707,-0.4599
EGLM,51.5008,-0.7744
EGLP,51.3835,-1.1721
EGLS,51.0989,-1.7842
EGLT,51.4216,-0.6598
EGLW,51.4699,-0.1795
EGMA,52.0775,0.0617
EGMC,51.5706,0.6936
EGMD,50.9562,0.9391
EGMF,51.3328,0.6011
EGMJ,52.166,-0.1492
EGML,51.5276,0.2442
EGMT,51.5375,0.3676
EGNC,54.9375,-2.8092
EGNE,53.2806,-0.9514
EGNF,53.3172,-1.1956
EGNG,54.2112,-1.2924
EGNH,53.7717,-3.0286
EGNI,53.1716,0.3294
EGNJ,53.5762,-0.3495
EGNL,54.1286,-3.2675
EGNM,53.8659,-1.6606
EGNO,53.7451,-2.8831
EGNP,53.8782,-1.6625
EGNR,53.1781,-2.9778
EGNS,54.0831,-4.6239
EGNT,55.038,-1.6896
EGNU,53.9806,-0.8647
EGNV,54.5092,-1.4294
EGNW,53.3167,-0.3497
EGNX,52.8311,-1.3281
EGNY,53.8984,-0.3614
EGOE,52.8728,-2.5327
EGOM,55.05,-2.55
EGOQ,53.2586,-4.3735
EGOS,52.7982,-2.668
EGOV,53.2481,-4.5353
EGOW,53.5816,-3.0555
EGPA,58.9579,-2.9051
EGPB,59.8789,-1.2956
EGPC,58.4589,-3.0931
EGPD,57.2019,-2.1978
EGPE,57.5425,-4.0475
EGPF,55.8719,-4.4331
EGPG,55.9747,-3.9756
EGPH,55.9501,-3.3723
EGPI,55.6827,-6.2575
EGPJ,56.1833,-3.2203
EGPK,55.5015,-4.5772
EGPL,57.4811,-7.3628
EGPN,56.4525,-3.0258
EGPO,58.2156,-6.3311
EGPR,57.0228,-7.4431
EGPS,57.5168,-1.8646
EGPT,56.4392,-3.3722
EGPU,56.4992,-6.8692
EGPW,60.7472,-0.8538
EGQL,56.374,-2.8689
EGQS,57.7052,-3.3392
EGSA,52.6294,0.9281
EGSC,52.205,0.175
EGSD,52.6356,1.723
EGSF,52.4681,-0.2511
EGSG,51.6525,0.1558
EGSH,52.6758,1.2828
EGSI,52.6436,0.295
EGSJ,52.511,1.4169
EGSL,51.895,0.4492
EGSM,52.4353,1.6183
EGSO,52.173,1.1106
EGSP,52.5571,-0.387
EGSQ,51.785,1.13
EGSR,51.9144,0.6825
EGSS,51.885,0.235
EGST,52.0755,0.9777
EGSU,52.0908,0.1319
EGSV,52.4975,1.0519
EGSW,52.2351,0.3506
EGSX,51.7217,0.1542
EGTB,51.6118,-0.8083
EGTC,52.0722,-0.6167
EGTD,51.1172,-0.5358
EGTE,50.7343,-3.414
EGTF,51.3481,-0.5589
EGTH,52.0846,-0.3201
EGTK,51.8369,-1.32
EGTO,51.3519,0.5033
EGTP,50.3306,-5.1793
EGTR,51.6558,-0.3258
EGTU,50.861,-3.2339
EGTW,51.6322,-2.0147
EGUB,51.6144,-1.096
EGUD,51.6906,-1.3166
EGUL,52.4095,0.5612
EGUN,52.3619,0.4864
EGUW,52.1275,0.9562
EGVA,51.6836,-1.7892
EGVF,50.8342,-1.17
EGVH,52.0809,-2.799
EGVL,51.8665,-1.695
EGVN,51.75,-1.5836
EGVO,51.2341,-0.9428
EGVP,51.1439,-1.5689
EGWA,51.2076,-1.5294
EGWC,52.6405,-2.3053
EGWE,52.0182,-0.3039
EGWN,51.7907,-0.738
EGWU,51.553,-0.4182
EGXC,53.093,-0.166
EGXE,54.2972,-1.5389
EGXG,53.8347,-1.1947
EGXH,52.3426,0.7729
EGXT,52.6126,-0.4765
EGXW,53.1662,-0.5238
EGXY,53.0228,-0.9111
EGXZ,54.2041,-1.3803
EGYD,53.0273,-0.4931
EGYE,52.9606,-0.5594
EGYM,52.6484,0.5507
EGYP,-51.8226,-58.4458
EGZL,57.1037,-3.8917
EHAD,53.4509,5.6824
EHAK,55.3992,3.8103
EHAL,53.4536,5.6784
EHAM,52.3086,4.7639
EHAX,55.105,3.8317
EHBD,51.2553,5.6014
EHBK,50.9111,5.7694
EHBL,55.2847,4.0967
EHDL,52.0606,5.8731
EHDR,53.1179,6.1273
EHDT,54.3422,2.8644
EHDV,54.3247,2.9342
EHDY,54.1492,2.8219
EHEH,51.4501,5.3745
EHFB,54.9444,4.5725
EHFD,54.8531,4.6947
EHFO,54.2158,4.8272
EHFQ,53.9606,4.4961
EHFR,53.8108,4.3511
EHFS,51.4414,3.596
EHFT,53.8181,4.5128
EHGG,53.1191,6.5777
EHGN,54.2239,5.4986
EHGO,54.2158,5.4347
EHGQ,54.0492,5.4319
EHGR,51.5674,4.9318
EHHA,52.4146,4.8048
EHHE,53.4608,6.8143
EHHO,52.7308,6.5161
EHHV,52.1919,5.1469
EHHW,54.0369,6.0418
EHJA,53.8233,2.9439
EHJB,53.8431,3.0781
EHJC,53.9486,3.6622
EHJD,53.765,3.1953
EHJE,53.7503,3.3094
EHJF,53.6956,3.3389
EHJG,53.7139,3.4272
EHJH,53.7106,3.5111
EHJI,53.6908,3.4872
EHJJ,53.815,3.4494
EHJM,53.4994,3.3689
EHJN,53.5414,3.4222
EHJO,53.5144,3.4175
EHJR,53.2172,3.2189
EHKA,53.8233,4.0497
EHKB,53.7525,3.9147
EHKC,53.7256,3.8044
EHKD,52.9234,4.7806
EHKE,53.6983,3.8689
EHKF,53.6986,3.7478
EHKG,53.675,3.8283
EHKH,53.6525,3.8728
EHKJ,53.7244,4.0975
EHKK,53.5508,3.7794
EHKL,53.52,3.9925
EHKM,53.4758,3.7872
EHKN,53.4583,3.9044
EHKO,53.4217,3.885
EHKP,53.3408,3.8936
EHKQ,53.3553,3.9822
EHKS,53.2756,3.8717
EHKT,53.2472,3.9861
EHKV,53.2686,3.6264
EHKW,53.2686,3.6264
EHKX,53.4228,3.9603
EHLE,52.4532,5.5146
EHLH,53.4567,4.2317
EHLI,53.4317,4.2356
EHLJ,53.4183,4.1836
EHLL,53.4033,4.2006
EHLM,53.4053,4.0225
EHLN,53.3931,4.2008
EHLO,53.3864,4.2594
EHLP,53.3131,4.2467
EHLQ,53.2833,4.2083
EHLS,53.7042,4.6022
EHLT,53.6606,4.5394
EHLU,53.64,4.5625
EHLW,53.2286,5.7606
EHLX,53.4722,4.4894
EHMA,53.4911,5.9413
EHMF,53.6958,4.6453
EHMG,53.6144,4.9603
EHMR,53.3294,4.8308
EHMZ,51.5122,3.7311
EHOW,53.2088,7.0331
EHPB,52.755,3.7561
EHPC,52.7003,3.7256
EHPD,52.7372,3.8036
EHPE,52.3561,3.5892
EHPF,52.5525,3.7408
EHPG,52.36,3.3419
EHPH,52.4058,3.7586
EHPJ,52.3058,3.685
EHPK,52.2903,3.8161
EHPL,52.2225,3.7394
EHPM,52.1717,3.8678
EHPN,52.1269,3.9378
EHQD,52.9203,4.0981
EHQE,52.9242,4.15
EHQF,52.8711,4.1417
EHQH,52.8256,4.2833
EHQI,52.7786,4.2667
EHQJ,52.7164,4.2997
EHQM,52.8722,4.1714
EHQN,52.6539,4.2619
EHQS,52.3194,4.0431
EHQT,52.1911,4.1364
EHQW,52.6797,3.8047
EHRD,51.9569,4.4372
EHRS,51.5825,2.8686
EHSA,51.9979,3.2748
EHSC,51.925,3.67
EHSE,51.5549,4.553
EHSF,51.7267,2.9661
EHST,52.9986,7.0228
EHTE,52.2428,6.05
EHTL,52.0572,5.9244
EHTP,51.9594,4.09
EHTS,53.3841,5.2781
EHTW,52.2758,6.8892
EHTX,53.115,4.8306
EHVK,51.6572,5.7078
EHVL,53.2969,5.0856
EHWO,51.4491,4.342
EHYP,52.4699,4.5934
EIAB,53.5914,-7.6429
EIAC,53.4241,-7.9476
EIAH,53.4428,-6.2618
EIBA,53.5056,-6.2378
EIBF,53.1615,-7.2674
EIBN,51.6772,-9.4871
EIBR,53.0706,-7.8975
EIBT,54.2228,-10.0308
EICA,53.2303,-9.4678
EICD,53.5427,-7.0612
EICK,51.8413,-8.4911
EICL,53.2497,-7.1227
EICN,52.6665,-8.6818
EIDL,55.0442,-8.341
EIDW,53.4287,-6.2621
EIER,52.8125,-8.2822
EIFR,54.4927,-8.2409
EIGN,53.1786,-6.6353
EIHH,53.6959,-6.6541
EIHN,52.855,-6.5472
EIIH,52.8922,-7.2628
EIIM,53.1067,-9.6536
EIIR,53.0647,-9.5109
EIKH,53.0636,-6.8553
EIKK,52.6508,-7.2961
EIKN,53.9104,-8.817
EIKY,52.1809,-9.5238
EILT,54.9513,-7.6728
EIME,53.3017,-6.4513
EIMH,53.6378,-6.8786
EIMN,53.093,-9.5681
EIMS,52.9305,-8.4245
EINC,53.0711,-6.0453
EINN,52.702,-8.9248
EIRT,52.1056,-8.9833
EISG,54.2802,-8.5992
EISP,52.8458,-9.4149
EISS,53.5614,-6.0928
EITM,53.5747,-6.7386
EIWF,52.1872,-7.087
EIWT,53.3516,-6.4904
EKAC,56.1526,10.2511
EKAE,54.8528,10.4564
EKAF,55.7905,3.9925
EKAH,56.3033,10.6183
EKAN,56.0958,4.2192
EKAO,54.8907,10.3986
EKAR,56.0803,4.2304
EKAT,56.6983,11.5557
EKBH,56.0111,9.016
EKBI,55.7403,9.157
EKCB,56.1344,10.0811
EKCC,55.6912,12.6001
EKCE,56.4021,4.7596
EKCH,55.6179,12.656
EKCR,56.1044,9.3925
EKDB,55.469,5.1331
EKDE,55.4806,5.1162
EKDF,55.4781,5.1055
EKEB,55.5259,8.5534
EKEL,55.7568,10.2487
EKFA,61.5437,-6.7744
EKFR,55.8986,12.245
EKFS,55.2478,10.2012
EKFU,56.8249,8.9872
EKGC,55.5798,4.7589
EKGH,55.9414,12.3822
EKGL,55.8856,12.2281
EKGO,55.552,11.197
EKGR,56.4425,10.9306
EKHA,55.5309,5.0042
EKHB,55.5386,5.0333
EKHD,56.3441,4.2719
EKHE,55.9847,12.2144
EKHG,56.1847,9.0444
EKHK,55.7339,11.6047
EKHL,55.4967,8.9108
EKHM,55.9082,9.4464
EKHN,55.6002,7.6238
EKHO,56.3969,8.4441
EKHR,55.5089,7.8749
EKHV,55.3018,9.5245
EKKA,56.2971,9.1043
EKKL,55.7,11.2501
EKKO,55.3371,11.2418
EKKS,55.2515,12.0627
EKKU,62.3171,-6.3133
EKKV,62.2176,-6.5763
EKLS,57.2772,11.0001
EKLV,56.503,8.3113
EKMB,54.6994,11.4382
EKMN,54.9654,12.1965
EKMS,62.1022,-7.6459
EKNI,56.6408,5.3211
EKNM,56.8244,8.7867
EKOD,55.4753,10.3272
EKPB,54.8703,9.279
EKRA,55.7776,9.9415
EKRB,55.0908,14.7081
EKRD,56.5066,10.0364
EKRF,55.6062,4.4913
EKRK,55.5856,12.1314
EKRN,55.0633,14.7596
EKRS,55.4258,11.8067
EKSA,57.3467,10.407
EKSB,54.9644,9.7917
EKSC,55.5316,4.9067
EKSD,56.1027,8.5142
EKSG,55.5439,10.6358
EKSI,56.4827,4.9111
EKSK,56.5573,8.9758
EKSL,55.4526,11.6435
EKSN,57.5035,10.2294
EKSO,62.2766,-6.3415
EKSP,55.221,9.267
EKSR,61.6853,-6.7583
EKSS,55.8891,10.6138
EKST,55.0166,10.5633
EKSV,56.5502,9.173
EKSY,61.7696,-6.8035
EKTB,62.0217,-6.7575
EKTD,54.9297,8.8406
EKTE,55.7215,4.8021
EKTH,56.9649,8.7058
EKTS,57.0688,8.7052
EKTW,55.7165,4.7503
EKVB,56.41,9.4093
EKVD,55.4363,9.3309
EKVG,62.0633,-7.2758
EKVH,56.8466,9.4606
EKVJ,55.9901,8.3539
EKYT,57.0948,9.8499
ELLX,49.6268,6.2121
ELNT,49.9811,5.9178
ELUS,49.7682,5.966
ENAE,61.2579,11.6698
ENAH,60.63,8.567
ENAL,62.5604,6.1108
ENAN,69.2952,16.1394
ENAR,58.4675,8.754
ENAS,78.9275,11.8743
ENAT,69.9761,23.3717
ENAX,62.4629,6.3124
ENBA,78.1011,14.2058
ENBE,59.1906,2.3581
ENBG,60.3799,5.346
ENBJ,74.5039,19.0
ENBL,61.3911,5.7569
ENBM,60.6381,6.4998
ENBN,65.4611,12.2175
ENBO,67.2692,14.3653
ENBR,60.2934,5.2181
ENBS,70.6003,29.6926
ENBV,70.8715,29.0341
ENCN,58.2042,8.0854
ENDB,62.0689,9.1211
ENDH,59.7478,10.1974
ENDI,60.4167,8.5128
ENDO,60.8333,9.9167
ENDP,58.1881,2.4711
ENDR,64.3556,7.7917
ENDU,69.0558,18.5404
ENEG,60.2147,10.3187
ENEL,60.877,11.5696
ENEN,67.9672,14.9925
ENEV,68.4913,16.6781
ENFA,63.7006,8.7606
ENFB,61.2064,1.8289
ENFD,61.4563,5.8904
ENFG,61.0156,9.2881
ENFJ,60.7657,4.733
ENFL,61.5836,5.0247
ENFY,59.2028,8.0876
ENGA,61.1756,2.1875
ENGC,61.2141,2.271
ENGK,58.5167,8.7
ENGM,60.1939,11.1004
ENGN,62.1175,10.1108
ENGS,64.1836,12.1715
ENHA,60.8181,11.068
ENHD,59.3453,5.2084
ENHE,65.3256,7.3158
ENHF,70.6797,23.6686
ENHK,70.4867,22.1397
ENHL,58.6842,5.5843
ENHM,59.5667,2.2333
ENHN,60.8764,11.6755
ENHO,76.5081,25.0143
ENHS,59.7599,9.9195
ENHT,65.5947,13.9892
ENHV,71.0097,25.9836
ENHX,59.4088,5.2795
ENJA,70.9441,-8.6521
ENJB,59.2992,10.3698
ENJS,58.8353,2.5456
ENKA,69.0403,23.034
ENKB,63.1118,7.8245
ENKJ,59.9691,11.0405
ENKL,60.7911,9.0487
ENKR,69.7258,29.8913
ENLA,57.1117,2.8467
ENLE,56.5333,3.2167
ENLH,61.1133,10.4722
ENLI,58.0995,6.6261
ENLK,68.1525,13.6094
ENLU,59.298,9.132
ENLX,59.9321,10.9869
ENMH,71.0297,27.8267
ENML,62.7447,7.2625
ENMS,65.784,13.2149
ENNA,70.0688,24.9735
ENNE,66.0333,8.0833
ENNH,64.47,11.504
ENNM,64.4722,11.5786
ENNO,59.5651,9.2132
ENOA,60.4914,2.8256
ENOC,60.6078,2.7744
ENOL,63.6989,9.604
ENOP,62.6513,9.8516
ENOV,62.18,6.0741
ENPY,78.6523,16.3372
ENQA,60.645,3.7247
ENQB,60.7739,3.5014
ENQC,60.8858,3.6097
ENQD,60.5419,3.0458
ENQE,60.7,2.9336
ENQG,61.2021,2.1988
ENQJ,61.3317,3.895
ENQK,61.0833,2.5
ENQL,60.4983,2.0733
ENQM,60.5075,2.0147
ENQO,60.3897,2.7956
ENQR,61.5167,2.2167
ENQS,61.2961,1.9008
ENQV,61.3697,2.4572
ENQW,61.04,2.3669
ENRA,66.3639,14.3014
ENRG,67.0983,15.4111
ENRH,59.9485,10.7161
ENRI,61.5454,10.0616
ENRK,59.3975,11.3469
ENRM,64.8383,11.1461
ENRO,62.5784,11.3423
ENRS,67.5265,12.1016
ENRT,63.3681,10.374
ENRV,60.6722,10.5675
ENRX,60.1491,10.2552
ENRY,59.3788,10.7854
ENSB,78.2461,15.4656
ENSD,61.83,6.1058
ENSE,61.4489,2.1425
ENSF,61.2552,1.8521
ENSG,61.1561,7.1378
ENSH,68.2433,14.6692
ENSI,59.707,10.8817
ENSK,68.5788,15.0334
ENSL,58.3667,1.9069
ENSN,59.185,9.5669
ENSO,59.7919,5.3408
ENSR,69.7868,20.9594
ENSS,70.3554,31.0449
ENST,65.9568,12.4689
ENSU,62.6569,8.6795
ENSX,58.9521,5.7309
ENTC,69.6833,18.9189
ENTE,59.1907,9.5933
ENTO,59.1867,10.2586
ENTR,63.4199,10.386
ENTS,61.2293,12.2664
ENTY,62.2569,10.6694
ENUA,64.994,6.5513
ENUB,65.1101,6.7894
ENUC,65.1311,6.864
ENUD,64.2707,7.2001
ENUE,64.2711,7.2014
ENUG,71.3,22.25
ENUH,59.9362,10.7365
ENUK,65.0641,6.7257
ENUL,60.1922,5.4225
ENUN,67.0408,7.055
ENUR,65.3433,7.3672
ENUS,65.6997,7.6508
ENVA,63.4578,10.924
ENVD,70.0653,29.8447
ENVE,59.0317,7.5549
ENVR,67.6546,12.7273
ENWA,59.5667,1.9917
ENWE,58.8425,2.2472
ENWG,58.845,1.7433
ENWI,58.9222,2.1978
ENWK,58.5714,1.6953
ENWR,58.5833,1.7328
ENWS,56.3736,3.2628
ENWV,56.2833,3.4
ENWY,57.4888,4.3212
ENXA,56.5203,3.2214
ENXB,56.4186,3.2169
ENXD,56.5625,3.0842
ENXH,56.1758,3.4586
ENXI,56.3239,3.3511
ENXJ,56.2269,3.4358
ENXK,56.5653,3.2047
ENXL,56.3761,3.2644
ENXM,56.3325,3.2469
ENXO,59.2667,2.45
ENXR,56.9833,2.9583
ENXT,56.6414,3.3256
ENXW,59.165,2.4867
ENXZ,58.4167,1.7167
ENZV,58.8767,5.6378
EPAR,49.6575,22.5143
EPBA,49.805,19.0019
EPBB,53.6679,21.2554
EPBC,52.2692,20.9072
EPBG,54.1975,18.0025
EPBH,53.2103,18.1017
EPBK,53.1014,23.1706
EPBY,53.0968,17.9777
EPCD,51.0821,23.437
EPCE,54.4165,17.7657
EPDA,54.4047,16.3531
EPDE,51.551,21.8923
EPDK,51.6126,23.0072
EPDS,50.7969,16.1145
EPEL,54.1408,19.4233
EPGD,54.3776,18.4662
EPGE,53.9824,22.4031
EPGI,53.5244,18.8492
EPGL,50.2687,18.6725
EPGM,54.0065,21.8182
EPGR,53.6081,20.3497
EPGS,51.8755,20.9377
EPGY,52.837,21.7776
EPHN,52.9088,23.5413
EPIN,52.8062,18.2831
EPIR,52.8294,18.3306
EPJA,54.7103,18.6453
EPJG,50.8989,15.7856
EPJL,50.0085,22.9189
EPJS,50.944,15.7665
EPKA,50.8967,20.7317
EPKB,52.3195,18.1643
EPKD,51.2553,20.4713
EPKE,54.0471,21.4261
EPKI,53.9829,20.8772
EPKK,50.0777,19.7848
EPKL,50.8993,20.128
EPKM,50.2382,19.0337
EPKN,50.5306,18.0793
EPKP,50.0864,20.2003
EPKR,49.6838,21.741
EPKS,52.3317,16.9664
EPKT,50.476,19.0807
EPKW,49.9416,19.0196
EPKX,50.0228,20.0703
EPLB,51.2402,22.7135
EPLK,51.5517,19.1791
EPLL,51.7219,19.3981
EPLR,51.2219,22.3947
EPLS,51.835,16.5219
EPLU,51.423,16.1962
EPLX,50.2868,5.7889
EPLY,52.0049,19.1438
EPMB,54.0266,19.1357
EPMI,53.3951,16.0828
EPML,50.3223,21.4621
EPMM,52.1955,21.6559
EPMO,52.4511,20.6518
EPMR,50.9578,16.7703
EPMX,52.6652,20.4284
EPMY,52.9412,15.0298
EPNA,53.4549,16.4895
EPNL,49.7453,20.6235
EPNM,51.6283,20.5412
EPNT,49.4628,20.0503
EPOD,53.7739,20.4135
EPOK,54.5797,18.5172
EPOM,51.7008,17.8466
EPOP,50.6333,17.7817
EPPC,50.5174,20.5168
EPPI,53.1701,16.7111
EPPK,52.4346,17.044
EPPL,52.5622,19.7203
EPPO,52.4216,16.8234
EPPR,54.248,18.6716
EPPT,51.3831,19.6883
EPPW,52.3801,17.8532
EPRA,51.3894,21.2147
EPRD,54.1344,21.5988
EPRG,50.0708,18.6283
EPRJ,50.1042,22.047
EPRP,51.4789,21.11
EPRS,52.2428,20.1266
EPRU,50.8847,19.2018
EPRZ,50.1098,22.0242
EPSC,53.5847,14.9022
EPSD,53.3907,14.6328
EPSJ,51.9511,21.3525
EPSK,54.41,17.0906
EPSN,53.7906,15.8263
EPSS,50.8172,16.5819
EPST,50.6264,21.999
EPSU,54.0728,22.8992
EPSW,51.2319,22.6903
EPSY,53.4819,20.9377
EPTM,51.5844,20.0978
EPTO,53.0292,18.5459
EPVA,52.4359,21.33
EPWA,52.1657,20.9671
EPWK,52.5847,19.0156
EPWR,51.1037,16.8821
EPWS,51.2061,16.9986
EPZA,50.7017,23.2044
EPZB,52.3621,16.6387
EPZG,52.1385,15.7986
EPZI,53.1885,18.9617
EPZK,51.3602,18.8221
EPZL,52.6355,20.0704
EPZP,51.9789,15.4639
EPZR,49.7711,19.2181
ESAN,58.319,12.2682
ESCF,58.3977,15.5224
ESCM,59.8973,17.5886
ESDF,56.2667,15.265
ESEB,57.7242,12.9643
ESED,62.4079,17.3023
ESEG,67.1366,20.6337
ESEK,67.8599,20.2072
ESEL,58.4016,15.6194
ESEM,55.7118,13.1988
ESES,65.6695,21.9354
ESET,60.1367,12.9974
ESEU,58.3573,11.9288
ESEV,57.6499,18.3009
ESEW,59.6157,16.582
ESEY,64.5854,18.681
ESFA,56.1344,13.8756
ESFR,58.4981,13.0532
ESFS,57.0649,16.8619
ESGA,58.1772,11.9735
ESGC,58.1345,13.6021
ESGD,58.1921,13.9982
ESGE,57.6959,12.845
ESGF,56.9686,12.388
ESGG,57.6628,12.2798
ESGH,58.0324,13.1086
ESGI,57.9489,12.5758
ESGJ,57.7576,14.0687
ESGK,58.1698,13.5878
ESGL,58.4655,13.1744
ESGM,57.4453,12.649
ESGN,58.5734,13.6112
ESGO,58.0393,12.7858
ESGP,57.7747,11.8704
ESGR,58.4564,13.9727
ESGS,59.0168,11.3413
ESGT,58.3181,12.345
ESGU,58.3665,11.7739
ESGV,57.1251,12.2292
ESGY,59.0845,12.9494
ESHB,57.721,12.0478
ESHC,59.3085,18.0548
ESHD,59.3911,18.0335
ESHG,59.3228,18.0666
ESHJ,57.7648,14.1945
ESHL,59.2198,17.9344
ESHM,57.8771,11.9682
ESIA,58.5138,14.5071
ESIB,58.4264,12.7144
ESKA,60.1328,18.1049
ESKC,59.9227,17.5368
ESKD,60.5561,14.3771
ESKG,60.287,17.4217
ESKH,60.1548,13.5286
ESKK,59.3459,14.4959
ESKM,60.9579,14.5114
ESKN,58.7897,16.9115
ESKO,59.7988,13.4907
ESKS,61.1651,12.8335
ESKT,60.3504,17.4187
ESKU,59.8602,13.1129
ESKV,59.6759,12.6394
ESMB,56.863,16.6561
ESMC,57.6706,14.943
ESME,55.8489,13.3299
ESMF,56.3879,13.4706
ESMG,56.9503,13.9217
ESMH,56.1848,12.5761
ESMI,55.5982,13.6747
ESMJ,55.9947,13.0509
ESMK,55.9217,14.0855
ESML,55.9461,12.87
ESMO,57.3505,16.498
ESMP,57.2642,13.5994
ESMQ,56.6855,16.2876
ESMS,55.5356,13.3763
ESMT,56.6911,12.8202
ESMU,56.5725,14.1689
ESMV,57.2922,14.1368
ESMX,56.9291,14.728
ESMY,57.1686,13.4402
ESMZ,57.3282,17.0505
ESNA,63.7383,15.4583
ESNB,63.1712,16.9852
ESNC,62.4106,13.7457
ESND,62.0478,14.4229
ESNE,66.5291,22.3563
ESNG,67.1324,20.8146
ESNJ,66.4962,20.1472
ESNK,63.0486,17.7689
ESNL,64.5483,18.7162
ESNM,63.1286,14.8028
ESNN,62.5281,17.4439
ESNO,63.4083,18.99
ESNP,65.3983,21.2608
ESNQ,67.822,20.3368
ESNR,61.19,14.7126
ESNS,64.6248,21.0769
ESNU,63.7918,20.2828
ESNV,64.5791,16.8336
ESNX,65.5903,19.2819
ESNY,61.2615,17.0991
ESNZ,63.1935,14.5042
ESOE,59.2237,15.038
ESOH,60.0201,13.5789
ESOK,59.4447,13.3374
ESOL,60.5866,16.5866
ESOW,59.5894,16.6336
ESPA,65.5438,22.122
ESPE,65.8753,20.1499
ESQO,59.3866,15.9241
ESQP,59.0702,18.117
ESSA,59.6485,17.9288
ESSB,59.3544,17.9417
ESSC,59.3839,16.4419
ESSD,60.422,15.5152
ESSE,59.3451,17.7405
ESSF,57.5258,15.8233
ESSG,60.0883,15.0964
ESSH,58.9787,14.6662
ESSI,58.0984,14.4026
ESSL,58.4049,15.6845
ESSM,59.6084,13.9123
ESSN,59.7326,18.6952
ESSP,58.5863,16.2506
ESST,60.1576,12.9913
ESSU,59.3511,16.7084
ESSV,57.6628,18.3462
ESSW,57.78,16.5236
ESSX,59.5758,16.5032
ESSZ,59.1011,17.2111
ESTA,56.2961,12.8471
ESTF,58.63,11.3145
ESTL,56.0828,13.2125
ESTT,55.3912,13.0221
ESUB,61.5134,16.3725
ESUD,64.9609,17.6966
ESUE,61.8697,12.6894
ESUG,65.304,17.9752
ESUH,62.6327,17.9826
ESUI,63.3918,18.3195
ESUJ,62.5653,15.8347
ESUK,67.7648,20.2572
ESUL,61.8174,16.0037
ESUM,61.2912,16.8463
ESUO,63.0374,14.0013
ESUP,67.2446,23.0749
ESUR,63.4903,16.4834
ESUS,64.1559,17.285
ESUT,65.8061,15.0828
ESUV,65.6454,21.0616
ESUY,61.3867,15.8332
ESVA,60.1815,16.1199
ESVB,57.8505,19.0342
ESVG,60.5517,15.0816
ESVH,59.8674,14.4239
ESVK,59.018,16.2218
ESVM,60.6588,13.7266
ESVQ,59.5281,15.9701
ESVS,60.7851,14.8272
ETAD,49.9765,6.6984
ETAR,49.4369,7.6003
ETEB,49.3082,10.6387
ETED,49.4479,7.8396
ETHA,47.8355,10.8712
ETHB,52.2785,9.0822
ETHC,52.5912,10.0221
ETHE,52.2912,7.387
ETHF,51.1146,9.286
ETHH,50.6965,7.0451
ETHL,48.2203,9.91
ETHM,50.366,7.3153
ETHN,49.3916,9.9567
ETHR,49.2175,11.1002
ETHS,52.9194,10.1858
ETIC,49.6987,11.9402
ETIH,49.2165,11.8361
ETIK,49.4739,10.3881
ETIN,49.7443,10.2073
ETIP,49.4031,7.5361
ETIY,49.4025,7.5586
ETJB,53.51,13.4357
ETMN,53.7677,8.6592
ETND,52.5856,8.3422
ETNG,50.9608,6.0424
ETNH,54.3122,9.5382
ETNL,53.9182,12.2783
ETNN,50.8312,6.6582
ETNS,54.4593,9.5163
ETNT,53.5478,7.6673
ETNW,52.4573,9.4272
ETOA,50.0498,10.1679
ETOI,49.6341,11.7675
ETOU,50.0498,8.3254
ETSB,50.1738,7.0633
ETSH,51.7678,13.1677
ETSI,48.7157,11.534
ETSL,48.1855,10.8612
ETSN,48.711,11.2115
ETWM,52.7232,7.3263
EVAD,57.0986,24.2667
EVAH,57.4855,24.6724
EVAP,56.666,23.7798
EVGA,56.7783,24.8539
EVHB,56.6079,23.4584
EVIA,56.7381,21.3598
EVJC,56.6063,23.4521
EVKA,56.5347,25.8925
EVLA,56.5175,21.0969
EVLU,56.5211,27.6941
EVPA,56.8157,24.5243
EVRA,56.9208,23.9707
EVRS,56.9911,24.075
EVSM,56.6641,24.9041
EVTA,56.9422,23.2239
EVTE,57.2544,22.5662
EVVA,57.3578,21.5442
EYAL,54.4125,24.0599
EYBI,56.1758,24.7603
EYDR,54.0158,23.9448
EYIG,55.2442,26.1722
EYJB,55.118,22.7649
EYKA,54.964,24.0858
EYKD,55.3117,23.9564
EYKL,55.712,21.2429
EYKS,54.8798,23.8815
EYKT,55.9218,21.5667
EYMA,56.2306,22.2594
EYMM,54.6643,23.4553
EYMO,55.1129,25.3365
EYNA,56.2422,22.7331
EYND,55.3278,21.0458
EYNE,55.8614,21.079
EYPA,55.9732,21.0939
EYPH,54.4868,24.9973
EYPI,55.8281,24.357
EYPN,55.7095,24.3452
EYPP,55.7294,24.4608
EYPR,54.6522,24.0587
EYRD,54.4957,24.718
EYRK,55.9719,25.6042
EYRO,55.6108,24.2208
EYSA,55.8939,23.395
EYSB,56.0706,23.5581
EYSE,55.7459,23.8045
EYSI,55.3363,21.5268
EYTL,55.9873,22.293
EYUT,55.489,25.7179
EYVI,54.6341,25.2858
EYVK,54.6683,25.5158
EYVP,54.4797,24.9898
EYZA,55.752,26.262
FAAB,-28.575,16.5333
FAAE,-32.4664,24.064
FAAF,-34.7633,20.0364
FAAG,-29.2818,18.8139
FAAL,-22.679,29.0555
FAAM,-26.6338,30.6056
FAAN,-30.6811,26.7301
FAAS,-33.838,20.0498
FABA,-25.9763,28.389
FABB,-26.2386,28.3018
FABD,-30.9809,26.3073
FABE,-32.8971,27.2791
FABF,-30.9709,27.6101
FABG,-24.7025,31.5879
FABH,-25.6587,30.0416
FABK,-32.035,19.0435
FABL,-29.0927,26.3024
FABM,-28.2484,28.3361
FABO,-27.3668,26.6292
FABP,-27.1297,22.8463
FABR,-25.7171,30.975
FABS,-25.5323,27.7759
FABT,-31.8732,24.7969
FABU,-28.2734,26.1358
FABV,-30.4678,20.4694
FABW,-32.3,22.67
FABX,-28.245,26.7719
FABZ,-30.8603,29.8639
FACA,-28.8,27.417
FACB,-30.7339,25.065
FACC,-24.7405,31.518
FACD,-32.1567,25.6456
FACE,-33.3166,19.4267
FACF,-34.1869,24.835
FACG,-34.2595,19.4162
FACH,-32.7447,25.7963
FACI,-32.6197,19.0038
FACK,-27.8772,25.2044
FACL,-26.0781,30.0925
FACN,-30.9886,22.1317
FACR,-26.3667,27.3467
FACT,-33.974,18.6043
FACV,-31.5003,19.7259
FACW,-32.177,18.8819
FACX,-32.2871,27.1388
FACY,-34.3518,21.4248
FADA,-30.6922,24.0206
FADB,-24.8072,26.8297
FADC,-29.0746,23.8009
FADD,-28.1831,30.2225
FADE,-26.1417,28.6917
FADG,-31.3833,27.0333
FADH,-28.0461,30.0064
FADK,-28.3684,32.2481
FADL,-26.6792,25.4747
FADM,-30.5565,29.4082
FADO,-23.3806,29.3208
FADP,-33.1832,25.1932
FADQ,-27.8494,32.3097
FADS,-33.4556,19.6845
FADU,-25.3628,30.1878
FADV,-26.359,28.7897
FADX,-33.6495,18.4719
FADY,-30.6365,23.9197
FADZ,-29.75,29.25
FAEC,-29.0472,29.9106
FAED,-29.75,25.9
FAEG,-24.567,30.317
FAEL,-33.0356,27.8259
FAEM,-28.72,31.89
FAEN,-24.1933,28.735
FAEO,-26.4956,29.9798
FAER,-23.7267,27.6883
FAES,-28.8802,31.4549
FAET,-31.3069,27.8495
FAFB,-28.8231,27.9089
FAFF,-27.2868,28.5146
FAFG,-30.491,21.1217
FAFO,-32.7905,26.5777
FAFR,-31.9339,21.5025
FAFU,-27.317,27.25
FAFW,-25.4772,28.29
FAGA,-30.267,29.967
FAGC,-25.9863,28.1401
FAGG,-34.0056,22.3789
FAGH,-28.8333,29.4667
FAGI,-23.2833,30.65
FAGJ,-30.3833,20.0333
FAGL,-25.1869,29.4033
FAGM,-26.2425,28.1512
FAGO,-24.7372,31.5603
FAGR,-32.1936,24.5414
FAGT,-33.2847,26.4981
FAGV,-23.9113,30.6962
FAGW,-31.3939,29.6935
FAGY,-29.122,30.5867
FAHA,-28.0787,26.8612
FAHB,-24.5024,28.0791
FAHC,-29.5528,30.2111
FAHD,-34.0366,24.7889
FAHE,-25.9778,29.6189
FAHF,-33.0461,25.7169
FAHG,-26.51,28.39
FAHH,-30.5839,30.5586
FAHI,-30.0133,20.1392
FAHJ,-30.5745,29.9057
FAHK,-25.5872,28.1158
FAHL,-28.0166,32.2752
FAHO,-27.2786,27.9956
FAHP,-27.8217,25.9169
FAHR,-28.2351,29.1062
FAHT,-24.3619,31.0529
FAHU,-30.5425,29.499
FAHV,-30.5621,25.5293
FAIA,-27.4867,31.1711
FAID,-32.1,28.3167
FAIS,-29.1056,31.4075
FAIV,-27.1171,32.0087
FAIW,-31.4833,27.35
FAJC,-24.5087,31.1421
FAJF,-29.7625,25.433
FAJP,-33.8307,23.8279
FAJV,-32.9391,24.6707
FAKB,-27.0183,32.7504
FAKD,-26.8711,26.718
FAKE,-32.6973,28.3563
FAKF,-31.9573,29.1745
FAKG,-26.0933,29.4556
FAKH,-29.3294,21.1918
FAKI,-32.4338,28.6835
FAKK,-28.8086,20.6449
FAKL,-26.2511,29.1947
FAKM,-28.8054,24.7649
FAKN,-25.3833,31.1053
FAKO,-32.5928,27.8758
FAKP,-25.4403,31.93
FAKR,-26.0808,27.7259
FAKS,-27.6606,27.3158
FAKT,-25.86,28.45
FAKU,-27.4566,23.4119
FAKV,-29.4394,24.9886
FAKW,-33.9667,24.3
FAKX,-33.6703,26.6306
FAKZ,-29.6884,17.094
FALA,-25.939,27.9266
FALB,-29.1811,27.4536
FALC,-28.3601,23.4391
FALD,-24.7478,31.4743
FALE,-29.6144,31.1197
FALF,-30.9064,19.4253
FALH,-28.0368,23.0987
FALI,-26.1757,26.1846
FALL,-25.1033,30.4142
FALM,-23.1599,29.6965
FALO,-23.0619,29.8647
FALQ,-28.9861,29.4797
FALR,-33.337,24.3214
FALS,-33.2462,18.48
FALW,-32.9689,18.1603
FALY,-28.5817,29.7497
FAMA,-30.3222,28.7942
FAMB,-25.6848,29.4402
FAMC,-31.5472,25.0294
FAMD,-24.8169,31.5441
FAMF,-29.0109,23.8495
FAMG,-30.8574,30.343
FAMH,-22.3557,29.9862
FAMI,-24.9891,29.2831
FAMJ,-27.0793,29.7785
FAML,-25.8167,25.7167
FAMM,-25.7984,25.548
FAMN,-25.4736,31.5659
FAMO,-34.1587,22.0557
FAMP,-22.3747,30.8816
FAMQ,-31.0722,28.3761
FAMS,-25.7045,26.909
FAMT,-31.3896,26.3484
FAMU,-27.6261,32.0443
FAMX,-27.4814,32.5939
FAMY,-33.4861,18.7103
FAMZ,-26.05,31.017
FANA,-27.914,31.6562
FANC,-27.7706,29.9769
FANG,-24.389,31.326
FANH,-29.356,30.5184
FANL,-25.9785,28.9844
FANS,-25.5,30.9138
FANV,-31.3911,19.1059
FANX,-33.3475,18.6968
FANY,-24.6861,28.4349
FAOB,-34.5635,20.2524
FAOD,-27.871,26.6934
FAOF,-27.9617,22.7166
FAOH,-33.607,22.189
FAOI,-26.0394,27.5956
FAOL,-24.733,31.4
FAON,-28.0449,32.4254
FAOR,-26.1401,28.2468
FAOT,-26.7983,26.0003
FAOY,-26.9839,26.6514
FAPA,-33.5551,26.8817
FAPC,-33.2025,22.0322
FAPD,-29.1417,19.4131
FAPE,-33.9897,25.6174
FAPF,-26.9969,30.8408
FAPG,-34.0882,23.3287
FAPH,-23.9372,31.1554
FAPI,-23.9261,29.4844
FAPJ,-31.6061,29.5218
FAPK,-29.6836,22.7706
FAPL,-27.3622,31.6067
FAPM,-29.649,30.3987
FAPN,-25.3338,27.1734
FAPO,-24.7851,30.7919
FAPP,-23.8453,29.4586
FAPQ,-22.77,31.0108
FAPS,-26.671,27.0819
FAPT,-28.3386,23.0797
FAPU,-33.7108,19.0244
FAPV,-30.0818,24.6796
FAPW,-26.6061,29.3292
FAPX,-34.1013,24.8844
FAPY,-26.8893,27.5034
FAPZ,-33.9264,25.3719
FAQF,-25.8477,23.5373
FAQT,-31.9202,26.8822
FARA,-26.0846,28.3904
FARB,-28.741,32.0921
FARD,-34.1117,21.2628
FARG,-25.6443,27.2711
FARI,-27.5472,24.1725
FARM,-31.4235,23.9782
FARO,-24.7778,27.7523
FARS,-33.8122,19.9028
FARZ,-22.7842,28.4303
FASB,-29.6893,17.9396
FASC,-26.5241,29.1701
FASD,-32.9641,17.9693
FASE,-24.9474,31.4488
FASG,-27.1631,25.2861
FASH,-33.981,18.8223
FASI,-26.2494,28.3983
FASJ,-26.76,27.76
FASK,-25.8097,28.1646
FASL,-32.4882,20.6971
FASM,-29.325,30.1492
FASN,-28.3122,27.6461
FASS,-27.6486,22.9993
FAST,-32.7502,25.595
FASU,-25.9569,29.2117
FASW,-25.8156,25.8864
FASX,-34.0482,20.4746
FASZ,-24.9609,31.5886
FATA,-26.352,27.9682
FATB,-24.4161,31.1642
FATF,-28.26,22.9932
FATG,-24.2811,27.2294
FATH,-23.0769,30.3836
FATI,-24.5761,27.4197
FATM,-32.5667,27.45
FATN,-29.3178,26.8228
FATR,-32.6397,28.423
FATT,-26.7751,29.3375
FATW,-27.205,22.4819
FATZ,-23.8244,30.3293
FAUB,-29.7884,29.4983
FAUC,-28.3545,24.2291
FAUG,-31.22,28.21
FAUH,-33.7853,25.3833
FAUL,-28.3206,31.4165
FAUP,-28.4002,21.2636
FAUR,-27.6805,30.3168
FAUS,-24.7854,31.3549
FAUT,-31.5464,28.6734
FAVA,-30.1342,18.5267
FAVB,-26.9824,24.7288
FAVD,-27.4403,29.1531
FAVE,-26.3009,26.8142
FAVF,-31.1658,23.8094
FAVG,-29.7706,31.0584
FAVI,-27.6106,26.6835
FAVM,-22.4481,29.3377
FAVP,-26.6903,27.7771
FAVR,-31.641,18.5448
FAVS,-27.8346,21.6304
FAVU,-27.3769,29.86
FAVV,-26.5664,27.9608
FAVW,-31.3994,23.1564
FAVY,-27.7869,30.7964
FAWA,-24.91,28.3
FAWB,-25.6539,28.2242
FAWC,-33.6631,19.4153
FAWD,-27.17,25.98
FAWE,-24.2046,27.9
FAWI,-25.8323,29.192
FAWK,-25.83,28.2225
FAWL,-31.3836,20.9328
FAWM,-27.9968,26.6633
FAWN,-33.77,18.74
FAWO,-33.2633,23.4906
FAWR,-32.5899,28.5185
FAWS,-27.8467,26.3506
FAWT,-24.6601,30.1804
FAWV,-25.3197,30.9708
FAYP,-33.9002,18.4983
FAZP,-32.4722,28.6505
FAZQ,-26.8931,27.69
FAZR,-25.599,26.0423
FBAB,-19.4159,22.5526
FBBP,-18.7704,25.2458
FBBS,-26.8881,20.6921
FBCH,-18.5344,23.6601
FBCM,-19.541,22.591
FBCO,-19.1311,23.1025
FBDT,-19.5337,23.0938
FBDV,-20.9866,23.6576
FBFT,-21.1592,27.4688
FBGD,-18.6165,22.9159
FBGH,-25.4329,25.4092
FBGM,-19.338,22.1544
FBGP,-22.6523,24.7536
FBGS,-21.7255,22.3627
FBGU,-18.954,22.3671
FBGW,-20.1987,25.2187
FBGY,-21.4044,27.6949
FBGZ,-21.6925,21.6581
FBHU,-19.2765,22.4756
FBHV,-20.9524,23.6692
FBJA,-19.3163,22.5951
FBJC,-20.4563,25.1507
FBJW,-24.6023,24.691
FBKA,-24.3306,20.6357
FBKD,-18.2091,23.3872
FBKE,-17.8317,25.1662
FBKG,-23.678,22.8178
FBKI,-19.6159,23.0423
FBKK,-19.5688,22.8756
FBKP,-18.442,23.6887
FBKR,-19.1495,23.7879
FBKW,-18.361,23.5305
FBKY,-25.05,25.3167
FBLL,-22.5515,28.4921
FBMG,-23.1846,27.501
FBMN,-19.9705,23.4314
FBMU,-22.2681,20.0311
FBNB,-19.4902,22.7892
FBNN,-19.6802,22.1996
FBNT,-20.2161,26.1589
FBNW,-19.529,23.1394
FBNX,-18.5992,22.0696
FBOD,-21.4578,21.8057
FBOK,-23.083,21.883
FBOM,-19.0175,22.703
FBOR,-21.2659,25.3197
FBPA,-18.5312,25.6516
FBPY,-22.5641,27.1367
FBSI,-18.1357,24.067
FBSK,-24.5552,25.9182
FBSL,-18.5792,23.4838
FBSN,-20.5534,26.1158
FBSP,-22.0583,27.8288
FBSV,-18.5185,24.0777
FBSW,-18.3739,21.8326
FBTH,-18.7804,21.7416
FBTL,-22.1919,29.1312
FBTN,-19.5085,25.0781
FBTP,-24.2211,25.3473
FBTS,-26.0345,22.4013
FBVM,-18.9554,22.8145
FBXA,-19.8777,21.0753
FBXB,-19.5505,23.0548
FBXG,-19.05,23.09
FBXI,-19.3855,22.7376
FBXR,-18.7068,23.0937
FCBA,-4.083,14.233
FCBB,-4.2517,15.253
FCBD,-2.5169,14.7544
FCBK,-3.7498,14.4903
FCBL,-2.45,14.533
FCBM,-4.0149,13.9661
FCBP,-4.367,14.15
FCBS,-3.6866,13.374
FCBT,-4.283,13.867
FCBU,-4.267,13.533
FCBY,-4.2231,13.2863
FCBZ,-2.8467,13.8212
FCMA,-2.45,11.65
FCMB,-2.717,12.533
FCMD,-2.867,12.867
FCMF,-3.0,12.0
FCMG,-3.033,12.133
FCMI,-2.717,11.883
FCMK,-3.317,12.617
FCML,-2.9,12.367
FCMM,-2.95,12.7
FCMN,-2.983,12.2
FCMO,-2.65,12.883
FCMR,-2.9,12.633
FCMS,-2.867,11.95
FCMY,-2.217,12.833
FCMZ,-3.167,12.867
FCOB,-1.031,15.336
FCOD,-1.2267,15.91
FCOE,-0.883,14.8
FCOG,-1.8294,15.8852
FCOI,1.59,18.0466
FCOK,-0.0713,14.5066
FCOM,-0.0208,15.5777
FCOO,-0.5246,15.9378
FCOS,1.9983,14.1742
FCOT,3.0576,18.5144
FCOU,1.616,16.0379
FCPA,-3.483,12.617
FCPB,-3.683,13.2
FCPE,-3.433,12.933
FCPG,-3.483,12.3
FCPI,-3.7,12.133
FCPK,-3.94,11.3089
FCPL,-4.2063,12.6599
FCPN,-4.1441,11.3835
FCPO,-2.867,12.533
FCPP,-4.816,11.8866
FCPY,-4.0485,11.5216
FDBM,-26.867,31.933
FDBS,-26.8361,31.92
FDBT,-26.7352,31.7759
FDGL,-27.3201,31.8898
FDKB,-26.8815,31.4889
FDMH,-26.0242,31.81
FDMS,-26.5289,31.3076
FDNG,-25.7981,31.4125
FDNH,-27.1195,31.2121
FDNS,-26.9872,31.9372
FDSK,-26.3586,31.7169
FDSM,-26.2,31.9333
FDST,-26.472,31.9426
FDTM,-26.1064,31.9195
FDTS,-25.9833,31.2
FDUB,-26.7708,31.9364
FEFA,5.0222,21.1986
FEFB,5.4039,26.4872
FEFC,4.937,15.894
FEFD,4.95,18.7
FEFE,4.3746,21.1319
FEFF,4.3985,18.5188
FEFG,4.785,22.781
FEFI,10.2364,22.7169
FEFK,4.6,21.867
FEFM,5.847,20.6499
FEFN,8.4272,20.6352
FEFO,5.958,15.637
FEFP,7.25,16.433
FEFQ,6.983,19.183
FEFR,6.5278,21.9894
FEFS,6.492,17.429
FEFT,4.2216,15.7864
FEFU,5.733,19.083
FEFW,8.0106,22.3986
FEFY,6.52,23.26
FEFZ,5.0022,25.1019
FEGB,5.433,27.217
FEGC,6.917,15.617
FEGD,6.3,19.083
FEGE,5.333,25.9319
FEGF,7.3141,18.3088
FEGG,4.133,15.15
FEGI,5.683,20.05
FEGL,9.5811,21.7282
FEGM,5.694,22.801
FEGO,8.9,22.783
FEGR,4.9886,23.9278
FEGU,6.517,18.267
FEGZ,6.3442,16.3219
FGAB,-1.4086,5.6242
FGBT,1.9055,9.8057
FGMY,1.6764,11.0249
FGSL,3.7553,8.7087
FHAW,-7.9702,-14.3927
FHSH,-15.9589,-5.6461
FIMP,-20.4302,57.6836
FIMR,-19.7567,63.3593
FJDG,-7.3133,72.4111
FKAB,6.775,11.807
FKAF,4.767,11.217
FKAG,3.967,13.2
FKAO,5.5042,14.0983
FKBJ,4.4353,11.9259
FKKB,2.8739,9.9778
FKKC,4.0892,9.3605
FKKD,4.0061,9.7195
FKKE,3.6421,10.7909
FKKF,5.7042,9.3064
FKKG,5.8953,10.0339
FKKH,10.0925,14.4456
FKKI,4.475,14.3625
FKKJ,10.3561,15.2372
FKKL,10.4514,14.2574
FKKM,5.6369,10.7508
FKKN,7.357,13.5592
FKKO,4.5486,13.7261
FKKR,9.3348,13.3721
FKKS,5.45,10.067
FKKT,6.483,12.633
FKKU,5.5369,10.3546
FKKV,6.0392,10.1226
FKKW,2.876,11.185
FKKY,3.836,11.5235
FKYS,3.7226,11.5533
FLAA,-13.7046,29.5106
FLAB,-13.0679,31.7633
FLAI,-13.7557,29.3381
FLAT,-14.1187,32.061
FLBA,-8.8592,31.3364
FLBW,-12.4289,31.9774
FLCC,-8.4318,29.8051
FLCF,-11.885,32.5686
FLCG,-15.4964,28.1723
FLCP,-13.5583,32.5872
FLCS,-10.5825,32.0797
FLCU,-15.054,25.9857
FLEA,-11.6357,29.7359
FLEB,-11.1083,30.3596
FLEC,-14.1167,30.1292
FLED,-14.833,30.083
FLEF,-11.1358,30.0154
FLEG,-12.4173,29.4833
FLEH,-12.1503,29.4376
FLFW,-13.9751,29.6259
FLGE,-13.4735,25.8578
FLIK,-10.162,32.6598
FLJK,-15.6334,29.6036
FLKB,-9.7981,29.0917
FLKE,-12.5728,27.8939
FLKG,-13.4741,25.0141
FLKL,-14.9988,22.6484
FLKO,-14.8,24.783
FLKS,-10.2102,31.123
FLKU,-16.5,22.417
FLKW,-14.4506,28.3792
FLKY,-8.525,30.663
FLKZ,-12.8479,32.0358
FLLA,-13.1431,28.4265
FLLC,-15.4138,28.3307
FLLD,-12.286,33.186
FLLG,-10.2453,29.914
FLLI,-17.8215,25.8196
FLLK,-14.3759,23.2486
FLLO,-16.983,26.483
FLLS,-15.3308,28.4527
FLMA,-11.137,28.8726
FLMB,-17.3674,27.1852
FLMF,-13.2589,31.9366
FLMG,-15.2545,23.1623
FLMK,-13.6217,29.3849
FLML,-12.5652,28.2943
FLMO,-16.2881,27.5054
FLMP,-11.8994,31.4347
FLMU,-16.7766,25.1858
FLMW,-11.654,24.431
FLMZ,-15.8613,27.8283
FLNA,-15.9658,25.9333
FLND,-12.9972,28.6639
FLNL,-15.765,26.4319
FLNY,-14.5686,30.8341
FLOT,-14.9454,28.1157
FLPA,-13.44,25.786
FLPE,-14.2167,31.2256
FLPK,-9.3697,30.128
FLPO,-13.576,24.23
FLRO,-9.5268,31.2375
FLRU,-15.083,29.633
FLRZ,-15.7248,29.3035
FLSE,-13.198,30.2398
FLSH,-11.2009,31.7482
FLSJ,-11.2327,24.3164
FLSK,-12.9651,28.5156
FLSN,-16.113,23.2982
FLSO,-12.9005,28.1499
FLSS,-17.4763,24.3061
FLSW,-12.1737,26.3651
FLWA,-12.8549,27.0722
FLWB,-13.7664,27.5173
FLWC,-13.3535,26.6
FLWD,-13.6454,25.4219
FLWE,-13.9642,24.4606
FLWF,-12.2184,27.489
FLWG,-11.9127,25.6844
FLWW,-12.4504,32.257
FLYA,-11.3653,29.5481
FLZB,-13.536,23.1056
FMBI,-18.1958,49.3485
FMCH,-11.5337,43.2719
FMCI,-12.2981,43.7665
FMCV,-12.131,44.43
FMCZ,-12.8093,45.2818
FMEE,-20.8901,55.5189
FMEP,-21.3194,55.4225
FMFE,-18.9175,48.2182
FMMA,-19.029,47.1718
FMMC,-20.3554,45.5434
FMME,-19.8392,47.0637
FMMG,-18.7013,44.6149
FMMH,-19.833,48.8
FMMI,-18.7969,47.4788
FMMJ,-17.4645,48.3267
FMMK,-18.805,45.2735
FMML,-19.6867,44.5419
FMMN,-19.5628,45.4508
FMMO,-18.05,44.033
FMMP,-17.6546,48.2144
FMMQ,-19.583,48.803
FMMR,-17.8501,44.9205
FMMS,-17.0939,49.8158
FMMT,-18.1135,49.3923
FMMU,-17.4761,43.9728
FMMV,-20.2847,44.3176
FMMX,-18.7597,46.0541
FMMY,-19.3833,48.95
FMMZ,-17.7954,48.4426
FMNA,-12.3494,49.2917
FMNB,-14.5443,48.6914
FMNC,-16.1639,49.7738
FMND,-14.6517,49.6206
FMNE,-13.1884,48.988
FMNF,-15.2,48.483
FMNG,-15.5843,47.6236
FMNH,-14.9994,50.3202
FMNL,-14.6295,47.7636
FMNM,-15.6668,46.3512
FMNN,-13.3121,48.3148
FMNO,-16.1017,45.3588
FMNP,-16.0719,47.643
FMNQ,-16.7445,44.4825
FMNR,-15.4377,49.6891
FMNS,-14.2786,50.1747
FMNT,-16.7511,47.619
FMNV,-13.3758,50.0028
FMNW,-14.8988,47.9939
FMNX,-15.846,48.8347
FMNZ,-13.4848,48.6327
FMSA,-21.8149,46.914
FMSB,-21.607,45.136
FMSC,-21.0463,44.9404
FMSD,-25.0381,46.9561
FMSE,-23.2743,46.125
FMSF,-21.4416,47.1117
FMSG,-22.8053,47.8206
FMSI,-22.4047,46.1649
FMSJ,-21.4261,44.3165
FMSK,-22.1197,48.0217
FMSL,-24.2357,45.3045
FMSM,-21.2018,48.3583
FMSN,-21.7,43.733
FMSR,-21.7538,43.3748
FMST,-23.3834,43.7285
FMSU,-23.3508,47.5817
FMSV,-23.733,44.389
FMSY,-24.6997,44.7342
FMSZ,-22.2964,44.5315
FMZJ,-17.054,42.7193
FNAM,-7.8622,13.1161
FNBC,-6.2699,14.247
FNBG,-12.609,13.4037
FNBJ,-9.0507,13.4991
FNBL,-14.1051,21.4508
FNCA,-5.5984,12.1881
FNCB,-8.1198,14.499
FNCC,-10.1103,19.2873
FNCF,-8.7836,17.9897
FNCH,-7.3589,20.8047
FNCM,-8.1778,15.3832
FNCP,-9.7694,15.4553
FNCT,-12.4792,13.4869
FNCU,-9.9763,14.9179
FNCV,-15.1603,19.1561
FNCX,-8.3731,18.9236
FNCZ,-11.8931,22.9162
FNDB,-6.9,15.133
FNDU,-7.4009,20.8185
FNGI,-17.0435,15.6838
FNHU,-12.8089,15.7605
FNKU,-12.4046,16.9474
FNLB,-12.3712,13.5366
FNLK,-8.4423,20.7327
FNLU,-8.8584,13.2312
FNLZ,-9.116,18.0493
FNMA,-9.5251,16.3124
FNME,-14.6576,17.7198
FNMO,-15.2612,12.1468
FNMQ,-6.0303,15.1369
FNNG,-7.7545,15.2877
FNPA,-10.722,13.7655
FNPB,-7.289,15.9302
FNSA,-9.6891,20.4319
FNSO,-6.1411,12.3718
FNSU,-11.1679,13.8475
FNTE,-15.2164,16.0549
FNTO,-7.1464,14.2486
FNUA,-10.7158,22.2311
FNUB,-14.9248,13.5767
FNUE,-11.7681,19.8977
FNUG,-7.6031,15.0278
FNWK,-11.4264,15.1014
FNXA,-16.7554,14.9653
FNZE,-7.2593,12.8624
FNZG,-7.7169,21.3582
FOGA,-1.1397,13.9036
FOGB,-0.1075,11.9438
FOGE,-2.4,11.367
FOGF,-1.2783,10.6125
FOGG,-1.8931,11.9125
FOGI,-2.4552,10.9358
FOGJ,-0.183,10.75
FOGK,-1.1846,12.4413
FOGM,-1.8451,11.0567
FOGO,1.5431,11.5814
FOGQ,-0.6652,13.6731
FOGR,-0.7044,10.2457
FOGV,2.1524,12.108
FOGW,-0.545,9.444
FOOB,2.0756,11.4932
FOOD,-1.5266,13.2513
FOOE,0.9767,13.9685
FOOG,-0.7117,8.7544
FOOH,-1.5747,9.2627
FOOI,-1.9308,9.3196
FOOK,0.5792,12.8909
FOOL,0.459,9.4121
FOOM,0.783,11.55
FOON,-1.6562,13.438
FOOR,-0.8267,12.7486
FOOS,-2.5373,9.7639
FOOT,-2.8885,10.9554
FOOY,-3.4584,10.6765
FPPR,1.6612,7.4111
FPST,0.3782,6.7122
FQAG,-16.1819,39.9452
FQBI,-25.266,33.2386
FQBR,-19.7964,34.9076
FQCB,-14.815,36.53
FQCH,-19.1513,33.429
FQES,-15.734,32.7563
FQFU,-14.9182,33.6282
FQIA,-25.9971,32.9294
FQIB,-12.3502,40.6023
FQIN,-23.8764,35.4085
FQLC,-13.274,35.2663
FQLU,-15.0331,40.6717
FQMA,-25.9208,32.5726
FQMD,-11.6729,39.5631
FQMP,-11.3618,40.3549
FQMR,-13.2251,37.5521
FQNC,-14.4882,40.7122
FQNP,-15.1056,39.2818
FQPB,-12.9933,40.5249
FQPO,-26.8269,32.8384
FQQL,-17.8555,36.8691
FQSG,-15.6027,32.7732
FQTT,-16.1048,33.6402
FQUG,-14.7046,34.3524
FQVL,-22.0184,35.3133
FQXA,-24.8929,33.753
FSAL,-7.0048,52.7262
FSAS,-9.7422,46.5068
FSDA,-5.4174,53.2955
FSDR,-5.6967,53.6558
FSFA,-10.1096,51.1761
FSIA,-4.6743,55.5218
FSMA,-6.1774,53.1454
FSPL,-5.8636,55.3845
FSPP,-4.3193,55.6916
FSSA,-10.0614,47.7498
FSSB,-3.7237,55.2061
FSSC,-7.1346,56.2782
FSSD,-3.8021,55.6674
FSSF,-4.5828,55.9449
FSSR,-5.1172,53.3122
FTFY,18.5279,20.1886
FTTA,9.1444,18.3744
FTTB,10.2883,15.3796
FTTC,13.847,20.8443
FTTD,8.6285,16.0742
FTTE,14.5519,20.8418
FTTF,17.1913,21.5035
FTTG,12.2109,21.4585
FTTH,9.3979,16.3125
FTTI,13.2398,18.3159
FTTJ,12.1337,15.034
FTTK,12.3855,17.071
FTTL,13.4436,14.7393
FTTM,12.1705,18.6756
FTTN,11.034,20.274
FTTP,9.3781,14.925
FTTR,20.4481,16.5719
FTTS,10.483,16.717
FTTU,14.1456,15.3144
FTTY,17.9171,19.1111
FTTZ,21.4484,17.0533
FVAB,-18.1951,32.6753
FVAE,-16.667,31.233
FVBB,-22.1976,30.0128
FVBI,-17.6475,27.3169
FVBL,-21.917,31.467
FVBM,-16.8165,28.3448
FVBO,-18.217,30.133
FVBU,-20.0163,28.6229
FVCC,-17.433,30.3
FVCD,-15.9981,28.8991
FVCE,-17.517,30.85
FVCH,-20.2067,32.6283
FVCM,-18.3,29.9794
FVCN,-16.7341,31.122
FVCP,-17.7516,30.9247
FVCR,-17.683,27.9
FVCV,-19.033,30.9
FVCZ,-21.0081,31.5786
FVDA,-17.0049,30.8961
FVDE,-18.0932,26.714
FVDU,-18.283,31.483
FVED,-18.767,29.783
FVFA,-18.0974,25.8369
FVFG,-16.7045,28.6601
FVFI,-20.5358,29.2562
FVGB,-16.9583,30.3588
FVGD,-20.9,29.0
FVGG,-16.7481,28.9303
FVGO,-18.2387,28.9662
FVGR,-18.9775,32.4508
FVGT,-19.983,30.5
FVGW,-19.5494,29.7354
FVHA,-17.9318,31.0928
FVHP,-18.2,31.733
FVHY,-21.05,31.667
FVIP,-16.9071,30.8003
FVIT,-18.3,29.883
FVKB,-16.5198,28.885
FVKK,-18.9328,29.8414
FVKW,-20.8,31.817
FVKZ,-20.917,28.483
FVLA,-17.933,30.95
FVLG,-17.0,29.633
FVLK,-19.1233,27.2014
FVLS,-21.0611,31.8898
FVLU,-18.083,27.867
FVMA,-18.183,31.467
FVMB,-16.167,30.567
FVMC,-18.7248,26.9565
FVMD,-16.7692,31.5598
FVMF,-18.7448,27.5468
FVMH,-21.231,32.3336
FVMI,-18.317,30.5867
FVMK,-17.717,30.417
FVML,-17.9604,27.1184
FVMN,-15.7687,29.3856
FVMS,-20.217,32.367
FVMT,-17.4319,32.1845
FVMU,-18.9975,32.6272
FVMV,-20.0553,30.8591
FVMW,-17.65,31.8
FVNY,-19.733,32.433
FVOT,-16.9848,32.6727
FVRA,-20.2345,32.7975
FVRB,-21.1286,29.8719
FVRE,-16.967,29.567
FVRF,-16.3132,28.8982
FVRI,-16.8554,28.427
FVRT,-21.233,30.733
FVSC,-17.6027,28.2643
FVSE,-17.9738,29.2266
FVSH,-20.2895,30.0882
FVSN,-21.333,28.517
FVSX,-18.167,28.85
FVSY,-16.633,30.65
FVTA,-16.8241,28.4432
FVTB,-16.9112,28.4261
FVTD,-19.9417,31.4259
FVTE,-17.117,29.617
FVTL,-19.4367,29.8619
FVTS,-19.7655,27.7665
FVTU,-21.9349,29.1963
FVWD,-18.617,31.583
FVWN,-18.6299,27.021
FVWT,-18.363,26.5198
FVYB,-16.9467,30.4009
FVYT,-19.7,28.85
FVZC,-19.029,29.7219
FVZK,-20.3355,31.4518
FWBG,-16.5784,35.1161
FWCB,-10.4391,34.2461
FWCD,-10.5573,33.7971
FWCL,-15.6772,34.9723
FWCM,-14.3065,35.1315
FWCS,-13.3758,33.8645
FWCT,-9.7,33.267
FWDW,-12.5175,34.1319
FWKA,-9.9536,33.8933
FWKG,-13.0146,33.4686
FWKI,-13.7894,33.781
FWLE,-13.966,33.7018
FWLK,-12.0798,34.7363
FWLP,-13.05,33.15
FWMC,-13.807,32.8948
FWMY,-14.0836,34.9197
FWMZ,-11.883,33.617
FWNB,-16.4983,34.8642
FWSJ,-16.9211,35.2527
FWSM,-13.7559,34.5842
FWSU,-16.2693,34.8772
FWTK,-14.217,34.533
FWUU,-11.4447,34.0118
FWZA,-15.3863,35.3836
FXBB,-29.425,28.667
FXKA,-29.3637,28.5273
FXKB,-29.3803,28.4907
FXKY,-29.8845,28.3614
FXLK,-29.8908,28.6556
FXLR,-28.8556,28.0528
FXLS,-29.7556,28.3571
FXLT,-29.0093,28.8547
FXMA,-29.8406,28.7767
FXMF,-29.8011,27.2436
FXMH,-30.1445,27.4708
FXMK,-29.2818,29.0728
FXML,-29.3334,29.1919
FXMM,-29.4563,27.5545
FXMN,-29.5451,28.2706
FXMP,-29.5864,28.6656
FXMS,-29.678,28.8051
FXMT,-29.783,28.767
FXMU,-29.3028,27.5029
FXMV,-29.8147,28.8082
FXNH,-30.067,27.867
FXNK,-30.0217,28.1969
FXPG,-29.0881,28.4972
FXQG,-30.4075,27.6933
FXQN,-30.1117,28.6719
FXSE,-29.9158,29.0388
FXSH,-29.7311,28.7679
FXSK,-30.0389,28.3703
FXSM,-29.8386,28.06
FXSS,-29.2676,28.5523
FXST,-29.617,28.783
FXTA,-29.5228,28.6158
FXTB,-30.0514,28.4597
FXTK,-29.233,28.883
FYAA,-27.995,17.5966
FYAB,-26.7761,19.6331
FYAD,-25.3552,16.1051
FYAH,-21.2962,15.3965
FYAI,-21.818,15.6206
FYAK,-28.4587,17.4645
FYAM,-23.6558,19.3517
FYAR,-22.4619,14.9793
FYAS,-26.6681,16.2931
FYAT,-23.0095,17.6864
FYAV,-28.1272,19.8379
FYBC,-26.5448,17.1816
FYBE,-24.6186,15.9977
FYBI,-26.3919,19.6872
FYBJ,-23.875,17.9911
FYBM,-19.9923,17.1277
FYBO,-23.5499,18.3233
FYBR,-25.9823,17.8393
FYBY,-19.6079,15.4304
FYCC,-21.7624,13.9912
FYCV,-21.7331,18.5213
FYDC,-20.4317,14.1271
FYDN,-20.451,14.2873
FYEA,-19.803,13.9282
FYEF,-17.0293,13.2103
FYEG,-21.6678,15.6711
FYEK,-21.7867,19.1061
FYEM,-22.8927,15.7014
FYEN,-17.483,16.322
FYEP,-19.4296,15.6769
FYER,-19.2964,14.5619
FYET,-22.1794,15.7559
FYGB,-22.5044,18.9731
FYGC,-24.8564,18.8178
FYGF,-19.6022,18.1227
FYGK,-24.63,15.9392
FYGL,-21.3261,16.0894
FYGO,-23.5443,15.0449
FYGT,-20.0279,15.0665
FYGV,-23.4589,17.4978
FYHH,-25.8636,16.8164
FYHI,-19.0285,16.4585
FYHN,-22.1034,14.3025
FYHO,-19.3864,13.1327
FYHS,-27.6244,17.6933
FYHV,-17.3771,12.2547
FYIA,-24.0883,17.9517
FYKA,-21.8478,15.9028
FYKB,-28.0297,18.7385
FYKD,-20.9014,16.2078
FYKE,-25.6511,19.8781
FYKJ,-19.5206,14.8233
FYKM,-17.6343,24.1767
FYKN,-20.867,16.6394
FYKR,-20.0625,16.7256
FYKT,-26.5398,18.1114
FYKU,-20.65,13.8601
FYKY,-25.122,16.2657
FYKZ,-23.2295,18.3867
FYLO,-21.7278,16.1958
FYLR,-18.979,17.8613
FYLS,-18.1165,23.3935
FYLW,-25.0002,18.5329
FYLZ,-26.6874,15.2429
FYMB,-24.6172,14.6972
FYME,-21.0233,16.4528
FYMG,-22.0106,17.37
FYMH,-24.7705,16.9778
FYMI,-21.8704,14.0791
FYMK,-17.2708,11.7629
FYML,-24.6054,17.9254
FYMM,-21.5428,16.7987
FYMO,-18.8128,17.0594
FYMW,-19.389,12.7438
FYNA,-18.8064,16.9272
FYNG,-19.3285,15.915
FYOA,-17.8782,15.9526
FYOE,-18.0303,22.1897
FYOG,-28.5853,16.4464
FYOH,-17.8811,15.0762
FYOJ,-20.0753,16.1247
FYOM,-21.415,15.9381
FYON,-22.0139,16.8975
FYOO,-19.1492,15.9119
FYOP,-18.056,13.8521
FYOS,-17.797,15.6993
FYOU,-18.6094,17.1497
FYOW,-20.433,16.6608
FYPO,-23.65,17.73
FYRC,-17.4206,14.3717
FYRR,-20.5365,14.4283
FYRU,-17.9565,19.7194
FYSA,-27.8764,16.6478
FYSF,-19.1018,13.6479
FYSL,-24.8033,15.8911
FYSM,-22.6619,14.5681
FYSN,-22.1078,16.9797
FYSO,-23.9008,16.0047
FYSP,-24.3522,18.4333
FYSS,-24.5128,15.7467
FYST,-23.9678,18.5489
FYTE,-19.9721,13.0255
FYTF,-20.5442,14.3588
FYTK,-19.585,20.4528
FYTM,-19.2621,17.7325
FYUS,-21.23,14.8669
FYVF,-23.4333,18.2696
FYWB,-22.9793,14.6471
FYWD,-25.1169,16.0006
FYWE,-22.6049,17.079
FYWH,-22.4799,17.4709
FYWI,-22.4053,18.4592
FYWL,-20.3304,17.5355
FYWN,-20.4869,17.3139
FYXX,-27.6597,17.8378
FYZR,-24.5249,16.297
FZAA,-4.3857,15.4446
FZAB,-4.3267,15.3275
FZAD,-4.7909,14.9057
FZAE,-4.217,15.567
FZAF,-5.6,15.317
FZAG,-5.9306,12.3513
FZAH,-4.983,12.933
FZAJ,-5.854,13.064
FZAL,-4.9439,14.1233
FZAM,-5.7996,13.4404
FZAN,-5.5307,13.5788
FZAP,-5.4979,14.5288
FZAR,-5.421,14.8169
FZAS,-5.167,15.0
FZAU,-5.7697,12.251
FZAW,-5.5,14.7
FZAX,-4.85,13.767
FZAY,-5.6279,13.4237
FZBA,-1.9472,18.2858
FZBB,-3.4076,20.0841
FZBD,-3.423,19.4197
FZBE,-3.6,17.783
FZBF,-3.1091,18.7863
FZBI,-2.7175,17.6857
FZBJ,-3.0072,16.9259
FZBK,-3.0667,18.6417
FZBL,-2.9702,17.105
FZBN,-2.4646,16.4803
FZBO,-3.3113,17.3817
FZBP,-2.4907,20.0061
FZBQ,-3.3793,19.5963
FZBS,-3.2376,18.134
FZBT,-1.4998,18.9285
FZBU,-2.5381,18.2447
FZBV,-2.7295,18.1069
FZBW,-1.8611,17.961
FZCA,-5.0358,18.7856
FZCB,-4.9706,19.5787
FZCD,-4.4,18.467
FZCF,-7.341,18.9892
FZCG,-7.6994,17.3423
FZCI,-5.459,20.4622
FZCK,-7.6477,18.4962
FZCL,-4.2,17.833
FZCO,-5.292,16.7749
FZCP,-5.7395,16.5875
FZCR,-4.1674,18.6989
FZCT,-4.133,17.3
FZCU,-3.333,17.467
FZCV,-4.783,17.85
FZCW,-4.267,17.267
FZCX,-4.6,17.583
FZCY,-4.083,19.433
FZDA,-5.533,14.85
FZDB,-5.617,17.6
FZDD,-6.4735,17.3373
FZDE,-6.3342,18.2141
FZDF,-6.8326,17.6959
FZDG,-5.9659,20.4359
FZDH,-4.417,17.167
FZDJ,-6.7638,21.1593
FZDK,-5.033,17.65
FZDL,-4.45,17.417
FZDM,-4.8,17.583
FZDN,-6.9178,16.9194
FZDO,-5.533,17.617
FZDP,-5.7,19.767
FZDQ,-7.283,17.033
FZDR,-1.2474,22.0078
FZDS,-4.45,17.783
FZDT,-6.1518,17.6025
FZDU,-5.833,15.0
FZDY,-3.883,17.35
FZEA,0.0226,18.2887
FZEI,-0.3095,18.9455
FZEM,-4.683,18.217
FZEN,1.2248,19.7881
FZEO,1.017,20.6
FZEP,1.317,20.7
FZER,1.283,20.333
FZFA,3.6266,18.6385
FZFC,2.1166,22.6473
FZFD,4.2527,20.9753
FZFE,3.6958,22.1501
FZFH,2.117,23.283
FZFJ,4.1768,19.8006
FZFK,3.2354,19.7713
FZFP,4.157,21.6667
FZFQ,4.1061,19.2307
FZFR,1.65,23.15
FZFS,3.3616,20.299
FZFT,2.9782,19.3511
FZFU,2.1833,22.4796
FZFW,2.4734,20.0914
FZGA,2.1707,21.4969
FZGC,1.85,23.117
FZGE,2.3669,20.513
FZGF,-0.5898,22.2998
FZGI,2.2725,22.8475
FZGN,-0.2867,20.8836
FZGT,-0.317,19.067
FZGV,-1.0481,23.3725
FZGX,-1.7227,20.6896
FZIA,0.5175,25.155
FZIC,0.4816,25.338
FZIK,0.333,25.5
FZIR,0.783,24.467
FZIZ,1.1311,23.6023
FZJB,3.233,29.567
FZJC,3.5975,28.5767
FZJD,4.7172,27.6911
FZJF,3.8596,30.2537
FZJH,2.8276,27.5883
FZJI,2.9946,29.5478
FZJK,3.7149,29.7126
FZJN,-8.2084,24.7028
FZJR,2.7312,30.5333
FZKA,1.5657,30.2207
FZKB,3.6552,26.0833
FZKC,2.2932,31.0262
FZKF,1.817,30.233
FZKI,2.033,24.8
FZKJ,2.8181,24.794
FZKN,2.7304,23.7935
FZKO,4.029,25.8628
FZMA,-2.309,28.8088
FZMB,0.1171,29.313
FZMC,-2.9756,27.8689
FZMD,-2.5741,27.9901
FZMK,-2.667,28.8
FZMP,-4.383,28.35
FZMW,-2.683,27.333
FZNA,-1.6668,29.238
FZNB,-1.3047,29.3739
FZNC,-1.167,29.417
FZNF,-0.1395,29.2417
FZNI,-0.7415,29.6245
FZNK,-0.8,29.367
FZNP,0.575,29.4739
FZNQ,-1.3357,27.7285
FZNR,-0.7967,29.2897
FZOA,-2.9192,25.9154
FZOB,-0.7625,26.6097
FZOC,-2.55,26.6167
FZOD,-2.578,26.734
FZOE,-3.5936,26.703
FZOF,-2.9,27.3
FZOG,-2.3166,27.5262
FZOH,-2.467,26.8
FZOJ,-0.85,26.333
FZOK,-4.524,26.6002
FZOO,-2.633,26.1
FZOP,-1.3907,26.3481
FZOQ,-1.4831,26.4402
FZOR,-1.533,26.533
FZOS,-1.6384,27.0843
FZOT,-2.933,27.533
FZPB,-3.0456,28.168
FZPC,-3.3569,27.8709
FZQA,-11.5915,27.5308
FZQC,-8.4008,28.9263
FZQD,-10.75,26.633
FZQF,-10.5303,26.3259
FZQG,-10.3552,28.6172
FZQH,-10.55,27.85
FZQJ,-10.7566,27.2155
FZQM,-10.7659,25.5057
FZQN,-10.5626,24.4168
FZQP,-10.667,23.1742
FZQU,-9.933,26.0
FZQV,-8.645,27.345
FZRA,-7.2889,27.3944
FZRB,-7.0849,29.7371
FZRC,-7.5492,28.6731
FZRE,-7.7778,27.2159
FZRF,-5.8756,29.25
FZRJ,-7.7172,29.8097
FZRK,-7.3236,29.1767
FZRL,-8.933,27.183
FZRM,-6.083,26.917
FZRN,-5.9511,28.0356
FZRO,-7.9278,28.5273
FZRQ,-5.3939,26.9899
FZSA,-8.642,25.2529
FZSB,-8.7289,24.9914
FZSC,-8.1129,25.0369
FZSD,-9.7155,22.9293
FZSE,-9.3604,24.6837
FZSI,-10.7578,22.3427
FZSJ,-10.372,23.4258
FZSK,-8.3712,22.6475
FZTK,-7.5993,24.1586
FZTL,-9.4692,25.7593
FZTS,-7.6985,24.0494
FZUA,-5.9001,22.4692
FZUG,-7.19,22.3925
FZUH,-7.2352,22.6088
FZUI,-6.8419,22.0085
FZUK,-6.4383,20.7947
FZUL,-4.617,21.6
FZUM,-5.7,23.717
FZUN,-5.35,21.333
FZUO,-5.5,21.433
FZUP,-7.0036,21.2442
FZUS,-5.977,22.4578
FZUV,-6.467,20.8
FZVA,-3.4627,23.6152
FZVC,-3.4193,22.5165
FZVD,-3.6092,24.5691
FZVE,-2.2904,23.3542
FZVG,-3.4571,24.4236
FZVH,-4.35,21.283
FZVI,-4.9617,23.3783
FZVJ,-4.0393,24.3656
FZVK,-4.333,22.083
FZVM,-4.855,21.5418
FZVN,-4.1224,24.5114
FZVO,-4.0726,22.8411
FZVP,-4.0395,24.4705
FZVR,-4.3158,20.4149
FZVS,-4.3299,20.5901
FZVT,-3.5061,21.4091
FZVU,-3.917,21.583
FZWA,-6.1212,23.569
FZWB,-6.2534,23.946
FZWE,-6.9807,23.4347
FZWF,-6.1364,25.1593
FZWI,-7.2222,23.7587
FZWL,-5.7606,23.0558
FZWS,-5.3893,25.7432
FZWT,-6.1208,24.5462
GAAO,15.7006,0.4941
GABD,14.3369,-3.6098
GABF,13.8069,-10.8478
GABG,11.4419,-7.5069
GABR,17.0262,-0.4063
GABS,12.5335,-7.9499
GADA,12.5119,-6.8013
GADZ,15.0036,-2.9192
GAFD,13.1506,-8.3335
GAGM,16.3584,-3.6045
GAGO,16.2485,-0.0054
GAKA,12.839,-11.2534
GAKL,18.433,1.417
GAKN,13.524,-8.046
GAKY,14.4825,-11.3993
GAMB,14.5128,-4.0796
GAMK,15.9291,2.347
GANF,15.924,-4.0077
GANK,15.2291,-7.262
GANR,15.2381,-9.5761
GASD,13.8755,-11.6678
GASK,11.3286,-5.6847
GASO,11.5984,-5.7989
GASY,10.7885,-6.0598
GATB,16.7305,-3.0076
GATS,20.243,0.9773
GAYE,15.1237,-10.5712
GBYD,13.338,-16.6522
GCAD,28.1242,-16.7429
GCDC,28.4487,-16.2846
GCFV,28.4527,-13.8638
GCGM,28.0296,-17.2146
GCGO,28.0972,-17.1024
GCHG,28.0828,-15.4174
GCHI,27.8148,-17.8871
GCHU,28.4561,-16.2919
GCLA,28.6265,-17.7556
GCLB,27.7825,-15.5072
GCLG,28.3774,-16.6493
GCLP,27.9319,-15.3866
GCMP,27.7656,-15.6353
GCPU,28.7788,-17.9957
GCRR,28.9455,-13.6052
GCTS,28.0445,-16.5725
GCXM,28.4838,-16.3513
GCXO,28.4828,-16.3417
GECE,35.8927,-5.3063
GECT,35.889,-5.3464
GEML,35.2798,-2.9563
GFBO,7.9444,-11.761
GFGK,7.8125,-12.3778
GFHA,8.3943,-13.1289
GFKB,9.6383,-11.5156
GFKE,7.8964,-11.1741
GFLL,8.6164,-13.1955
GFTO,8.217,-11.067
GFYE,8.6105,-11.0454
GGBE,11.3468,-15.1057
GGBF,12.1764,-14.6578
GGBO,11.5955,-15.4985
GGBU,11.2974,-15.8381
GGCC,11.1208,-15.0147
GGCF,11.2879,-15.1805
GGGB,12.292,-14.236
GGOV,11.8943,-15.6536
GLBU,5.9055,-10.0583
GLCP,4.3788,-7.6966
GLGE,5.0321,-9.0642
GLLB,5.8569,-10.0215
GLMR,6.2891,-10.7587
GLNA,7.4945,-8.5845
GLRB,6.2338,-10.3623
GLST,4.6818,-8.4347
GLTN,6.0457,-8.1387
GLVA,8.3235,-9.7692
GMAA,30.3814,-9.5463
GMAD,30.3225,-9.412
GMAT,28.4476,-11.1617
GMAZ,30.2658,-5.8608
GMFA,34.7934,-5.636
GMFB,32.5143,-1.9831
GMFF,33.9273,-4.978
GMFI,33.5053,-5.1529
GMFK,31.9475,-4.3983
GMFM,33.8791,-5.5151
GMFO,34.7896,-1.926
GMFZ,34.2319,-3.947
GMMA,26.732,-11.6837
GMMB,33.6554,-7.2214
GMMD,32.4019,-6.3159
GMME,34.0515,-6.7515
GMMH,23.7183,-15.932
GMMI,31.3975,-9.6817
GMML,27.1425,-13.2249
GMMN,33.3675,-7.59
GMMO,30.5035,-8.8215
GMMT,33.5975,-7.465
GMMW,34.9888,-3.0282
GMMX,31.6048,-8.0358
GMMY,34.2989,-6.5959
GMMZ,30.9391,-6.9094
GMSL,34.2306,-6.0501
GMTA,35.1771,-3.8395
GMTN,35.5943,-5.32
GMTT,35.7317,-5.9215
GOBD,14.6709,-17.0728
GODK,12.8986,-14.9683
GOGG,12.5556,-16.2833
GOGS,12.3953,-16.748
GOOG,15.4021,-15.0806
GOOK,14.1469,-16.0513
GOOY,14.7423,-17.4792
GOSM,15.5936,-13.3228
GOSP,16.6782,-14.965
GOSR,16.4378,-15.6564
GOSS,16.0498,-16.461
GOTB,14.8473,-12.4683
GOTK,12.5723,-12.2203
GOTS,13.0468,-13.2954
GOTT,13.7368,-13.6531
GQNA,16.7113,-9.6379
GQNB,17.5283,-14.7141
GQNC,18.4339,-9.4864
GQND,18.5701,-11.4235
GQNE,16.6333,-14.2
GQNF,16.59,-11.4062
GQNH,16.2337,-8.1635
GQNI,16.622,-7.3166
GQNJ,19.728,-14.3772
GQNK,16.1595,-13.5076
GQNL,17.75,-12.5
GQNM,16.3,-8.05
GQNO,18.31,-15.9697
GQNS,15.1797,-12.2073
GQNT,17.2316,-10.7792
GQPA,20.5058,-13.0437
GQPF,22.6736,-12.7293
GQPP,20.9324,-17.0302
GQPT,25.1835,-11.609
GQPZ,22.7573,-12.4822
GUBE,8.6972,-8.7139
GUCY,9.5769,-13.612
GUFA,10.3506,-13.5692
GUFH,10.0355,-10.7698
GUGO,9.2428,-9.3
GUKR,10.6575,-14.5323
GUKU,9.1606,-10.1244
GULB,11.3375,-12.2909
GUMA,8.4815,-9.526
GUNZ,7.8104,-8.7021
GUOK,10.9658,-14.2811
GUSA,11.1146,-13.8158
GUSB,12.5753,-13.3633
GUSI,11.3998,-9.1884
GVAC,16.7414,-22.9494
GVBA,16.1365,-22.8889
GVMA,15.1559,-23.2137
GVMT,15.045,-24.3392
GVNP,14.9411,-23.4847
GVSF,14.885,-24.48
GVSN,16.5889,-24.2841
GVSV,16.8334,-25.0553
GXUD,10.4484,-9.2288
HAAB,8.9779,38.7993
HAAD,7.023,39.2732
HAAL,9.0037,38.7255
HAAM,6.0394,37.5905
HAAX,14.1468,38.7728
HABC,5.7833,36.55
HABD,11.6081,37.3216
HABE,9.3864,34.5219
HADC,11.1098,39.7259
HADD,8.554,34.858
HADM,10.3215,37.7419
HADO,7.0206,39.0511
HADR,9.6235,41.855
HADT,11.8848,38.0092
HAFN,9.5844,37.3779
HAGB,7.119,40.0452
HAGH,7.15,40.717
HAGM,8.1288,34.5631
HAGN,12.5199,37.434
HAGO,5.9351,43.5786
HAGR,8.1614,35.5529
HAHM,8.7163,39.0059
HAHU,13.8301,36.8824
HAJJ,9.3319,42.9118
HAJK,5.7497,36.5602
HAJM,7.6661,36.8166
HAKD,6.7326,44.2413
HAKL,5.657,44.35
HALA,7.1006,38.3965
HALL,11.9752,38.9802
HAMA,10.7254,38.7415
HAMJ,5.833,35.533
HAMK,13.4674,39.5335
HAMM,12.933,36.167
HAMN,9.767,35.1
HAMR,5.8646,35.7485
HAMT,6.9571,35.5547
HANG,5.2897,39.7023
HANJ,9.55,35.467
HANK,9.0343,36.6132
HAPW,11.3126,36.4164
HASD,6.8028,37.6862
HASH,7.7417,40.6956
HASK,5.6923,38.9764
HASL,6.0775,44.7637
HASM,11.7875,40.9915
HASO,10.0185,34.5863
HATP,7.2024,35.415
HAWR,6.9724,45.3334
HBBA,-3.324,29.3185
HBBE,-3.4172,29.9113
HBBK,-4.0342,30.1318
HBBO,-2.5448,30.0946
HCDM,5.472,46.3598
HCMA,11.9582,50.748
HCMB,3.1019,43.6271
HCMC,11.4956,49.9098
HCMD,2.3302,42.3118
HCME,8.104,49.82
HCMF,11.2752,49.1392
HCMG,9.546,49.1191
HCMH,9.5141,44.0835
HCMI,10.385,44.9367
HCMJ,3.8124,42.5459
HCMK,-0.3774,42.4592
HCMM,2.0144,45.3047
HCMN,4.767,45.2388
HCMO,5.358,48.5153
HCMR,6.7808,47.4547
HCMS,10.3139,50.2056
HCMU,10.6421,47.388
HCMV,9.5275,45.5549
HCMW,8.4585,48.5681
HDAG,12.1889,42.6375
HDAM,11.5473,43.1595
HDAS,11.1469,42.72
HDCH,11.5168,43.0614
HDDK,11.098,42.3506
HDHE,12.4449,43.2926
HDMO,11.7297,43.2096
HDOB,11.967,43.267
HDTJ,11.787,42.9174
HEAL,30.9243,28.4616
HEAR,31.0553,33.828
HEAT,27.046,31.0128
HEAZ,30.0917,31.3597
HEBA,30.9325,29.6964
HEBL,22.3759,31.6117
HEBS,29.2022,31.0135
HECA,30.1115,31.3967
HECP,30.0647,31.84
HECW,30.1164,30.9155
HEDK,25.4112,29.0033
HEGN,27.1768,33.7967
HEGO,27.3656,33.6685
HEGR,31.0781,34.1531
HEGS,30.8198,30.1912
HEIS,30.598,32.2357
HEKG,25.4715,30.5885
HELX,25.671,32.7064
HEMA,25.5555,34.5924
HEMM,31.3243,27.2223
HEOC,29.8127,30.8235
HEOW,22.5843,28.7216
HEPS,31.2793,32.2406
HESC,28.6843,34.0644
HESG,26.3425,31.743
HESH,27.9773,34.3947
HESN,23.9611,32.8204
HESW,29.3462,25.5056
HESX,30.1082,30.8957
HETB,29.5945,34.7758
HETR,28.209,33.6455
HHAG,15.5363,37.8655
HHAK,14.8271,39.3652
HHAL,17.3354,38.5193
HHAS,15.2919,38.9107
HHBA,15.1224,37.6143
HHBL,13.2635,42.3752
HHGU,15.0268,39.0398
HHKT,16.2776,37.3604
HHMF,14.8885,40.3169
HHMG,16.411,39.1824
HHMS,15.67,39.3701
HHNF,16.6732,38.5055
HHSB,13.0718,42.645
HHTS,15.1043,36.6817
HJJJ,4.872,31.6011
HJKJ,8.2796,27.9558
HJKR,5.714,34.5272
HKAM,-2.6448,37.2529
HKBR,-1.0977,39.9492
HKEL,0.4045,35.2389
HKEM,-0.5748,37.497
HKES,3.2364,35.9749
HKEW,2.8142,40.8554
HKFG,3.4916,35.8368
HKGA,-0.4635,39.6483
HKGT,0.5207,38.5161
HKHB,-0.5873,34.4765
HKHO,-1.5213,40.0036
HKIS,0.3382,37.5917
HKJK,-1.3189,36.9282
HKKB,-0.6358,37.8772
HKKE,-1.5863,35.2575
HKKG,0.2714,34.7881
HKKI,-0.0861,34.7289
HKKL,-2.9068,38.0717
HKKR,-0.3899,35.2421
HKKS,-0.6725,34.691
HKKT,0.972,34.9586
HKKU,-1.3728,37.9781
HKLG,4.3193,35.6879
HKLK,4.2041,34.3482
HKLO,3.122,35.6087
HKLU,-2.2524,40.9129
HKLY,2.7636,36.7183
HKMA,3.9338,41.8441
HKMB,2.3443,38.0
HKMI,0.9491,36.7573
HKMK,0.1651,38.1951
HKML,-3.2293,40.1017
HKMM,-1.116,34.4858
HKMO,-4.0348,39.5942
HKMS,-1.4046,35.0083
HKMU,-2.2905,37.8246
HKMY,3.4697,39.1014
HKNI,-0.3644,36.9785
HKNK,-0.2984,36.1592
HKNL,-0.0624,37.0413
HKNO,-1.13,35.7891
HKNW,-1.3217,36.8148
HKNY,0.029,37.0252
HKRE,-1.2773,36.8623
HKRL,0.2649,36.5324
HKSB,0.5341,37.532
HKTW,-2.7296,37.4287
HKUK,-4.2933,39.5711
HKVO,-3.3684,38.5323
HKWE,0.5984,34.7302
HKWJ,1.7332,40.0916
HLAM,29.4795,21.1224
HLBD,28.5033,19.0028
HLBS,29.9124,23.2873
HLFE,26.0425,12.0478
HLFL,28.7954,22.0809
HLGD,31.0586,16.5971
HLGL,28.6385,21.438
HLGT,25.1456,10.1426
HLHB,29.7329,19.6946
HLKF,24.1787,23.314
HLLB,32.0968,20.2695
HLLM,32.8918,13.2879
HLLQ,32.789,21.9549
HLLS,26.9925,14.4662
HLMB,30.3781,19.5764
HLMS,32.325,15.061
HLNF,30.5,18.5272
HLNR,29.2132,21.5924
HLON,29.1101,15.9656
HLRA,29.4712,17.9294
HLRF,31.2075,16.423
HLRG,29.0994,19.0422
HLSA,27.6624,22.5086
HLSB,28.2225,18.1094
HLSH,29.5424,20.1711
HLTD,30.1455,9.7021
HLTQ,31.861,23.907
HLUB,26.5675,12.8231
HLWA,28.3224,19.93
HLWF,28.903,10.0817
HLZA,28.5875,17.2987
HLZG,29.0063,20.7861
HLZN,31.7749,12.2501
HLZU,30.8702,20.0755
HLZW,32.9523,12.0155
HRYG,-1.6772,29.2589
HRYI,-2.5958,29.7367
HRYN,-2.3362,30.2067
HRYO,-1.55,30.383
HRYR,-1.9686,30.1395
HRYU,-1.4969,29.6313
HRZA,-2.4622,28.9079
HSAK,7.7779,33.0027
HSAT,17.7099,34.0572
HSAW,8.7914,27.3602
HSBR,6.1919,31.6004
HSBT,9.3085,29.7873
HSCG,18.7514,36.9917
HSDB,18.0146,30.9595
HSDN,19.1537,30.4301
HSDZ,11.7859,34.3367
HSFA,10.5292,32.5006
HSFS,13.6149,25.3246
HSGG,12.533,35.067
HSGN,13.4819,22.4671
HSGO,18.867,28.117
HSHG,9.9949,29.3977
HSHI,56.0293,14.1719
HSKA,15.3875,36.3288
HSKG,14.925,35.878
HSKJ,3.8575,31.6565
HSKN,13.0534,32.9073
HSKP,4.7808,33.5863
HSLI,11.138,29.7011
HSMD,4.9029,29.4433
HSMK,6.8311,29.6691
HSMN,18.4433,31.8433
HSMR,18.455,31.8185
HSNH,12.7355,28.4108
HSNM,3.5977,32.0903
HSNN,12.0535,24.9562
HSNW,15.3556,35.7278
HSOB,13.1532,30.2327
HSPA,7.1786,34.0974
HSPI,6.7986,33.1259
HSPN,19.4346,37.2341
HSRJ,8.4611,25.6811
HSRN,11.6448,32.8105
HSSG,13.4774,22.5372
HSSK,15.5895,32.5532
HSSM,9.5587,31.6519
HSSP,19.5765,37.2159
HSSW,21.8027,31.5216
HSTO,7.2663,28.6624
HSTR,4.4168,32.5757
HSTU,5.6021,27.4732
HSWW,7.7258,27.975
HSYA,4.5671,28.4241
HSYE,4.129,30.7318
HSYL,6.5616,30.5099
HSZA,12.9437,23.5631
HTAG,-6.9573,39.5056
HTAR,-3.3678,36.6333
HTBB,-7.7482,38.0018
HTBS,-11.3317,37.0678
HTBU,-1.332,31.8212
HTCH,-8.5583,33.4364
HTDA,-6.8735,39.2073
HTDO,-6.1706,35.756
HTEN,-3.1942,35.2632
HTGE,-2.7423,31.7068
HTGR,-2.1608,34.2256
HTGW,-8.9199,33.274
HTIR,-7.6686,35.7521
HTIY,-6.7192,32.0627
HTKA,-4.8862,29.6709
HTKB,-3.526,30.6504
HTKD,-4.8941,35.7691
HTKI,-8.9112,39.5086
HTKJ,-3.427,37.0735
HTKL,-4.3126,34.3465
HTKO,-6.15,36.417
HTKS,-6.8646,37.0085
HTKT,-5.8314,34.9664
HTLD,-2.0697,35.5457
HTLI,-9.851,39.7591
HTLL,-11.1164,34.6522
HTLM,-3.3763,35.8183
HTMA,-7.9175,39.6685
HTMB,-8.9194,33.4639
HTMD,-3.5213,33.6155
HTMF,-8.732,35.3026
HTMG,-6.7972,37.6531
HTMI,-10.733,38.767
HTMK,-7.3334,37.1164
HTML,-6.0129,29.7669
HTMO,-4.8991,38.2403
HTMP,-6.3554,31.0841
HTMS,-3.3633,37.3269
HTMT,-10.3362,40.182
HTMU,-1.503,33.8021
HTMW,-2.4466,32.936
HTMX,-6.35,36.483
HTNA,-10.3575,38.7792
HTNG,-6.7171,38.1539
HTNJ,-9.35,34.8
HTNR,-2.5418,30.7031
HTOL,-4.2877,36.6161
HTPE,-5.2573,39.8114
HTSD,-4.8109,34.7248
HTSE,-4.0536,37.7895
HTSH,-8.3349,35.2992
HTSN,-2.4581,34.8225
HTSO,-10.683,35.583
HTSU,-7.9489,31.6103
HTSY,-3.6093,33.5035
HTTB,-5.0764,32.8333
HTTG,-5.0924,39.0712
HTTU,-11.1,37.367
HTUK,-2.0435,33.0644
HTUR,-5.0756,32.0799
HTUT,-7.9997,38.7602
HTUV,-5.0908,30.4068
HTWK,-3.05,37.0
HTZA,-6.222,39.2249
HUAJ,3.3392,31.7639
HUAR,3.0492,30.9117
HUBU,0.6735,30.0255
HUEN,0.0424,32.4435
HUFP,0.7063,30.2493
HUGG,2.2028,31.5543
HUGU,2.8056,32.2718
HUJI,0.4531,33.1936
HUKB,-1.2261,29.96
HUKD,3.7176,33.7487
HUKJ,0.1968,32.553
HUKK,0.4933,33.281
HUKO,2.953,34.1232
HUKS,0.183,30.1
HUKT,3.2817,32.8882
HULI,2.25,32.917
HUMA,-0.5553,30.5994
HUMI,1.7581,31.7367
HUMO,2.5051,34.5946
HUMW,-0.194,29.8941
HUPA,2.3266,31.4977
HUSO,1.7277,33.6228
HUTO,0.683,34.167
KAAA,40.1587,-89.335
KAAF,29.7275,-85.0275
KAAO,37.7476,-97.2211
KAAS,37.3583,-85.3094
KAAT,41.4827,-120.5657
KABE,40.6518,-75.4428
KABI,32.4113,-99.6819
KABQ,35.04,-106.6089
KABR,45.4491,-98.4218
KABY,31.5329,-84.1962
KACB,44.9886,-85.1984
KACJ,32.1108,-84.1889
KACK,41.2531,-70.0602
KACP,30.7503,-92.6883
KACQ,44.0735,-93.5529
KACT,31.6113,-97.2305
KACV,40.9781,-124.109
KACY,39.4562,-74.5775
KACZ,34.7179,-78.0036
KADC,46.4503,-95.211
KADG,41.8662,-84.078
KADH,34.8052,-96.672
KADM,34.303,-97.0196
KADS,32.9686,-96.8364
KADT,39.8412,-101.0432
KADU,41.7014,-94.9205
KADW,38.8108,-76.867
KAEG,35.1452,-106.795
KAEJ,38.8129,-106.1201
KAEL,43.6815,-93.3672
KAEX,31.3258,-92.5467
KAFF,38.9725,-104.8211
KAFJ,40.1365,-80.2902
KAFK,40.6069,-95.8657
KAFN,42.8051,-72.003
KAFO,42.7112,-110.942
KAFP,35.0206,-80.0771
KAFW,32.9904,-97.3195
KAGC,40.3544,-79.9302
KAGO,33.228,-93.217
KAGR,27.6506,-81.3494
KAGS,33.3699,-81.9645
KAGZ,43.0649,-98.2967
KAHC,40.2662,-120.153
KAHH,45.2811,-92.3754
KAHN,33.9488,-83.3256
KAHQ,41.2413,-96.594
KAIA,42.0525,-102.804
KAIB,38.239,-108.5634
KAID,40.1086,-85.613
KAIG,45.1542,-89.1107
KAIK,33.6494,-81.685
KAIO,41.4073,-95.0469
KAIT,46.5484,-93.6768
KAIV,33.1065,-88.1978
KAIZ,38.096,-92.5495
KAJG,38.6065,-87.7267
KAJO,33.8977,-117.602
KAJR,34.4999,-83.5567
KAJZ,38.7864,-108.064
KAKH,35.2026,-81.1499
KAKO,40.1756,-103.222
KAKQ,36.9872,-77.0011
KAKR,41.0374,-81.4678
KALB,42.7483,-73.8017
KALI,27.7409,-98.0269
KALM,32.8378,-105.9931
KALN,38.8903,-90.046
KALO,42.5571,-92.4003
KALS,37.4349,-105.867
KALW,46.0949,-118.288
KALX,32.9147,-85.963
KAMA,35.2179,-101.7064
KAMG,31.5361,-82.5066
KAMN,43.3221,-84.688
KAMT,38.8515,-83.5663
KAMW,41.992,-93.6218
KANB,33.5882,-85.8581
KAND,34.4946,-82.7094
KANE,45.145,-93.2114
KANJ,46.4792,-84.3684
KANK,38.5383,-106.049
KANP,38.9429,-76.5684
KANQ,41.6397,-85.0835
KANW,42.5792,-99.993
KANY,37.1585,-98.0796
KAOC,43.6035,-113.334
KAOH,40.7069,-84.0267
KAOO,40.2964,-78.32
KAOV,36.9719,-92.6819
KAPA,39.5701,-104.849
KAPC,38.2132,-122.281
KAPF,26.1526,-81.7753
KAPG,39.4662,-76.1688
KAPH,38.0686,-77.3193
KAPN,45.0781,-83.5603
KAPT,35.0607,-85.5853
KAPV,34.5753,-117.186
KAPY,26.9688,-99.2489
KAQO,30.7837,-98.662
KAQP,45.2282,-96.0059
KAQR,34.3983,-96.1481
KAQW,42.6959,-73.1704
KAQX,32.9951,-81.2702
KARA,30.0378,-91.8839
KARB,42.223,-83.7456
KARG,36.1247,-90.9251
KARM,29.2543,-96.1544
KARR,41.7719,-88.4757
KART,43.9919,-76.0217
KARV,45.9279,-89.7309
KARW,32.4122,-80.6344
KASD,30.3451,-89.8208
KASE,39.2232,-106.869
KASG,36.1764,-94.1193
KASH,42.7817,-71.5148
KASJ,36.2975,-77.1709
KASL,32.5205,-94.3078
KASN,33.5699,-86.0509
KAST,46.158,-123.879
KASW,41.2747,-85.8401
KASX,46.5485,-90.919
KASY,46.0239,-99.3526
KATA,33.1018,-94.1953
KATL,33.6367,-84.4281
KATS,32.8525,-104.468
KATW,44.2585,-88.519
KATY,44.914,-97.1547
KAUG,44.3206,-69.7973
KAUH,40.8941,-97.9946
KAUM,43.665,-92.9334
KAUN,38.9548,-121.082
KAUO,32.6151,-85.434
KAUS,30.1975,-97.662
KAUW,44.9262,-89.6266
KAVC,36.6883,-78.0545
KAVK,36.7732,-98.6699
KAVL,35.4355,-82.5419
KAVO,27.5912,-81.5278
KAVP,41.3371,-75.7242
KAVQ,32.4091,-111.2162
KAVX,33.4049,-118.416
KAWG,41.2761,-91.6734
KAWM,35.1351,-90.2344
KAWO,48.1614,-122.1584
KAXA,43.0781,-94.2718
KAXH,29.5061,-95.4769
KAXN,45.8663,-95.3947
KAXQ,41.2258,-79.441
KAXS,34.698,-99.3385
KAXV,40.4934,-84.2989
KAXX,36.422,-105.29
KAYS,31.2491,-82.3955
KAYX,35.3926,-86.0858
KAZC,36.9592,-113.0132
KAZE,31.8847,-82.6474
KAZO,42.2321,-85.5496
KBAB,39.1361,-121.437
KBAD,32.5018,-93.6627
KBAF,42.1578,-72.7156
KBAK,39.2624,-85.8956
KBAM,40.599,-116.874
KBAX,43.7802,-82.9854
KBAZ,29.7045,-98.0422
KBBB,45.3319,-95.6506
KBBD,31.1789,-99.3247
KBBG,36.5321,-93.2005
KBBP,34.6217,-79.7344
KBBW,41.4365,-99.6422
KBCB,37.2076,-80.4078
KBCE,37.7064,-112.145
KBCK,44.2507,-90.8553
KBCT,26.3785,-80.1077
KBDE,48.7284,-94.6122
KBDG,37.5833,-109.483
KBDH,45.1176,-95.1323
KBDJ,46.1374,-89.646
KBDL,41.9386,-72.688
KBDN,44.0948,-121.201
KBDQ,35.1362,-92.7135
KBDR,41.1635,-73.1262
KBDU,40.0391,-105.226
KBEA,28.3619,-97.791
KBEC,37.6945,-97.215
KBED,42.47,-71.289
KBEH,42.1286,-86.4285
KBFA,45.1658,-84.9241
KBFD,41.8031,-78.6401
KBFE,33.1731,-102.193
KBFF,41.874,-103.596
KBFI,47.527,-122.2999
KBFK,36.8633,-99.6187
KBFL,35.4336,-119.057
KBFM,30.6268,-88.0681
KBFR,38.84,-86.4454
KBGD,35.7009,-101.394
KBGE,30.9715,-84.6374
KBGF,35.1775,-86.0662
KBGM,42.2087,-75.9798
KBGR,44.8064,-68.8267
KBHB,44.45,-68.3615
KBHC,31.7138,-82.3938
KBHK,46.3466,-104.2581
KBHM,33.5629,-86.7507
KBID,41.1684,-71.5786
KBIE,40.3013,-96.7541
KBIF,31.8495,-106.38
KBIH,37.3731,-118.364
KBIJ,31.3975,-84.8948
KBIL,45.8089,-108.5412
KBIS,46.7727,-100.7469
KBIV,42.7429,-86.1074
KBIX,30.4104,-88.9244
KBJC,39.9088,-105.117
KBJI,47.5094,-94.9337
KBJJ,40.8748,-81.8883
KBKD,32.719,-98.891
KBKE,44.8373,-117.809
KBKF,39.7017,-104.752
KBKL,41.5175,-81.6833
KBKN,36.7452,-97.3496
KBKS,27.2068,-98.1212
KBKT,37.0742,-77.9575
KBKV,28.4695,-82.4571
KBKW,37.7873,-81.1242
KBKX,44.3048,-96.8169
KBLF,37.2958,-81.2077
KBLH,33.6192,-114.717
KBLI,48.7928,-122.538
KBLM,40.1869,-74.1249
KBLU,39.275,-120.71
KBLV,38.5452,-89.8352
KBMC,41.5524,-112.062
KBMG,39.146,-86.6167
KBMI,40.4771,-88.9159
KBML,44.5754,-71.1759
KBMQ,30.7389,-98.2386
KBMT,30.0706,-94.2157
KBNA,36.1245,-86.6782
KBNG,33.9225,-116.8507
KBNL,33.2578,-81.3883
KBNO,43.5905,-118.9552
KBNW,42.0496,-93.8476
KBOI,43.5644,-116.223
KBOK,42.0746,-124.29
KBOS,42.362,-71.0079
KBOW,27.9434,-81.7834
KBPG,32.2126,-101.522
KBPI,42.5851,-110.111
KBPK,36.3689,-92.4705
KBPT,29.9508,-94.0207
KBQK,31.2588,-81.4665
KBQP,32.756,-91.8806
KBQR,42.9223,-78.6123
KBRD,46.4029,-94.1297
KBRL,40.7832,-91.1255
KBRO,25.9072,-97.4252
KBRY,37.8143,-85.4996
KBST,44.4094,-69.0119
KBTA,41.4149,-96.1091
KBTF,40.8694,-111.927
KBTL,42.3073,-85.2515
KBTM,45.9548,-112.497
KBTN,45.8152,-97.7431
KBTP,40.7769,-79.9497
KBTR,30.5332,-91.1496
KBTV,44.4719,-73.1533
KBTY,36.8611,-116.787
KBUB,41.7767,-99.1497
KBUF,42.9405,-78.7322
KBUM,38.2898,-94.3401
KBUR,34.2028,-118.3581
KBUU,42.6907,-88.3046
KBUY,36.0485,-79.4749
KBVI,40.7725,-80.3914
KBVN,41.7286,-98.0558
KBVO,36.7625,-96.0112
KBVS,48.4709,-122.421
KBVX,35.7262,-91.6473
KBVY,42.5842,-70.9165
KBWC,32.9929,-115.517
KBWD,31.7936,-98.9565
KBWG,36.9645,-86.4197
KBWI,39.1754,-76.6683
KBWP,46.2441,-96.6074
KBWW,46.1655,-103.3007
KBXA,30.8137,-89.865
KBXG,33.0413,-82.0027
KBXK,33.4224,-112.6863
KBXM,43.8922,-69.9386
KBYG,44.3811,-106.722
KBYH,35.9643,-89.944
KBYI,42.5426,-113.772
KBYS,35.2805,-116.63
KBYY,28.9733,-95.8635
KBZN,45.7789,-111.1537
KCAD,44.2757,-85.4215
KCAE,33.9382,-81.123
KCAG,40.4952,-107.522
KCAK,40.9161,-81.4422
KCAO,36.4462,-103.167
KCAR,46.8715,-68.0179
KCAV,42.7419,-93.7589
KCBE,39.6154,-78.7609
KCBF,41.2592,-95.7606
KCBG,45.5575,-93.2642
KCBK,39.4275,-101.047
KCBM,33.6438,-88.4438
KCCA,35.5978,-92.4516
KCCB,34.1116,-117.688
KCCO,33.3116,-84.7698
KCCR,37.9897,-122.057
KCCY,43.0726,-92.6108
KCDA,44.5691,-72.018
KCDC,37.701,-113.099
KCDH,33.6228,-92.7634
KCDI,39.975,-81.5776
KCDK,29.1341,-83.0508
KCDN,34.2836,-80.5649
KCDR,42.8376,-103.095
KCDS,34.4338,-100.288
KCDW,40.8752,-74.2814
KCEA,37.6486,-97.2506
KCEC,41.7789,-124.2364
KCEF,42.194,-72.5348
KCEK,40.6179,-96.9249
KCEU,34.6719,-82.8865
KCEV,39.6985,-85.1297
KCEW,30.7788,-86.5221
KCEY,36.6646,-88.3728
KCEZ,37.303,-108.628
KCFD,30.7157,-96.3314
KCFE,45.159,-93.8433
KCFJ,39.9756,-86.9199
KCFS,43.4588,-83.4455
KCFT,32.957,-109.2114
KCFV,37.094,-95.5719
KCGC,28.8672,-82.571
KCGE,38.5393,-76.0304
KCGF,41.5651,-81.4864
KCGI,37.2253,-89.5708
KCGS,38.9806,-76.9223
KCGZ,32.9549,-111.767
KCHA,35.0353,-85.2038
KCHD,33.2691,-111.811
KCHK,35.0974,-97.9677
KCHN,27.5149,-81.8805
KCHO,38.1386,-78.4529
KCHQ,36.8421,-89.3597
KCHS,32.8962,-80.0382
KCHT,39.7822,-93.4957
KCHU,43.5964,-91.5039
KCIC,39.7956,-121.8577
KCID,41.8847,-91.7108
KCII,47.8283,-112.168
KCIN,42.0462,-94.789
KCIR,37.0645,-89.2196
KCIU,46.242,-84.4621
KCJR,38.5267,-77.8589
KCKA,36.7343,-98.1235
KCKB,39.2966,-80.2281
KCKC,47.8383,-90.3829
KCKF,31.9888,-83.7739
KCKI,33.7172,-79.857
KCKM,34.2997,-90.5123
KCKN,47.8417,-96.6216
KCKP,42.7317,-95.5559
KCKV,36.6219,-87.415
KCKZ,40.3892,-75.2905
KCLE,41.4117,-81.8498
KCLI,44.6138,-88.7313
KCLK,35.5383,-98.9327
KCLL,30.5886,-96.3638
KCLM,48.1202,-123.5
KCLR,33.1315,-115.521
KCLS,46.677,-122.983
KCLT,35.214,-80.9431
KCLW,27.9767,-82.7587
KCMA,34.2137,-119.094
KCMD,34.2687,-86.858
KCMH,39.998,-82.8919
KCMI,40.0398,-88.2762
KCMR,35.3056,-112.1944
KCMX,47.1684,-88.4891
KCMY,43.958,-90.7379
KCNB,44.7295,-96.266
KCNC,41.0196,-93.3597
KCNH,43.3704,-72.3687
KCNK,39.5493,-97.6523
KCNM,32.3375,-104.263
KCNO,33.9747,-117.637
KCNP,41.0775,-102.464
KCNU,37.6682,-95.4867
KCNW,31.6411,-97.0733
KCNY,38.755,-109.755
KCOD,44.5202,-109.024
KCOE,47.7743,-116.82
KCOF,28.2349,-80.6101
KCOI,28.3416,-80.6855
KCOM,31.8411,-99.4036
KCON,43.2027,-71.5023
KCOQ,46.7011,-92.5036
KCOS,38.8058,-104.701
KCOT,28.4567,-99.2203
KCOU,38.8181,-92.2196
KCPC,34.2729,-78.715
KCPK,36.6656,-76.3207
KCPM,33.89,-118.244
KCPR,42.9074,-106.4616
KCPS,38.5707,-90.1562
KCPT,32.3538,-97.4337
KCPU,38.1461,-120.648
KCQA,40.4841,-84.5601
KCQB,35.7238,-96.8203
KCQJ,38.7386,-104.8351
KCQM,47.8219,-92.6894
KCQW,34.7129,-79.957
KCQX,41.6884,-69.9895
KCRE,33.8117,-78.7239
KCRG,30.3363,-81.5144
KCRP,27.7704,-97.5012
KCRQ,33.1283,-117.28
KCRS,32.0281,-96.4006
KCRT,33.1783,-91.8802
KCRW,38.3731,-81.5932
KCRX,34.915,-88.6035
KCRZ,40.9941,-94.755
KCSB,40.3066,-100.162
KCSG,32.5164,-84.9396
KCSM,35.3398,-99.2005
KCSQ,41.0214,-94.3633
KCSV,35.9513,-85.085
KCTB,48.6087,-112.3782
KCTJ,33.631,-85.152
KCTK,40.5691,-90.0748
KCTY,29.6355,-83.1048
KCTZ,34.9756,-78.3646
KCUB,33.9705,-80.9952
KCUH,35.9505,-96.7724
KCUL,38.0895,-88.1231
KCUT,43.7333,-103.618
KCVB,29.3419,-98.8509
KCVG,39.0488,-84.6678
KCVH,36.8933,-121.41
KCVK,36.2649,-91.5626
KCVN,34.4266,-103.0788
KCVO,44.4972,-123.29
KCVS,34.3828,-103.322
KCVX,45.3048,-85.2748
KCWA,44.7774,-89.6702
KCWC,33.8578,-98.4904
KCWF,30.2106,-93.1432
KCWI,41.8311,-90.3291
KCWV,32.1951,-81.8696
KCXE,36.7883,-78.5016
KCXL,32.6695,-115.513
KCXO,30.3518,-95.4145
KCXP,39.1943,-119.7343
KCXU,31.2131,-84.2354
KCXW,35.0199,-92.5551
KCXY,40.2171,-76.8515
KCYO,39.516,-82.9821
KCYS,41.1557,-104.812
KCYW,39.3871,-97.1572
KCZD,40.8691,-100.004
KCZG,42.0785,-76.0963
KCZK,45.6766,-121.8789
KCZL,34.4554,-84.9392
KCZT,28.5222,-99.8236
KDAA,38.715,-77.181
KDAB,29.1825,-81.0595
KDAF,44.0334,-90.0851
KDAG,34.8537,-116.787
KDAL,32.8448,-96.8477
KDAN,36.5729,-79.3361
KDAW,43.2841,-70.9293
KDAY,39.9024,-84.2194
KDBN,32.5644,-82.9853
KDBQ,42.402,-90.7095
KDCA,38.8521,-77.0377
KDCM,34.7893,-81.1958
KDCU,34.6527,-86.9454
KDCY,38.7004,-87.1297
KDDC,37.7634,-99.9656
KDDH,42.8913,-73.2464
KDEC,39.8346,-88.8657
KDED,29.067,-81.2838
KDEH,43.2755,-91.7394
KDEN,39.86,-104.6738
KDEQ,34.047,-94.3994
KDET,42.4092,-83.0099
KDEW,47.9666,-117.427
KDFI,41.3375,-84.4288
KDFW,32.8968,-97.038
KDGL,31.3426,-109.506
KDGW,42.7972,-105.386
KDHN,31.3213,-85.4496
KDHT,36.0226,-102.547
KDIJ,43.7427,-111.0968
KDIK,46.7975,-102.8019
KDKB,41.9363,-88.7041
KDKK,42.4925,-79.2731
KDKR,31.307,-95.4038
KDKX,35.9639,-83.8739
KDLC,34.4491,-79.3686
KDLF,29.3595,-100.778
KDLH,46.8419,-92.1987
KDLL,43.5227,-89.7702
KDLN,45.2554,-112.553
KDLO,35.7456,-119.237
KDLS,45.621,-121.1708
KDLZ,40.2797,-83.1148
KDMA,32.1665,-110.883
KDMN,32.2623,-107.721
KDMO,38.7074,-93.1759
KDMW,39.6083,-77.0077
KDNL,33.4665,-82.0394
KDNN,34.7229,-84.8702
KDNS,41.9864,-95.3807
KDNV,40.1991,-87.5966
KDOV,39.1295,-75.466
KDPA,41.9078,-88.2486
KDPG,40.1974,-112.9351
KDPL,35.0001,-77.9817
KDQH,31.4767,-82.8605
KDRA,36.6194,-116.033
KDRI,30.8317,-93.3399
KDRM,46.0093,-83.7439
KDRO,37.1515,-107.754
KDRP,35.1201,-90.8265
KDRT,29.3742,-100.927
KDSM,41.534,-93.6567
KDSV,42.5705,-77.7133
KDTA,39.3806,-112.508
KDTL,46.8243,-95.8833
KDTN,32.5402,-93.745
KDTO,33.2018,-97.198
KDTS,30.4001,-86.4715
KDTW,42.2138,-83.3538
KDUA,33.9397,-96.3951
KDUC,34.4709,-97.9599
KDUG,31.4641,-109.6046
KDUH,41.7359,-83.6554
KDUJ,41.1783,-78.8987
KDUX,35.8579,-102.013
KDVK,37.5794,-84.7743
KDVL,48.1155,-98.9088
KDVN,41.6104,-90.5897
KDVO,38.1436,-122.556
KDVP,43.9868,-95.7826
KDVT,33.6883,-112.083
KDWA,38.5791,-121.857
KDWH,30.0618,-95.5528
KDWU,38.5545,-82.738
KDXE,36.7775,-89.9412
KDXR,41.3717,-73.4822
KDXX,44.9862,-96.1777
KDYA,32.4638,-87.9541
KDYB,33.0634,-80.2793
KDYL,40.333,-75.1223
KDYR,35.9992,-89.4049
KDYS,32.4208,-99.8546
KDYT,46.7219,-92.0434
KDZB,30.5271,-98.3587
KDZJ,34.8551,-83.9969
KEAG,42.7098,-93.9161
KEAN,42.0555,-104.929
KEAR,40.727,-99.0068
KEAT,47.3989,-120.207
KEAU,44.8658,-91.4843
KEBD,37.6818,-82.1221
KEBG,26.4417,-98.1222
KEBS,42.4368,-93.8699
KEBY,48.3705,-124.5981
KECG,36.2606,-76.1746
KECP,30.3571,-85.7954
KECS,43.8838,-104.3142
KECU,29.9469,-100.174
KEDC,30.398,-97.5669
KEDE,36.0277,-76.5671
KEDG,39.3916,-76.2911
KEDJ,40.3723,-83.819
KEDN,31.2997,-85.8999
KEDU,38.5315,-121.7865
KEDW,34.9108,-117.8864
KEED,34.7663,-114.623
KEEN,42.8984,-72.2708
KEEO,40.0488,-107.886
KEET,33.177,-86.7828
KEFC,44.7342,-103.862
KEFD,29.6073,-95.1588
KEFK,44.8888,-72.2292
KEFT,42.6149,-89.5904
KEFW,42.0099,-94.3417
KEGE,39.6426,-106.918
KEGI,30.6504,-86.5229
KEGQ,43.102,-94.7047
KEGT,37.3236,-97.3883
KEGV,45.9323,-89.2683
KEHA,37.0007,-101.88
KEHO,35.2556,-81.601
KEHR,37.8078,-87.6857
KEIK,40.0102,-105.048
KEIW,36.5353,-89.5997
KEKA,40.8034,-124.113
KEKM,41.7194,-86.0032
KEKN,38.8898,-79.8577
KEKO,40.8249,-115.792
KEKQ,36.8553,-84.8561
KEKS,45.2718,-111.649
KEKX,37.686,-85.925
KEKY,33.3129,-86.9259
KELA,29.6006,-96.3219
KELD,33.221,-92.8133
KELK,35.4308,-99.3943
KELM,42.1599,-76.8916
KELN,47.033,-120.531
KELO,47.8245,-91.8307
KELP,31.8099,-106.3756
KELY,39.2997,-114.842
KELZ,42.1095,-77.99
KEMM,41.8241,-110.557
KEMP,38.3321,-96.1912
KEMT,34.0861,-118.035
KEMV,36.6869,-77.4828
KEND,36.3392,-97.9165
KENL,38.5151,-89.0911
KENV,40.7187,-114.031
KENW,42.5957,-87.9278
KEOE,34.3093,-81.6397
KEOK,40.4599,-91.4285
KEOP,39.1669,-82.9282
KEOS,36.8108,-94.3917
KEPH,47.3076,-119.516
KEPM,44.9101,-67.0127
KEQA,37.7741,-96.8176
KEQY,35.0188,-80.6202
KERI,42.0831,-80.1739
KERR,44.7925,-71.1642
KERV,29.9767,-99.0857
KERY,46.3112,-85.4573
KESC,45.7232,-87.0886
KESF,31.3943,-92.2941
KESN,38.8042,-76.069
KEST,43.4074,-94.7464
KESW,47.2542,-121.186
KETB,43.4223,-88.129
KETC,35.9371,-77.5466
KETH,45.7821,-96.5436
KETN,32.4135,-98.8098
KEUF,31.9513,-85.1289
KEUG,44.1246,-123.212
KEUL,43.6419,-116.636
KEVB,29.0557,-80.9489
KEVM,47.4246,-92.4992
KEVU,40.3525,-94.915
KEVV,38.037,-87.5324
KEVW,41.2748,-111.035
KEVY,39.5204,-75.7204
KEWB,41.6761,-70.9569
KEWK,38.0582,-97.2745
KEWN,35.073,-77.0429
KEWR,40.6894,-74.1705
KEXX,35.7811,-80.3038
KEYE,39.8307,-86.2944
KEYF,34.6018,-78.5793
KEYW,24.5561,-81.7596
KEZF,38.2668,-77.4492
KEZI,41.2052,-89.9639
KEZM,32.2142,-83.128
KEZS,44.7875,-88.5605
KEZZ,39.7276,-94.2764
KFAF,37.1325,-76.6088
KFAM,37.7611,-90.4286
KFAR,46.9207,-96.8158
KFAT,36.7758,-119.718
KFAY,34.9912,-78.8803
KFBG,35.1318,-78.9367
KFBL,44.3284,-93.3125
KFBR,41.3919,-110.407
KFBY,40.183,-97.1693
KFCH,36.7324,-119.82
KFCI,37.4065,-77.525
KFCM,44.8272,-93.4571
KFCS,38.6784,-104.757
KFCT,46.6694,-120.456
KFCY,34.942,-90.775
KFDK,39.4176,-77.3743
KFDR,34.352,-98.9839
KFDW,34.3155,-81.1088
KFDY,41.0135,-83.6687
KFEP,42.2462,-89.582
KFET,41.4502,-96.5229
KFFA,36.0182,-75.6713
KFFC,33.3573,-84.5718
KFFL,41.053,-91.9801
KFFM,46.2844,-96.1567
KFFO,39.8261,-84.0483
KFFT,38.1817,-84.9068
KFFX,43.4369,-85.9966
KFFZ,33.4608,-111.728
KFGU,35.0443,-85.0201
KFGX,38.5418,-83.7434
KFHR,48.5237,-123.0246
KFHU,31.5874,-110.3482
KFIG,41.049,-78.415
KFIT,42.5541,-71.759
KFKA,43.6768,-92.1797
KFKL,41.3779,-79.8604
KFKN,36.6981,-76.9038
KFKR,40.2734,-86.5622
KFKS,44.6252,-86.2008
KFLD,43.7712,-88.4884
KFLG,35.1398,-111.6698
KFLL,26.0726,-80.1527
KFLO,34.1854,-79.7239
KFLP,36.2909,-92.5903
KFLR,25.5562,-80.356
KFLV,39.3683,-94.9147
KFLX,39.4991,-118.749
KFME,39.0854,-76.7594
KFMH,41.6579,-70.5216
KFMM,40.3358,-103.8044
KFMN,36.7412,-108.23
KFMY,26.5866,-81.8633
KFMZ,40.5861,-97.5731
KFNB,40.0788,-95.592
KFNL,40.4497,-105.0113
KFNT,42.9693,-83.7434
KFOA,38.6649,-88.453
KFOD,42.5526,-94.1912
KFOE,38.9509,-95.6636
KFOK,40.8437,-72.6318
KFOM,38.9583,-112.363
KFOT,40.5539,-124.133
KFOZ,47.7839,-93.651
KFPK,42.5745,-84.8114
KFPR,27.4951,-80.3683
KFQD,35.4282,-81.9351
KFRG,40.7286,-73.4143
KFRH,38.5062,-86.6369
KFRI,39.053,-96.7642
KFRM,43.6439,-94.4156
KFRR,38.9175,-78.2535
KFSD,43.5855,-96.7412
KFSE,47.5928,-95.7735
KFSI,34.6498,-98.4022
KFSK,37.7984,-94.7694
KFSM,35.3366,-94.3674
KFSO,44.9403,-73.0975
KFST,30.9157,-102.916
KFSU,34.4834,-104.217
KFSW,40.6591,-91.3278
KFTG,39.7842,-104.5376
KFTK,37.9071,-85.9721
KFTT,38.8381,-92.0026
KFTW,32.8199,-97.3608
KFTY,33.7791,-84.5214
KFUL,33.872,-117.98
KFVE,47.2855,-68.3128
KFVX,37.3575,-78.4378
KFWA,40.9789,-85.1945
KFWC,38.3786,-88.4127
KFWN,41.2002,-74.623
KFWQ,40.2097,-79.8314
KFWS,32.5652,-97.3081
KFXE,26.1973,-80.1707
KFXY,43.2347,-93.6241
KFYE,35.2077,-89.3945
KFYJ,37.5213,-76.7628
KFYM,35.0597,-86.564
KFYV,36.0051,-94.1701
KFZG,31.6837,-83.2705
KFZI,41.1908,-83.3945
KFZY,43.3508,-76.3881
KGAB,38.9232,-117.9572
KGAD,33.9726,-86.089
KGAF,48.4047,-97.3709
KGAG,36.2955,-99.7764
KGAI,39.1683,-77.166
KGAO,29.4411,-90.2611
KGAS,38.8341,-82.1634
KGAX,32.8847,-112.8165
KGBD,38.3443,-98.8592
KGBG,40.938,-90.4311
KGBN,32.8875,-112.72
KGBR,42.1842,-73.4032
KGCC,44.3489,-105.539
KGCD,44.4042,-118.963
KGCK,37.9275,-100.724
KGCM,36.2927,-95.4796
KGCN,35.9524,-112.147
KGCT,41.6878,-94.4352
KGCY,36.1956,-82.8115
KGDB,44.7533,-95.556
KGDJ,32.4422,-97.8244
KGDM,42.55,-72.0161
KGDV,47.1377,-104.8069
KGDW,43.9706,-84.475
KGED,38.6892,-75.3589
KGEG,47.6199,-117.534
KGEO,38.8819,-83.8827
KGEU,33.5269,-112.295
KGEV,36.4324,-81.4185
KGEY,44.5168,-108.083
KGEZ,39.586,-85.804
KGFA,47.5047,-111.187
KGFD,39.7907,-85.735
KGFK,47.9493,-97.1761
KGFL,43.3412,-73.6103
KGFZ,41.327,-94.4457
KGGE,33.3117,-79.3196
KGGF,40.8695,-101.733
KGGG,32.384,-94.7115
KGGI,41.7099,-92.7361
KGGP,40.7112,-86.3749
KGGW,48.2125,-106.615
KGHG,42.0977,-70.6728
KGHM,35.8374,-87.4454
KGHW,45.6439,-95.3204
KGIC,45.9426,-116.123
KGIF,28.0629,-81.7533
KGJT,39.1267,-108.5294
KGKJ,41.6265,-80.2147
KGKT,35.8578,-83.5287
KGKY,32.6639,-97.0943
KGLD,39.3707,-101.6998
KGLE,33.6514,-97.197
KGLH,33.4829,-90.9856
KGLR,45.0135,-84.7036
KGLS,29.2653,-94.8604
KGLW,37.0318,-85.9537
KGLY,38.3566,-93.6842
KGMJ,36.6068,-94.7386
KGMU,34.8479,-82.3502
KGNB,40.0897,-105.917
KGNC,32.6768,-102.6499
KGNF,33.8325,-89.7982
KGNG,42.9172,-114.765
KGNT,35.1673,-107.902
KGNV,29.6901,-82.2718
KGOK,35.8498,-97.4156
KGON,41.3301,-72.0451
KGOO,39.224,-121.003
KGOP,31.4213,-97.797
KGOV,44.6803,-84.7289
KGPH,39.3325,-94.3096
KGPI,48.3105,-114.256
KGPM,32.6988,-97.0469
KGPT,30.4056,-89.0698
KGPZ,47.2111,-93.5098
KGQQ,40.7534,-82.7238
KGRB,44.4835,-88.1308
KGRD,34.2487,-82.1591
KGRE,38.8368,-89.3765
KGRF,47.0792,-122.581
KGRI,40.9675,-98.3096
KGRK,31.0672,-97.8289
KGRN,42.806,-102.175
KGRR,42.8808,-85.5228
KGSB,35.3394,-77.9606
KGSH,41.5264,-85.7929
KGSO,36.0994,-79.9373
KGSP,34.8957,-82.2189
KGTB,44.0556,-75.7195
KGTE,40.9263,-100.148
KGTF,47.482,-111.371
KGTG,45.7981,-92.6644
KGTR,33.4503,-88.5914
KGTU,30.6775,-97.6785
KGUC,38.5347,-106.9346
KGUP,35.5117,-108.7882
KGUS,40.6481,-86.1521
KGUY,36.6851,-101.508
KGVE,38.156,-78.1658
KGVL,34.2726,-83.8302
KGVQ,43.0317,-78.1676
KGVT,33.0678,-96.0653
KGWB,41.3072,-85.0644
KGWN,31.8743,-81.5966
KGWO,33.495,-90.0882
KGWR,46.2187,-97.6432
KGWS,39.5083,-107.311
KGWW,35.4606,-77.9649
KGXY,40.4374,-104.633
KGYB,30.1693,-96.98
KGYH,34.7583,-82.3764
KGYI,33.7141,-96.6737
KGYL,44.756,-94.0812
KGYR,33.4225,-112.376
KGYY,41.6171,-87.4132
KGZH,31.4158,-87.044
KGZN,32.3673,-99.0236
KGZS,35.1537,-87.0568
KHAB,34.1176,-87.9982
KHAE,39.7245,-91.4437
KHAF,37.5134,-122.501
KHAI,41.9598,-85.5934
KHAO,39.3638,-84.522
KHBC,48.7684,-101.537
KHBG,31.2648,-89.2528
KHBI,35.6545,-79.8947
KHBR,34.9913,-99.0513
KHBV,27.3496,-98.737
KHBZ,35.5117,-92.013
KHCD,44.8599,-94.3825
KHCO,48.7527,-96.943
KHCR,40.4818,-111.429
KHDC,30.5216,-90.4184
KHDE,40.4521,-99.3365
KHDN,40.4812,-107.218
KHDO,29.3595,-99.1767
KHEE,34.5766,-90.6762
KHEF,38.723,-77.5154
KHEG,30.2778,-81.8059
KHEI,46.0149,-102.656
KHEQ,40.5694,-102.273
KHEZ,31.6148,-91.2973
KHFD,41.7367,-72.6494
KHFF,35.0361,-79.4986
KHFJ,36.9062,-94.0128
KHFY,39.6284,-86.0879
KHGR,39.7088,-77.728
KHHF,35.8953,-100.404
KHHG,40.8529,-85.4571
KHHR,33.9228,-118.335
KHHW,34.0348,-95.5419
KHIB,47.3848,-92.8369
KHIE,44.3675,-71.5458
KHIF,41.124,-111.9731
KHIG,39.0729,-93.6775
KHII,34.5705,-114.3577
KHIO,45.5404,-122.95
KHJH,40.1519,-97.584
KHJO,36.3167,-119.628
KHKA,35.9404,-89.8308
KHKS,32.3345,-90.2222
KHKY,35.7411,-81.3895
KHLB,39.3429,-85.2584
KHLC,39.3788,-99.8315
KHLG,40.175,-80.6463
KHLN,46.6068,-111.983
KHLR,31.1387,-97.7145
KHLX,36.7661,-80.8236
KHMN,32.8525,-106.107
KHMT,33.734,-117.023
KHMY,35.0264,-97.2316
KHMZ,40.086,-78.5134
KHNB,38.249,-86.9537
KHND,35.9728,-115.134
KHNR,41.5844,-95.3396
KHNZ,36.3616,-78.5292
KHOB,32.6875,-103.217
KHOC,39.1888,-83.5388
KHOE,31.0559,-82.7741
KHON,44.3852,-98.2285
KHOP,36.6742,-87.4897
KHOT,34.4788,-93.0963
KHOU,29.6453,-95.2768
KHPN,41.067,-73.7076
KHPT,42.7237,-93.2263
KHPY,29.7861,-94.9527
KHQG,37.1631,-101.371
KHQM,46.9712,-123.937
KHQU,33.5297,-82.5165
KHQZ,32.747,-96.5304
KHRI,45.8282,-119.259
KHRJ,35.3794,-78.733
KHRL,26.2285,-97.6544
KHRO,36.2615,-93.1547
KHRT,30.4278,-86.6893
KHRU,38.6947,-96.808
KHRX,34.8578,-102.326
KHSA,30.3678,-89.4546
KHSB,37.8113,-88.5503
KHSD,35.6018,-97.7062
KHSE,35.2328,-75.6178
KHSG,43.7136,-108.3897
KHSI,40.6053,-98.4279
KHSP,37.9514,-79.8339
KHSR,43.3666,-103.3905
KHST,25.4886,-80.3836
KHSV,34.6362,-86.7744
KHTH,38.5444,-118.634
KHTL,44.3598,-84.6711
KHTO,40.96,-72.2511
KHTS,38.3667,-82.558
KHTW,38.4191,-82.4949
KHUA,34.6787,-86.6848
KHUF,39.4515,-87.3076
KHUL,46.1231,-67.7921
KHUM,29.5665,-90.6604
KHUT,38.0655,-97.8606
KHVC,36.857,-87.4551
KHVE,38.418,-110.704
KHVN,41.2629,-72.8877
KHVR,48.5414,-109.7629
KHVS,34.4031,-80.1192
KHWD,37.6592,-122.122
KHWO,26.0012,-80.2407
KHWQ,46.4486,-109.853
KHWV,40.8219,-72.8694
KHWY,38.5863,-77.7106
KHXD,32.2244,-80.6975
KHXF,43.3493,-88.3911
KHYA,41.6693,-70.2804
KHYI,29.8927,-97.863
KHYR,46.0252,-91.4443
KHYS,38.8445,-99.2731
KHYW,33.8285,-79.1222
KHYX,43.4334,-83.8623
KHZD,36.0893,-88.4633
KHZE,47.2899,-101.581
KHZL,40.9868,-75.9949
KHZR,30.7183,-91.4787
KHZX,46.6188,-93.3098
KHZY,41.778,-80.6955
KIAB,37.6219,-97.2682
KIAD,38.9445,-77.4558
KIAG,43.1073,-78.9462
KIAH,29.9844,-95.3414
KIBM,41.1881,-103.677
KICL,40.7218,-95.0264
KICR,43.3902,-99.8421
KICT,37.6503,-97.4286
KIDA,43.5146,-112.071
KIDG,42.3326,-95.4449
KIDI,40.6311,-79.1019
KIDL,33.4857,-90.6789
KIDP,37.1584,-95.7784
KIEN,43.0209,-102.5061
KIER,31.7357,-93.0991
KIFA,42.4708,-93.27
KIFP,35.1547,-114.5593
KIGM,35.2595,-113.938
KIGQ,41.5349,-87.5295
KIIB,42.4568,-91.9477
KIIY,33.7794,-82.8158
KIJD,41.744,-72.1803
KIJX,39.7746,-90.2383
KIKG,27.5509,-98.0309
KIKK,41.0714,-87.8463
KIKV,41.6914,-93.5664
KILE,31.0858,-97.6865
KILG,39.6787,-75.6065
KILM,34.2723,-77.9051
KILN,39.4279,-83.7921
KIML,40.5093,-101.621
KIMM,26.4279,-81.4035
KIMS,38.7589,-85.4655
KIMT,45.8191,-88.1146
KIND,39.7173,-86.2944
KINF,28.8036,-82.3183
KINJ,32.0835,-97.0972
KINK,31.7796,-103.201
KINL,48.5662,-93.4031
KINS,36.5872,-115.673
KINT,36.1337,-80.222
KINW,35.0219,-110.723
KIOB,38.0581,-83.9796
KIOW,41.6392,-91.5465
KIPJ,35.4833,-81.1613
KIPL,32.8354,-115.574
KIPT,41.2421,-76.9224
KIRK,40.0935,-92.5449
KIRS,41.8133,-85.439
KISB,43.3695,-95.7598
KISM,28.2898,-81.4371
KISO,35.3314,-77.6088
KISP,40.7963,-73.1017
KISQ,45.9746,-86.1718
KISW,44.3603,-89.839
KITH,42.491,-76.4584
KITR,39.2425,-102.285
KIWA,33.3078,-111.655
KIWD,46.5253,-90.1316
KIWH,40.763,-85.7997
KIWI,43.9614,-69.7126
KIWS,29.8182,-95.6726
KIXA,36.3298,-77.6352
KIXD,38.8309,-94.8903
KIYK,35.6588,-117.83
KIZA,34.6068,-120.076
KIZG,43.9911,-70.9479
KJAC,43.6073,-110.738
KJAN,32.3112,-90.0759
KJAS,30.8857,-94.0349
KJAU,36.3341,-84.163
KJAX,30.4925,-81.6878
KJBR,35.8317,-90.6464
KJCT,30.5113,-99.7635
KJDD,32.7422,-95.4965
KJDN,47.3288,-106.953
KJEF,38.5912,-92.1561
KJER,42.7267,-114.457
KJES,31.554,-81.8825
KJFK,40.6394,-73.7793
KJFX,33.902,-87.3142
KJFZ,37.0637,-81.7983
KJGG,37.2392,-76.7161
KJHW,42.1542,-79.254
KJKA,30.2905,-87.6718
KJKJ,46.8392,-96.6637
KJKL,37.5939,-83.3173
KJLN,37.1518,-94.4983
KJMR,45.8861,-93.2718
KJMS,46.9297,-98.6782
KJNX,35.5409,-78.3903
KJOT,41.5178,-88.1755
KJQF,35.3878,-80.7091
KJSD,41.2493,-73.0968
KJSO,31.8693,-95.2174
KJST,40.3161,-78.8339
KJSV,35.4382,-94.8028
KJVL,42.6203,-89.0416
KJVY,38.3654,-85.7382
KJWG,35.8647,-98.4208
KJWN,36.1824,-86.8867
KJWY,32.4587,-96.9124
KJXI,32.699,-94.9489
KJXN,42.2605,-84.463
KJYG,43.9863,-94.5579
KJYL,32.6453,-81.5971
KJYM,41.9213,-84.5858
KJYO,39.078,-77.5575
KJYR,40.8968,-97.6228
KJZI,32.6982,-80.0057
KJZP,34.4534,-84.4574
KKIC,36.228,-121.122
KKLS,46.118,-122.898
KKNB,37.0111,-112.531
KLAA,38.0664,-102.6914
KLAF,40.4129,-86.9394
KLAL,27.9893,-82.0207
KLAM,35.8798,-106.269
KLAN,42.7776,-84.5857
KLAR,41.3121,-105.675
KLAS,36.0834,-115.1518
KLAW,34.5677,-98.4166
KLAX,33.9425,-118.408
KLBB,33.6636,-101.823
KLBE,40.2759,-79.4048
KLBF,41.1262,-100.684
KLBL,37.0442,-100.96
KLBO,37.6483,-92.6524
KLBR,33.5932,-95.0636
KLBT,34.6108,-79.0594
KLBX,29.1086,-95.4621
KLCG,42.2419,-96.9814
KLCH,30.1261,-93.2233
KLCI,43.5727,-71.4189
KLCK,39.8138,-82.9278
KLCQ,30.182,-82.5769
KLDJ,40.6174,-74.2446
KLDM,43.9625,-86.4079
KLDR,32.7265,-117.1812
KLEB,43.6261,-72.3042
KLEE,28.8231,-81.8087
KLEM,45.9187,-102.106
KLEW,44.0485,-70.2835
KLEX,38.0351,-84.6067
KLFI,37.0829,-76.3605
KLFK,31.234,-94.75
KLFT,30.2053,-91.9876
KLGA,40.7772,-73.8726
KLGB,33.8165,-118.1499
KLGC,33.0089,-85.0743
KLGD,45.2902,-118.007
KLGF,32.8608,-114.3962
KLGU,41.7912,-111.852
KLHB,30.8718,-96.6222
KLHM,38.9092,-121.351
KLHQ,39.7556,-82.6571
KLHV,41.1356,-77.4223
KLHW,31.8912,-81.561
KLHX,38.0497,-103.509
KLHZ,36.0233,-78.3303
KLIC,39.2748,-103.666
KLIT,34.7292,-92.2236
KLIU,33.9239,-102.387
KLJF,45.0971,-94.5073
KLKP,44.2645,-73.9619
KLKR,34.7229,-80.8546
KLKU,38.0098,-77.9701
KLKV,42.1611,-120.399
KLLJ,44.523,-114.218
KLLN,33.5525,-102.372
KLLQ,33.6386,-91.751
KLLR,39.262,-123.754
KLLU,37.4872,-94.3133
KLMO,40.1637,-105.163
KLMS,33.1462,-89.0625
KLMT,42.1561,-121.733
KLNA,26.593,-80.0851
KLNC,32.5776,-96.7175
KLND,42.8152,-108.73
KLNK,40.8449,-96.7618
KLNL,46.154,-89.2121
KLNN,41.684,-81.3897
KLNP,36.9875,-82.53
KLNR,43.2099,-90.1813
KLNS,40.1217,-76.2961
KLOL,40.0664,-118.565
KLOM,40.1375,-75.2651
KLOT,41.6073,-88.0962
KLOU,38.228,-85.6637
KLOZ,37.0822,-84.0849
KLPC,34.6656,-120.468
KLPR,41.3443,-82.1776
KLQK,34.81,-82.7029
KLQR,38.2086,-99.086
KLRD,27.5438,-99.4616
KLRF,34.9169,-92.1497
KLRG,45.3622,-68.5347
KLRJ,42.778,-96.1937
KLRO,32.8978,-79.7829
KLRU,32.2894,-106.922
KLRY,38.6099,-94.3435
KLSB,32.3335,-108.692
KLSE,43.879,-91.2567
KLSF,32.3325,-84.988
KLSK,42.7538,-104.405
KLSN,37.0629,-120.869
KLSV,36.2362,-115.034
KLTS,34.6671,-99.2667
KLTY,48.5107,-110.991
KLUD,33.2546,-97.5806
KLUF,33.535,-112.383
KLUG,35.507,-86.8039
KLUK,39.1024,-84.4189
KLUL,31.6726,-89.1722
KLUM,44.8923,-91.8679
KLUX,34.5071,-81.9472
KLVJ,29.5213,-95.2421
KLVK,37.6934,-121.82
KLVL,36.7742,-77.7938
KLVM,45.6994,-110.448
KLVN,44.6279,-93.2281
KLVS,35.6542,-105.142
KLWA,42.3512,-86.2557
KLWB,37.8579,-80.4004
KLWC,39.0112,-95.2166
KLWL,41.1171,-114.922
KLWM,42.7172,-71.1234
KLWS,46.3745,-117.015
KLWT,47.0484,-109.4661
KLWV,38.7643,-87.6055
KLXL,45.9497,-94.3474
KLXN,40.791,-99.7773
KLXT,38.9597,-94.3714
KLXV,39.2203,-106.317
KLXY,31.6398,-96.5147
KLYH,37.3267,-79.2004
KLYO,38.3395,-98.2287
KLYV,43.6162,-96.2179
KLZD,41.8197,-71.901
KLZU,33.9781,-83.9624
KLZZ,31.1062,-98.1959
KMAC,32.8221,-83.562
KMAE,36.9886,-120.112
KMAF,31.9425,-102.202
KMAI,30.8378,-85.1819
KMAL,44.8537,-74.3289
KMAO,34.1812,-79.3347
KMAW,36.6006,-89.9922
KMBG,45.5465,-100.408
KMBL,44.2727,-86.2465
KMBO,32.4387,-90.1031
KMBS,43.5332,-84.0831
KMBT,35.8775,-86.3775
KMBY,39.4644,-92.4284
KMCB,31.1785,-90.4719
KMCC,38.6676,-121.401
KMCD,45.8649,-84.6373
KMCE,37.2847,-120.514
KMCF,27.8493,-82.5212
KMCI,39.3017,-94.7139
KMCK,40.2078,-100.5928
KMCN,32.6928,-83.6492
KMCO,28.4294,-81.309
KMCW,43.1598,-93.3297
KMCX,40.7088,-86.7668
KMCZ,35.8622,-77.1782
KMDA,29.4313,-98.3778
KMDD,32.0365,-102.101
KMDF,36.4848,-99.1942
KMDH,37.7781,-89.252
KMDQ,34.8614,-86.5575
KMDS,44.016,-97.0859
KMDT,40.1928,-76.7623
KMDW,41.786,-87.7524
KMDZ,45.101,-90.3033
KMEB,34.7919,-79.3658
KMEI,32.3326,-88.7519
KMEJ,37.2769,-100.356
KMEM,35.0438,-89.9763
KMER,37.3805,-120.568
KMEV,39.0003,-119.751
KMEY,42.1783,-95.7936
KMEZ,34.5454,-94.2027
KMFD,40.8214,-82.5166
KMFE,26.1761,-98.238
KMFI,44.6369,-90.1893
KMFR,42.3742,-122.873
KMFV,37.6469,-75.7611
KMGC,41.7033,-86.8212
KMGE,33.9154,-84.5163
KMGG,45.236,-93.9856
KMGJ,41.51,-74.2646
KMGM,32.3006,-86.394
KMGN,45.4256,-84.9134
KMGR,31.0849,-83.8033
KMGW,39.6433,-79.9176
KMGY,39.589,-84.2249
KMHE,43.7748,-98.0386
KMHK,39.141,-96.6708
KMHL,39.0958,-93.2029
KMHP,32.3739,-82.0818
KMHR,38.5547,-121.298
KMHT,42.9326,-71.4357
KMHV,35.0564,-118.1453
KMIA,25.796,-80.2898
KMIB,48.4156,-101.358
KMIC,45.062,-93.3539
KMIE,40.2423,-85.3959
KMIO,36.9092,-94.8875
KMIT,35.5074,-119.192
KMIV,39.3678,-75.0722
KMIW,42.1127,-92.9178
KMJD,30.4875,-89.6512
KMJQ,43.65,-94.9865
KMJX,39.9275,-74.2924
KMKA,44.5252,-98.9581
KMKC,39.1232,-94.5928
KMKE,42.9472,-87.8966
KMKG,43.1695,-86.2382
KMKJ,36.8949,-81.3499
KMKL,35.5999,-88.9156
KMKN,31.9168,-98.6003
KMKO,35.6565,-95.3667
KMKS,33.1855,-80.0363
KMKT,44.2248,-93.9191
KMKV,31.0947,-92.0691
KMKY,25.995,-81.6725
KMLB,28.102,-80.6411
KMLC,34.8824,-95.7835
KMLD,42.1666,-112.297
KMLE,41.1959,-96.1121
KMLF,38.4266,-113.012
KMLI,41.4485,-90.5075
KMLJ,33.1542,-83.2407
KMLS,46.4273,-105.8854
KMLT,45.6478,-68.6856
KMLU,32.5109,-92.0377
KMMH,37.6254,-118.8431
KMMI,35.3973,-84.5626
KMMK,41.5087,-72.8295
KMML,44.4505,-95.8219
KMMS,34.2315,-90.2896
KMMT,33.9208,-80.8013
KMMU,40.7991,-74.4149
KMMV,45.1944,-123.136
KMNF,36.9928,-91.7145
KMNI,33.5871,-80.2087
KMNM,45.1267,-87.6384
KMNN,40.6162,-83.0635
KMNV,35.5454,-84.3802
KMNZ,31.6659,-98.1486
KMOB,30.6912,-88.2428
KMOD,37.6258,-120.954
KMOP,43.6217,-84.7375
KMOR,36.1794,-83.3755
KMOT,48.258,-101.2791
KMOX,45.566,-95.9672
KMPE,32.7994,-89.126
KMPG,39.8808,-80.7358
KMPI,37.5109,-120.04
KMPJ,35.1389,-92.9092
KMPO,41.136,-75.3796
KMPR,38.3524,-97.6913
KMPV,44.2035,-72.5623
KMPZ,40.9466,-91.5111
KMQB,40.5201,-90.6524
KMQI,35.9188,-75.6957
KMQJ,39.8435,-85.8971
KMQS,39.979,-75.8655
KMQW,32.0958,-82.88
KMQY,36.009,-86.5201
KMRB,39.4019,-77.9846
KMRC,35.5541,-87.1789
KMRF,30.3696,-104.0159
KMRH,34.7336,-76.6606
KMRJ,42.8868,-90.2362
KMRN,35.8202,-81.6114
KMRT,40.2247,-83.3516
KMRY,36.5868,-121.8442
KMSL,34.7451,-87.613
KMSN,43.1399,-89.3375
KMSO,46.9158,-114.0911
KMSP,44.8801,-93.2217
KMSS,44.9362,-74.8443
KMSV,41.7016,-74.795
KMSY,29.9934,-90.2647
KMTC,42.6135,-82.8369
KMTH,24.726,-81.0514
KMTJ,38.5098,-107.894
KMTN,39.3257,-76.4138
KMTO,39.4779,-88.2792
KMTP,41.0765,-71.9208
KMTV,36.6307,-80.0183
KMTW,44.1271,-87.682
KMUI,40.4352,-76.5687
KMUL,31.1416,-83.7037
KMUO,43.0436,-115.872
KMUT,41.3678,-91.1482
KMVC,31.458,-87.351
KMVE,44.9691,-95.7103
KMVI,37.5273,-106.048
KMVL,44.5346,-72.614
KMVM,44.7031,-67.4786
KMVN,38.3228,-88.8593
KMVY,41.3931,-70.6143
KMWA,37.7512,-89.0166
KMWC,43.1104,-88.0344
KMWH,47.2077,-119.32
KMWK,36.4597,-80.553
KMWL,32.7816,-98.0602
KMWM,43.9134,-95.1094
KMWN,44.2703,-71.3033
KMWO,39.531,-84.3953
KMXA,35.8944,-90.1546
KMXF,32.3829,-86.3658
KMXO,42.2204,-91.1633
KMYF,32.8157,-117.14
KMYJ,39.1575,-91.8183
KMYL,44.8888,-116.1011
KMYR,33.6797,-78.9283
KMYV,39.0978,-121.57
KMYZ,39.8564,-96.6307
KMZH,46.4188,-92.8047
KMZJ,32.5106,-111.328
KMZZ,40.4899,-85.6797
KNBC,32.4774,-80.7232
KNBG,29.8253,-90.035
KNBJ,30.3891,-87.6353
KNCA,34.7084,-77.4397
KNDY,38.3325,-77.0372
KNDZ,30.7044,-87.023
KNEL,40.0333,-74.3533
KNEN,30.3539,-81.8719
KNEW,30.0424,-90.0283
KNFD,30.5077,-87.6455
KNFE,36.6916,-76.135
KNFG,33.3013,-117.355
KNFJ,30.5069,-86.9597
KNFL,39.4166,-118.701
KNFW,32.7692,-97.4415
KNGP,27.6926,-97.2911
KNGS,30.6108,-86.94
KNGU,36.9376,-76.2893
KNGW,27.7044,-97.4406
KNHK,38.286,-76.4118
KNHU,36.9556,-76.3035
KNID,35.6854,-117.692
KNIP,30.2358,-81.6806
KNJK,32.8292,-115.672
KNJM,34.6904,-77.0297
KNJW,32.7985,-88.8343
KNKT,34.9009,-76.8807
KNKX,32.8684,-117.143
KNLC,36.333,-119.952
KNLW,41.5039,-71.3258
KNMM,32.5531,-88.5541
KNOG,27.9011,-98.0517
KNOW,48.1415,-123.414
KNPA,30.3527,-87.3186
KNPI,30.5431,-87.3681
KNQA,35.3567,-89.8703
KNQB,30.5636,-87.8097
KNQI,27.5072,-97.8097
KNQX,24.5758,-81.6889
KNRA,48.1883,-122.632
KNRB,30.3911,-81.4247
KNRN,39.8504,-99.8947
KNRQ,30.6253,-87.14
KNRS,32.5667,-117.117
KNSE,30.7242,-87.0219
KNSI,33.2398,-119.458
KNSX,30.8151,-87.168
KNTD,34.1203,-119.121
KNTU,36.8207,-76.0335
KNUC,33.0227,-118.588
KNUI,38.1442,-76.4269
KNUQ,37.4161,-122.049
KNUW,48.3518,-122.656
KNVD,37.8521,-94.3049
KNVI,30.6997,-87.1956
KNWL,27.635,-97.3122
KNXP,34.2962,-116.162
KNYG,38.5017,-77.3053
KNYL,32.6509,-114.6094
KNZX,30.6807,-86.8872
KNZY,32.6992,-117.215
KOAJ,34.8292,-77.6121
KOAK,37.7201,-122.2212
KOAR,36.6819,-121.762
KOBE,27.2628,-80.8498
KOBI,39.2192,-74.7948
KOCF,29.1726,-82.2242
KOCH,31.578,-94.7095
KOCQ,44.8743,-87.9117
KOCW,35.5705,-77.0498
KODO,31.9206,-102.387
KODX,41.6242,-98.9524
KOEA,38.6852,-87.5431
KOEB,41.9334,-85.0526
KOEL,39.1099,-100.816
KOEO,45.31,-92.6919
KOFF,41.1193,-95.9085
KOFK,41.9855,-97.4351
KOFP,37.709,-77.4367
KOGA,41.1195,-101.77
KOGB,33.4568,-80.8595
KOGD,41.1959,-112.012
KOGM,46.8455,-89.3671
KOGS,44.6819,-75.4655
KOIC,42.5666,-75.5241
KOIN,39.8339,-100.539
KOJA,35.5448,-98.6685
KOJC,38.8476,-94.7376
KOKB,33.2179,-117.3517
KOKC,35.3934,-97.5982
KOKH,48.2515,-122.674
KOKK,40.5282,-86.059
KOKM,35.6681,-95.9487
KOKS,41.401,-102.355
KOKV,39.1435,-78.1444
KOKZ,32.9667,-82.8382
KOLD,44.9528,-68.6743
KOLE,42.2412,-78.3714
KOLF,48.0945,-105.575
KOLG,46.3148,-91.8164
KOLM,46.9694,-122.903
KOLS,31.4177,-110.848
KOLU,41.4481,-97.3402
KOLV,34.9787,-89.7869
KOLY,38.7218,-88.1764
KOLZ,42.6809,-91.9737
KOMA,41.3032,-95.8941
KOMH,38.2472,-78.0456
KOMK,48.4644,-119.518
KOMN,29.3006,-81.1136
KONA,44.0772,-91.7083
KONL,42.4689,-98.687
KONM,34.0225,-106.903
KONO,44.0198,-117.0133
KONP,44.5804,-124.058
KONT,34.056,-117.601
KONX,36.3989,-76.0163
KONY,33.3509,-98.8192
KONZ,42.0991,-83.1615
KOOA,41.2262,-92.4939
KOPF,25.907,-80.2784
KOPL,30.5584,-92.0994
KOPN,32.9546,-84.2632
KOQN,39.9901,-75.5819
KOQU,41.5971,-71.4121
KOQW,42.0507,-90.7392
KORB,48.0159,-92.8561
KORD,41.9786,-87.9048
KORE,42.5701,-72.2886
KORF,36.8953,-76.201
KORG,30.0692,-93.8009
KORH,42.2673,-71.8757
KORK,34.8331,-92.2541
KORL,28.5455,-81.3329
KORS,48.7082,-122.91
KOSA,33.0955,-94.9615
KOSC,44.4516,-83.3941
KOSH,43.9844,-88.557
KOSU,40.0798,-83.073
KOSX,33.0903,-89.542
KOTG,43.6548,-95.5774
KOTH,43.4171,-124.246
KOTM,41.1064,-92.4498
KOUN,35.2456,-97.4721
KOVE,39.4878,-121.622
KOVL,44.7786,-95.0328
KOVO,39.0456,-85.6053
KOVS,43.1602,-90.6755
KOWA,44.1234,-93.2606
KOWB,37.7401,-87.1668
KOWD,42.1905,-71.1729
KOWI,38.5387,-95.253
KOWK,44.7155,-69.8665
KOWP,36.1753,-96.1518
KOWX,41.0356,-83.982
KOXB,38.3104,-75.124
KOXC,41.4786,-73.1352
KOXD,39.5023,-84.7844
KOXI,41.3301,-86.6623
KOXR,34.2008,-119.207
KOXV,41.2989,-93.1138
KOYM,41.4125,-78.5026
KOZA,30.7353,-101.203
KOZR,31.2757,-85.7134
KOZW,42.6292,-83.9821
KPAE,47.9063,-122.282
KPAH,37.0608,-88.7738
KPAM,30.0696,-85.5754
KPAN,34.2568,-111.339
KPAO,37.4611,-122.115
KPBF,34.1741,-91.9356
KPBG,44.6509,-73.4681
KPBH,45.709,-90.4025
KPBI,26.6832,-80.0956
KPBX,37.5608,-82.5701
KPCA,32.6628,-111.488
KPCM,28.0002,-82.1642
KPCW,41.5156,-82.8683
KPCZ,44.3333,-89.0198
KPDC,43.0193,-91.1237
KPDK,33.8763,-84.3021
KPDT,45.6951,-118.841
KPDX,45.5887,-122.598
KPEA,41.4001,-92.9459
KPEO,42.6371,-77.0529
KPEQ,31.3824,-103.511
KPEX,45.3721,-94.7447
KPEZ,28.9542,-98.52
KPFC,45.1998,-123.962
KPGA,36.9242,-111.4477
KPGD,26.9202,-81.9905
KPGR,36.0629,-90.5078
KPGV,35.6355,-77.3843
KPHD,40.4709,-81.4197
KPHF,37.1319,-76.493
KPHG,39.7358,-99.3171
KPHH,33.4517,-79.5262
KPHK,26.785,-80.6934
KPHL,39.8719,-75.2411
KPHN,42.911,-82.5289
KPHP,44.0485,-101.6009
KPHT,36.3382,-88.3829
KPHX,33.4353,-112.0059
KPIA,40.6638,-89.6926
KPIB,31.4671,-89.3371
KPIE,27.9102,-82.6874
KPIH,42.9098,-112.596
KPIL,26.1662,-97.3459
KPIM,32.8407,-84.8824
KPIR,44.3827,-100.286
KPIT,40.4915,-80.2329
KPJC,40.8016,-80.1607
KPJY,37.9779,-89.3605
KPKB,39.3451,-81.4392
KPKD,46.9006,-95.0731
KPKF,45.955,-90.4244
KPKV,28.654,-96.6813
KPLD,40.4508,-84.9901
KPLK,36.6259,-93.2289
KPLN,45.5709,-84.7967
KPLR,33.5588,-86.2491
KPLU,47.1039,-122.287
KPMB,48.9425,-97.2408
KPMD,34.6294,-118.085
KPMH,38.8405,-82.8473
KPMP,26.2471,-80.1111
KPMU,34.3635,-89.8926
KPMV,40.9479,-95.9173
KPMZ,35.8084,-76.7593
KPNA,42.7955,-109.807
KPNC,36.732,-97.0998
KPNE,40.0824,-75.0106
KPNM,45.5599,-93.6082
KPNN,45.2007,-67.5644
KPNS,30.4727,-87.1866
KPNT,40.9243,-88.6245
KPOB,35.1709,-79.0145
KPOC,34.0916,-117.782
KPOE,31.0448,-93.1917
KPOF,36.7739,-90.3249
KPOH,42.7428,-94.6473
KPOU,41.6266,-73.8842
KPOV,41.2102,-81.2516
KPOY,44.8672,-108.793
KPPA,35.613,-100.996
KPPF,37.3299,-95.5062
KPPO,41.5725,-86.7345
KPPQ,39.6389,-90.7784
KPQI,46.689,-68.0448
KPQL,30.4628,-88.5292
KPQN,43.9833,-96.3003
KPRB,35.6729,-120.627
KPRC,34.6535,-112.4199
KPRG,39.7002,-87.6696
KPRN,31.8457,-86.6107
KPRO,41.828,-94.1599
KPRS,29.6342,-104.3615
KPRX,33.6366,-95.4508
KPRZ,34.1455,-103.41
KPSB,40.8844,-78.0873
KPSC,46.2647,-119.119
KPSF,42.4268,-73.2929
KPSK,37.1373,-80.6785
KPSM,43.0779,-70.8233
KPSN,31.7797,-95.7063
KPSO,37.2863,-107.056
KPSP,33.8297,-116.507
KPSX,28.7275,-96.251
KPTB,37.1838,-77.5074
KPTD,44.6766,-74.9486
KPTK,42.6655,-83.4201
KPTN,29.7095,-91.339
KPTS,37.4495,-94.7311
KPTT,37.7016,-98.7469
KPTV,36.0296,-119.063
KPTW,40.2396,-75.5567
KPUB,38.2891,-104.497
KPUC,39.6139,-110.751
KPUJ,33.9123,-84.9411
KPUW,46.7416,-117.1116
KPVB,42.6894,-90.4444
KPVC,42.0719,-70.2214
KPVD,41.725,-71.4257
KPVE,35.6564,-88.1954
KPVF,38.7242,-120.753
KPVG,36.7804,-76.4488
KPVJ,34.7111,-97.2232
KPVU,40.2189,-111.7224
KPVW,34.1681,-101.717
KPWA,35.5342,-97.6471
KPWC,46.7248,-94.3817
KPWD,48.7903,-104.534
KPWG,31.4849,-97.3165
KPWK,42.1142,-87.9015
KPWM,43.6462,-70.3093
KPWT,47.4902,-122.765
KPXE,32.5106,-83.7673
KPYG,34.7421,-80.3452
KPYM,41.909,-70.7288
KPYN,37.1267,-90.7129
KPYP,34.09,-85.6101
KPYX,36.4129,-100.752
KPZQ,45.4071,-83.8129
KRAC,42.7606,-87.8152
KRAL,33.9519,-117.445
KRAP,44.0453,-103.057
KRAS,27.8118,-97.0888
KRAW,38.3469,-93.3454
KRBD,32.6809,-96.8682
KRBE,42.5697,-99.5684
KRBG,43.2388,-123.356
KRBL,40.1507,-122.252
KRBM,34.8477,-92.2995
KRBO,27.7781,-97.6901
KRBW,32.921,-80.6406
KRCA,44.145,-103.104
KRCK,30.6316,-96.9897
KRCM,38.7842,-93.8029
KRCP,39.3466,-99.3046
KRCR,41.0656,-86.1817
KRCT,43.9018,-85.516
KRCX,45.4968,-91.0005
KRCZ,34.8913,-79.7596
KRDD,40.509,-122.293
KRDG,40.3785,-75.9652
KRDK,41.0105,-95.2599
KRDM,44.2541,-121.15
KRDR,47.9611,-97.4012
KRDU,35.8787,-78.7873
KRED,45.1846,-109.2577
KREI,34.0853,-117.146
KREO,42.5777,-117.885
KRFD,42.1954,-89.0972
KRFG,28.2936,-97.323
KRFI,32.1417,-94.8517
KRGK,44.5894,-92.485
KRHI,45.6312,-89.4675
KRHP,35.1952,-83.863
KRHV,37.3329,-121.819
KRIC,37.5052,-77.3197
KRID,39.7572,-84.8428
KRIF,38.7341,-112.1016
KRIL,39.5263,-107.727
KRIR,33.9897,-117.411
KRIU,38.4868,-121.1028
KRIV,33.8807,-117.259
KRIW,43.0642,-108.46
KRJD,38.9701,-75.8663
KRKD,44.0601,-69.0992
KRKP,28.0868,-97.0446
KRKR,35.0216,-94.6213
KRKS,41.5942,-109.065
KRKW,35.9223,-84.6897
KRLD,46.3056,-119.304
KRME,43.2338,-75.407
KRMG,34.3506,-85.158
KRMN,38.3981,-77.4555
KRMY,42.2512,-84.9555
KRNC,35.6987,-85.8438
KRND,29.5297,-98.2789
KRNH,45.1483,-92.5381
KRNM,33.0392,-116.915
KRNO,39.4991,-119.768
KRNP,42.993,-84.1389
KRNT,47.4931,-122.216
KRNV,33.7611,-90.7579
KROA,37.3255,-79.9754
KROC,43.1189,-77.6724
KROG,36.3723,-94.1069
KROS,45.698,-92.953
KROW,33.3016,-104.531
KROX,48.856,-95.697
KRPB,39.8179,-97.6596
KRPD,45.423,-91.7731
KRPH,33.1102,-98.5553
KRPJ,41.893,-89.0783
KRPX,46.4751,-108.5415
KRQB,43.7226,-85.5041
KRQE,35.6521,-109.067
KRQO,35.4727,-98.0058
KRRL,45.1989,-89.7129
KRRQ,43.4522,-96.1798
KRRT,48.9414,-95.3484
KRSL,38.8721,-98.8118
KRSN,32.5142,-92.5885
KRST,43.9083,-92.5
KRSV,39.016,-87.6498
KRSW,26.5347,-81.7528
KRTN,36.7415,-104.502
KRUE,35.2591,-93.0933
KRUG,48.3904,-100.024
KRUQ,35.6459,-80.5203
KRUT,43.5294,-72.9496
KRVJ,32.0595,-82.1538
KRVL,40.6774,-77.6268
KRVN,36.4576,-82.885
KRVS,36.0396,-95.9846
KRWF,44.5472,-95.0823
KRWI,35.8563,-77.8919
KRWL,41.8056,-107.2
KRWN,41.0922,-86.6134
KRWV,30.5155,-96.7041
KRXE,43.8339,-111.805
KRYM,46.0912,-94.3605
KRYN,32.1422,-111.175
KRYV,43.1696,-88.7232
KRYW,30.4986,-97.9695
KRYY,34.0132,-84.5972
KRZL,40.9479,-87.1826
KRZN,45.8227,-92.3725
KRZR,35.2115,-84.7998
KRZT,39.4404,-83.0231
KSAA,41.4449,-106.824
KSAC,38.5125,-121.493
KSAD,32.8548,-109.635
KSAF,35.6171,-106.089
KSAN,32.7336,-117.19
KSAR,38.1489,-89.6987
KSAS,33.2414,-115.952
KSAT,29.5337,-98.4698
KSAV,32.1266,-81.2
KSAW,46.3515,-87.3959
KSAZ,46.3809,-94.8066
KSBA,34.4262,-119.84
KSBD,34.0967,-117.2366
KSBM,43.7696,-87.8514
KSBN,41.7083,-86.3169
KSBO,32.6091,-82.3699
KSBP,35.2368,-120.642
KSBS,40.5163,-106.866
KSBU,43.5953,-94.0928
KSBX,48.5407,-111.871
KSBY,38.3405,-75.5103
KSCB,41.6103,-96.6299
KSCD,33.1718,-86.3055
KSCH,42.8525,-73.9289
KSCK,37.8933,-121.2381
KSCX,36.4555,-84.586
KSDA,40.7516,-95.4137
KSDC,43.2346,-77.1194
KSDF,38.1706,-85.7351
KSDL,33.6229,-111.911
KSDM,32.5726,-116.98
KSDY,47.7051,-104.1944
KSEA,47.4479,-122.3103
KSEE,32.8262,-116.972
KSEF,27.4564,-81.3424
KSEG,40.8206,-76.8639
KSEM,32.3439,-86.9878
KSEP,32.2153,-98.1777
KSEQ,29.5645,-97.9025
KSER,38.9236,-85.9074
KSET,38.9297,-90.43
KSEZ,34.8486,-111.788
KSFB,28.7743,-81.2346
KSFF,47.6829,-117.3219
KSFM,43.3939,-70.708
KSFO,37.6198,-122.3748
KSFQ,36.6824,-76.6019
KSFY,42.0458,-90.1079
KSFZ,41.9208,-71.4914
KSGF,37.245,-93.3886
KSGH,39.8403,-83.8402
KSGJ,29.9592,-81.3398
KSGR,29.6223,-95.6565
KSGS,44.8571,-93.0329
KSGT,34.5995,-91.575
KSGU,37.0364,-113.5103
KSHD,38.2638,-78.8964
KSHL,43.2084,-95.8334
KSHN,47.2336,-123.148
KSHR,44.7692,-106.98
KSHV,32.4447,-93.8267
KSIF,36.4372,-79.851
KSIK,36.8989,-89.5618
KSIV,39.1147,-87.4483
KSIY,41.7814,-122.468
KSJC,37.3625,-121.9292
KSJN,34.5186,-109.379
KSJT,31.3577,-100.496
KSJX,45.6923,-85.5666
KSKA,47.6151,-117.656
KSKF,29.3842,-98.5811
KSKI,42.3791,-94.9797
KSKX,36.4525,-105.6775
KSLB,42.5973,-95.2407
KSLC,40.7889,-111.9799
KSLE,44.9095,-123.003
KSLG,36.1919,-94.49
KSLH,45.6537,-84.5193
KSLI,33.7909,-118.0503
KSLJ,31.1738,-89.1912
KSLK,44.3869,-74.2046
KSLN,38.791,-97.6522
KSLO,38.6429,-88.9642
KSLR,33.1598,-95.6211
KSMD,41.1434,-85.1528
KSME,37.0534,-84.6159
KSMF,38.6954,-121.591
KSMN,45.1222,-113.882
KSMO,34.0158,-118.451
KSMQ,40.626,-74.6702
KSMS,33.995,-80.3613
KSMX,34.8989,-120.457
KSNA,33.6751,-117.8693
KSNC,41.3842,-72.506
KSNH,35.1704,-88.2159
KSNK,32.6902,-100.9489
KSNL,35.3579,-96.9428
KSNS,36.6628,-121.606
KSNY,41.1013,-102.985
KSOA,30.5857,-100.649
KSOP,35.2372,-79.3894
KSOW,34.2641,-110.0071
KSPA,34.9157,-81.9565
KSPB,45.771,-122.862
KSPF,44.4803,-103.783
KSPG,27.7651,-82.627
KSPH,32.9834,-93.4092
KSPI,39.8441,-89.6779
KSPK,40.145,-111.6677
KSPS,33.9888,-98.4919
KSPW,43.1655,-95.2028
KSPZ,39.403,-119.251
KSQI,41.7422,-89.6736
KSQL,37.5131,-122.2508
KSRB,36.0559,-85.5307
KSRC,35.2106,-91.7375
KSRE,35.2747,-96.6752
KSRQ,27.3946,-82.5544
KSRR,33.4628,-105.535
KSSC,33.9727,-80.4706
KSSF,29.337,-98.4711
KSSI,31.1518,-81.3913
KSSQ,45.7314,-91.9207
KSTC,45.5466,-94.0599
KSTE,44.5452,-89.5303
KSTF,33.4331,-88.8486
KSTJ,39.7719,-94.9097
KSTK,40.6135,-103.2638
KSTL,38.7487,-90.37
KSTP,44.9348,-93.06
KSTS,38.509,-122.813
KSUA,27.1817,-80.2211
KSUD,35.7896,-96.6557
KSUE,44.8437,-87.4215
KSUN,43.5044,-114.296
KSUO,43.2585,-100.8595
KSUS,38.6621,-90.652
KSUT,33.9293,-78.075
KSUU,38.2627,-121.927
KSUW,46.6886,-92.095
KSUX,42.3976,-96.3822
KSUZ,34.5906,-92.4794
KSVC,32.6367,-108.1547
KSVE,40.3757,-120.573
KSVH,35.7653,-80.9539
KSVN,32.01,-81.1457
KSWF,41.5042,-74.1089
KSWI,33.6242,-96.5861
KSWO,36.1621,-97.0856
KSWT,40.8647,-97.1092
KSWW,32.4674,-100.467
KSXK,42.9858,-96.1614
KSXL,38.2316,-80.8708
KSYF,39.7611,-101.796
KSYI,35.5601,-86.4425
KSYN,44.4756,-93.0168
KSYR,43.1112,-76.1063
KSYV,31.5585,-83.8957
KSZL,38.7303,-93.5479
KSZN,34.0601,-119.9152
KSZP,34.3472,-119.061
KSZT,48.2995,-116.56
KSZY,35.2029,-88.4984
KTAD,37.2594,-104.341
KTAN,41.8744,-71.0166
KTAZ,39.5342,-89.3278
KTBN,37.7416,-92.1407
KTBR,32.4827,-81.7369
KTCC,35.1828,-103.603
KTCL,33.2206,-87.6114
KTCM,47.1377,-122.476
KTCS,33.2369,-107.272
KTCY,37.689,-121.442
KTDF,36.2849,-78.9842
KTDO,46.4772,-122.806
KTDW,35.1699,-101.826
KTDZ,41.5649,-83.4823
KTEB,40.8501,-74.0608
KTEL,38.0177,-86.6909
KTEW,42.5658,-84.4232
KTEX,37.9538,-107.908
KTFP,27.913,-97.2115
KTGC,35.9325,-88.8489
KTGI,37.8251,-75.9978
KTHA,35.3801,-86.2464
KTHM,47.5735,-115.281
KTHV,39.917,-76.873
KTIF,41.9627,-100.5704
KTIK,35.4147,-97.3866
KTIP,40.2936,-88.1424
KTIW,47.2674,-122.5773
KTIX,28.5148,-80.7992
KTKC,44.2491,-95.6073
KTKI,33.1779,-96.5905
KTKO,39.805,-98.2206
KTKV,45.4691,-89.8057
KTKX,36.2259,-90.0366
KTLH,30.4012,-84.3543
KTLR,36.1563,-119.326
KTMA,31.429,-83.4885
KTMB,25.6479,-80.4328
KTME,29.8072,-95.8979
KTMK,45.4182,-123.814
KTNP,34.1339,-115.9473
KTNT,25.8618,-80.897
KTNU,41.6744,-93.0217
KTNX,37.7988,-116.781
KTOA,33.8034,-118.34
KTOB,44.018,-92.8315
KTOC,34.5938,-83.2958
KTOI,31.8604,-86.0121
KTOL,41.5868,-83.8078
KTOP,39.0699,-95.6226
KTOR,42.0645,-104.153
KTPA,27.9755,-82.5332
KTPF,27.9156,-82.4493
KTPH,38.0602,-117.087
KTPL,31.1525,-97.4078
KTQE,41.7635,-96.1779
KTQH,35.9289,-95.0045
KTQK,38.4743,-100.885
KTRI,36.4752,-82.4074
KTRK,39.3186,-120.1406
KTRL,32.7092,-96.2674
KTRM,33.6267,-116.16
KTRX,40.0835,-93.5906
KTSO,40.5619,-81.0775
KTSP,35.135,-118.439
KTTA,35.5837,-79.1008
KTTD,45.5494,-122.401
KTTF,41.9399,-83.4347
KTTN,40.2767,-74.8135
KTTS,28.615,-80.6945
KTUL,36.1971,-95.8862
KTUP,34.2681,-88.7699
KTUS,32.115,-110.9381
KTVB,37.1324,-92.084
KTVC,44.7414,-85.5822
KTVF,48.0657,-96.185
KTVI,30.9016,-83.8813
KTVK,40.6839,-92.901
KTVL,38.8939,-119.995
KTVR,32.3516,-91.0277
KTVY,40.6123,-112.351
KTWF,42.4818,-114.488
KTWM,47.0492,-91.7451
KTWT,37.5408,-87.9518
KTXK,33.4537,-93.991
KTYL,34.4528,-110.115
KTYQ,40.0307,-86.2514
KTYR,32.3541,-95.4024
KTYS,35.811,-83.994
KTZR,39.9012,-83.1369
KTZT,41.8788,-92.2846
KTZV,36.729,-85.6524
KUAO,45.2471,-122.77
KUBE,45.506,-91.9801
KUBS,33.4654,-88.3803
KUBX,38.0688,-91.4289
KUCP,41.0253,-80.4134
KUCY,36.3818,-88.9854
KUDD,33.7485,-116.275
KUDG,34.4494,-79.8901
KUES,43.041,-88.2371
KUGN,42.4222,-87.8679
KUIL,47.9366,-124.563
KUIN,39.9427,-91.1946
KUKF,36.2228,-81.0983
KUKI,39.126,-123.201
KUKL,38.3025,-95.725
KUKT,40.4352,-75.3819
KULM,44.3196,-94.5023
KULS,37.604,-101.374
KUMP,39.9352,-86.045
KUNI,39.2118,-82.2295
KUNO,36.8784,-91.9027
KUNU,43.4266,-88.7032
KUNV,40.8494,-77.8485
KUOS,35.2048,-85.8991
KUOX,34.3843,-89.5368
KUSE,41.6101,-84.1272
KUTA,34.685,-90.3478
KUTS,30.7469,-95.5872
KUUU,41.5322,-71.281
KUUV,38.2335,-91.1643
KUVA,29.2113,-99.7436
KUWL,39.8759,-85.3265
KUXL,30.1314,-93.3761
KUYF,39.9327,-83.462
KUZA,34.9878,-81.0572
KVAD,30.9678,-83.193
KVAY,39.9429,-74.8457
KVBG,34.7373,-120.584
KVBT,36.3457,-94.2193
KVCB,38.3768,-121.962
KVCT,28.8526,-96.9185
KVCV,34.5975,-117.383
KVDF,28.014,-82.3453
KVDI,32.1927,-82.3712
KVEL,40.4362,-109.5117
KVER,38.9467,-92.6827
KVES,40.2044,-84.5319
KVGC,42.8438,-75.5614
KVGT,36.2091,-115.194
KVHN,31.0578,-104.784
KVIH,38.1274,-91.7695
KVIQ,44.5581,-90.5122
KVIS,36.3187,-119.393
KVJI,36.6871,-82.0333
KVKS,32.2393,-90.9284
KVLA,38.9915,-89.1662
KVLD,30.7825,-83.2767
KVLL,42.5429,-83.1779
KVMR,42.7653,-96.9343
KVNC,27.0705,-82.4408
KVNW,40.8647,-84.6094
KVNY,34.2098,-118.49
KVOK,43.939,-90.2534
KVPC,34.1231,-84.8487
KVPS,30.4813,-86.5158
KVPZ,41.454,-87.0071
KVQQ,30.2187,-81.8767
KVRB,27.6556,-80.4179
KVSF,43.3436,-72.5173
KVTA,40.0247,-82.4618
KVTI,42.2182,-92.0259
KVTN,42.8562,-100.5492
KVUJ,35.4167,-80.1508
KVUO,45.6205,-122.656
KVVS,39.9609,-79.6577
KVVV,45.3057,-96.4244
KVWU,48.1541,-94.5169
KVYS,41.3519,-89.1531
KWAL,37.9408,-75.4623
KWAY,39.9011,-80.1307
KWBW,41.2972,-75.8512
KWDG,36.3792,-97.7911
KWDR,33.9829,-83.6674
KWEA,32.7463,-97.6824
KWHP,34.2593,-118.413
KWJF,34.7411,-118.219
KWLD,37.1686,-97.0376
KWLW,39.5164,-122.218
KWMC,40.8966,-117.806
KWRB,32.6401,-83.5919
KWRI,40.0156,-74.5917
KWRL,43.9657,-107.951
KWST,41.3496,-71.8034
KWVI,36.9357,-121.79
KWVL,44.5332,-69.6755
KWWD,39.0085,-74.9083
KWWR,36.438,-99.5227
KWYS,44.6884,-111.118
KXBP,33.1753,-97.8284
KXFL,29.4674,-81.2063
KXLL,40.5701,-75.4868
KXMR,28.4676,-80.5666
KXNA,36.2819,-94.3068
KXNI,35.0607,-108.9376
KXNO,33.6094,-81.0833
KXSA,37.8596,-76.8941
KXTA,37.235,-115.811
KXVG,46.9902,-94.204
KXWA,48.2609,-103.7512
KYIP,42.2379,-83.5304
KYKM,46.5682,-120.544
KYKN,42.9167,-97.3859
KYNG,41.2607,-80.6791
KZEF,36.28,-80.7861
KZER,40.7065,-76.3731
KZPH,28.2282,-82.1559
KZZV,39.9444,-81.8921
LAFK,41.3111,19.88
LAKU,42.0358,20.416
LAKV,40.7719,19.9019
LATI,41.4147,19.7206
LBAM,42.9487,25.3589
LBBA,43.2061,24.6556
LBBG,42.5699,27.5152
LBBO,43.3069,24.6917
LBBQ,43.4635,25.7116
LBBZ,43.7284,26.1197
LBDA,42.3213,25.8937
LBDB,42.3091,23.8202
LBGI,42.0358,25.4083
LBGO,43.1514,25.7129
LBGR,43.4149,24.7337
LBHT,42.4219,23.7672
LBKJ,43.97,27.4698
LBKL,42.586,25.427
LBLN,42.6185,23.5006
LBLS,42.6325,23.6501
LBMA,42.2652,24.7205
LBMD,42.7064,27.7664
LBML,42.56,26.7765
LBMO,43.3826,23.2632
LBPD,42.0678,24.8508
LBPG,42.2904,24.714
LBPL,43.4518,24.5024
LBPR,42.2596,27.7038
LBRD,43.4992,23.3047
LBRS,43.6948,26.0567
LBSB,42.7266,27.6245
LBSF,42.6964,23.4177
LBSK,41.6303,25.4808
LBSL,42.6453,26.3588
LBST,42.5379,24.8274
LBSV,43.227,27.9394
LBSZ,42.3767,25.655
LBVD,44.0224,22.8161
LBVR,43.2559,23.5327
LBWB,43.4238,28.1813
LBWC,43.1881,27.8483
LBWN,43.2321,27.8251
LCEN,35.1531,33.5074
LCGK,35.2359,33.7201
LCLK,34.8751,33.6249
LCPH,34.718,32.4857
LCRA,34.5904,32.9879
LDDU,42.5622,18.2655
LDHB,44.8925,13.7501
LDHE,44.9657,14.3986
LDHR,44.7688,14.7329
LDLO,44.567,14.3939
LDOB,45.3864,18.9628
LDOC,45.5428,18.6319
LDOR,45.1561,17.9881
LDOS,45.4624,18.8113
LDOV,45.2511,18.7592
LDPL,44.8935,13.9222
LDPM,44.8439,13.9044
LDPN,44.6283,14.2411
LDPV,45.1417,13.6306
LDRG,45.3795,14.5038
LDRI,45.2164,14.5709
LDRO,44.8455,15.2886
LDSB,43.2845,16.6784
LDSH,43.1817,16.6333
LDSP,43.5389,16.298
LDSS,43.7003,16.6714
LDVA,46.2947,16.3832
LDVC,46.3919,16.5003
LDVD,45.5594,17.0331
LDVK,46.2131,16.8372
LDZA,45.7429,16.0688
LDZB,45.6475,16.1244
LDZD,44.097,15.3536
LDZE,45.8231,16.5
LDZI,45.7199,16.3433
LDZJ,45.8608,16.8358
LDZK,46.0127,15.8602
LDZL,45.7667,15.8497
LDZP,44.6996,15.7817
LDZS,45.4656,16.4864
LEAB,38.9485,-1.8635
LEAF,40.8981,-0.3964
LEAL,38.2822,-0.5582
LEAM,36.8439,-2.3701
LEAP,42.2603,3.1096
LEAS,43.5636,-6.0346
LEAX,36.8017,-4.1356
LEAY,38.6343,-3.7895
LEBA,37.842,-4.8489
LEBB,43.3011,-2.9106
LEBC,41.807,3.0365
LEBD,40.4846,-6.5771
LEBE,38.2719,-2.9529
LEBG,42.3576,-3.6208
LEBL,41.2971,2.0785
LEBP,39.9579,-0.0116
LEBS,41.5077,1.7877
LEBU,40.8569,-3.7421
LEBZ,38.8913,-6.8213
LECA,41.4108,-3.4483
LECC,38.9291,1.4663
LECD,42.3864,1.8667
LECE,41.1337,1.1874
LECF,41.7442,1.5569
LECH,40.2139,0.0733
LECI,42.5692,-0.7278
LECN,39.9984,0.0264
LECO,43.3021,-8.3773
LECT,39.0136,-4.3871
LECU,40.3707,-3.7851
LECV,40.6973,-3.7633
LEDA,41.7282,0.535
LEDE,37.8366,-4.8964
LEDG,40.4493,-3.6461
LEDO,40.3747,-3.6999
LEDV,40.3577,-4.3761
LEEC,37.3132,-5.9991
LEEI,39.9241,-4.8013
LEEL,43.5497,-5.6954
LEEM,38.7775,-6.9911
LEER,40.8554,-3.6179
LEET,42.6329,-6.6486
LEEV,40.7839,-4.4628
LEEX,37.3993,-6.0107
LEFM,40.8891,-4.2402
LEFR,41.3539,2.1292
LEGA,37.1332,-3.6357
LEGC,38.1717,-5.7395
LEGD,41.2139,1.2416
LEGE,41.9046,2.7618
LEGR,37.1887,-3.7774
LEGS,41.2739,1.9147
LEGT,40.2941,-3.7238
LEGU,39.3457,-5.1974
LEGV,43.4417,-2.7536
LEGY,41.82,-2.4764
LEHA,40.3497,-3.8382
LEHC,42.0761,-0.3167
LEHE,39.0711,-1.8346
LEHG,41.4736,2.0425
LEHH,40.4195,-3.5323
LEHJ,41.1256,1.2381
LEHM,41.72,1.8406
LEHU,43.3772,-5.8264
LEHV,42.1878,-8.7141
LEIB,38.8729,1.3731
LEIG,41.5856,1.6531
LEIU,43.1819,-2.6464
LEIZ,38.5131,-3.3643
LEJC,41.3825,2.1092
LEJL,41.4796,2.2385
LEJN,41.1446,1.1251
LEJO,42.1344,-3.731
LEJR,36.7446,-6.0601
LEJT,41.9979,2.8214
LEJU,37.295,-6.1625
LELA,38.7479,-3.5146
LELB,40.4752,-2.3835
LELC,37.775,-0.8124
LELH,37.7489,-1.3022
LELL,41.5209,2.1051
LELM,38.895,-1.1132
LELN,42.5907,-5.6534
LELO,42.461,-2.3222
LELT,39.7169,-3.3206
LELV,40.3866,-3.6158
LEMD,40.4934,-3.5722
LEME,39.9682,4.0937
LEMF,37.3643,-6.9209
LEMG,36.6749,-4.4991
LEMH,39.8626,4.2187
LEMI,37.8029,-1.1249
LEMN,40.6664,0.5647
LEMO,37.1749,-5.6159
LEMP,37.8368,-1.0977
LEMR,43.4292,-5.8306
LEMS,41.7653,1.8617
LEMT,40.235,-4.0264
LEMU,38.4406,-0.4753
LEMX,39.5621,-3.2508
LENA,42.0228,0.4822
LENB,39.9968,3.8141
LENE,38.6697,-3.3032
LENH,41.5608,2.4297
LENM,38.9175,1.4194
LENN,38.1149,-4.1155
LENT,39.2672,-4.4904
LEOC,39.9375,-3.5033
LEOR,42.1322,2.9039
LEOS,42.3331,-5.4519
LEOT,38.6157,-1.5265
LEPA,39.5517,2.7388
LEPB,41.3643,2.183
LEPI,39.2982,-2.3787
LEPJ,42.7164,-0.3001
LEPP,42.77,-1.6463
LEPR,37.7144,-5.2152
LEPS,41.1859,1.1599
LEPV,43.6748,-7.5952
LEPY,41.5835,2.5608
LEPZ,38.9122,-4.1911
LEQE,42.2155,-8.4264
LERA,41.3833,2.1083
LERB,42.4809,-6.2724
LERE,39.4747,-1.0344
LERG,42.1048,1.8581
LERI,37.9511,-1.2303
LERL,38.8565,-3.9699
LERM,40.8653,-3.2478
LERO,43.116,-7.4636
LERP,42.5923,-4.2902
LERS,41.1475,1.1684
LERT,36.6452,-6.3495
LERV,41.572,2.262
LERY,40.3404,-3.8695
LESA,40.9521,-5.502
LESB,39.5989,2.7028
LESE,38.7308,-4.3131
LESL,39.8619,4.2517
LESO,43.3565,-1.7906
LESP,41.4135,2.172
LESS,40.2042,-2.1439
LEST,42.8963,-8.4151
LESU,42.3386,1.4092
LETA,41.574,2.2572
LETB,42.2955,-6.2145
LETC,41.5306,-4.925
LETE,39.0369,-6.6906
LETF,36.8718,-5.6488
LETI,40.2439,-4.7944
LETK,41.4066,2.128
LETL,40.4103,-1.2174
LETM,42.0155,2.3193
LETO,40.4879,-3.4568
LETP,41.2042,-3.5947
LETR,42.1694,0.8928
LETS,40.4498,-3.6931
LETT,40.8113,0.5234
LETV,42.5188,1.2423
LETZ,41.7853,-4.8647
LEUL,41.5243,1.9716
LEVB,41.8247,-4.8931
LEVC,39.4892,-0.481
LEVD,41.7061,-4.8519
LEVE,38.4206,-6.3569
LEVF,43.5525,-7.0878
LEVH,42.6971,0.8016
LEVO,38.7509,-2.8421
LEVR,42.3047,0.7131
LEVT,42.8828,-2.7245
LEVX,42.2318,-8.6268
LEXE,41.5538,2.0664
LEXJ,43.4271,-3.82
LEZA,42.069,-7.4749
LEZG,41.6662,-1.0415
LEZL,37.418,-5.8931
LEZO,40.936,-3.625
LFAB,49.8847,1.081
LFAC,50.9621,1.9548
LFAD,49.4312,2.8015
LFAE,50.0682,1.4247
LFAF,49.5958,3.6317
LFAG,49.8689,3.0296
LFAI,48.5962,3.0068
LFAJ,48.7095,0.0029
LFAK,51.0396,2.5491
LFAL,47.6926,-0.0022
LFAM,50.4231,1.5919
LFAO,48.5458,-0.3874
LFAP,49.481,4.3633
LFAQ,49.97,2.6939
LFAR,49.6721,2.5678
LFAS,48.9272,-0.1447
LFAT,50.5183,1.6217
LFAU,49.6228,-1.8307
LFAV,50.3278,3.4611
LFAW,49.4104,5.8893
LFAX,48.5392,0.532
LFAY,49.873,2.3871
LFBA,44.1742,0.5931
LFBC,44.5333,-1.125
LFBD,44.8287,-0.7154
LFBE,44.8253,0.5186
LFBF,43.5456,1.3675
LFBG,45.6583,-0.3175
LFBH,46.1792,-1.1953
LFBI,46.5877,0.3067
LFBJ,45.9022,0.9182
LFBK,46.2226,2.364
LFBL,45.8628,1.1794
LFBM,43.9117,-0.5075
LFBN,46.3135,-0.3945
LFBO,43.6291,1.3638
LFBP,43.38,-0.4186
LFBR,43.4489,1.2633
LFBS,44.3676,-1.1339
LFBT,43.1787,-0.0064
LFBU,45.7292,0.2215
LFBX,45.1981,0.8156
LFBY,43.6892,-1.0689
LFBZ,43.4684,-1.5232
LFCA,46.7826,0.5505
LFCB,42.8,0.6
LFCC,44.3514,1.4753
LFCD,44.755,-1.065
LFCE,46.1761,1.9538
LFCF,44.6733,1.7892
LFCG,43.0078,1.1032
LFCH,44.5964,-1.1108
LFCI,43.9139,2.1131
LFCJ,45.4842,-0.4214
LFCK,43.5563,2.2892
LFCL,43.5868,1.4992
LFCM,43.9893,3.183
LFCN,43.7697,-0.0328
LFCO,43.1635,-0.5615
LFCP,45.57,-0.515
LFCQ,43.7711,2.0108
LFCR,44.4079,2.4827
LFCS,44.7003,-0.5956
LFCT,46.9619,-0.1528
LFCU,45.5357,2.4245
LFCV,44.3695,2.0257
LFCW,44.3969,0.7589
LFCX,44.0864,1.1272
LFCY,45.6281,-0.9725
LFCZ,44.1459,-1.1643
LFDA,43.7094,-0.2453
LFDB,44.0257,1.378
LFDC,45.2744,-0.4522
LFDE,45.4214,2.0689
LFDF,44.8536,0.1767
LFDG,43.8839,1.8756
LFDH,43.6836,0.5997
LFDI,44.9835,-0.1384
LFDJ,43.0906,1.6958
LFDK,45.495,-1.0822
LFDL,47.0359,0.1006
LFDM,44.499,0.2005
LFDN,45.8878,-0.9831
LFDP,45.9592,-1.3161
LFDQ,43.2794,0.5217
LFDR,44.5681,-0.0561
LFDS,44.7917,1.2471
LFDT,43.2153,0.0773
LFDU,45.1978,-0.8822
LFDV,46.2728,0.1906
LFDW,46.5836,0.6425
LFDX,44.4609,1.0067
LFDY,44.876,-0.4804
LFEA,47.3253,-3.2013
LFEB,48.4434,-2.1031
LFEC,48.4632,-5.0636
LFED,48.0567,-2.9208
LFEF,47.3398,0.9459
LFEG,46.5963,1.6016
LFEH,47.4799,2.3933
LFEI,47.6144,2.7819
LFEJ,46.8409,1.62
LFEK,46.888,2.0399
LFEL,46.6208,1.0875
LFEM,47.9606,2.6858
LFEN,47.2661,0.6987
LFEP,47.2214,4.5611
LFEQ,47.4822,-3.1
LFER,47.6994,-2.0367
LFES,48.0525,-3.6647
LFET,47.5463,5.2104
LFEU,48.8675,5.1851
LFEV,47.4317,5.6178
LFEW,47.2393,4.2659
LFEX,48.5935,6.241
LFEY,46.7176,-2.3925
LFEZ,48.7244,6.2078
LFFB,48.3501,2.4244
LFFC,49.0788,1.6883
LFFD,48.8977,1.2508
LFFE,49.046,2.354
LFFG,48.757,3.2781
LFFH,49.0668,3.3555
LFFI,47.4081,-1.1775
LFFJ,48.3851,5.1435
LFFK,46.4414,-0.7928
LFFL,48.5158,1.64
LFFN,48.4304,4.4725
LFFO,46.8904,-2.0885
LFFP,48.1552,2.1876
LFFQ,48.4986,2.3369
LFFR,48.0659,4.4124
LFFT,48.359,5.7196
LFFU,46.8711,2.3769
LFFV,47.1941,2.0654
LFFW,46.9331,-1.3256
LFFX,46.5621,4.9756
LFFY,49.3053,1.6379
LFFZ,48.7096,3.7633
LFGA,48.1099,7.359
LFGB,47.7413,7.4322
LFGC,48.5533,7.7766
LFGE,47.5038,3.901
LFGF,47.0059,4.8934
LFGG,47.7007,6.8313
LFGH,47.3609,2.9159
LFGI,47.3853,4.9469
LFGJ,47.039,5.4276
LFGK,47.9945,3.3927
LFGL,46.675,5.4691
LFGM,46.6032,4.3382
LFGN,46.4658,4.1345
LFGO,48.2916,3.2457
LFGP,47.9802,3.7756
LFGQ,47.481,4.343
LFGR,49.1522,5.9334
LFGS,49.4836,5.5719
LFGT,48.7169,7.0743
LFGU,49.1281,7.1083
LFGW,49.1224,5.4691
LFGX,46.763,5.8197
LFGY,48.2665,7.0074
LFGZ,47.142,4.9685
LFHA,45.515,3.2675
LFHC,45.8697,5.1872
LFHD,44.3976,4.7176
LFHE,45.0661,5.1033
LFHF,44.4446,4.3328
LFHG,45.4919,4.5344
LFHH,45.4624,4.8281
LFHI,45.6869,5.4522
LFHJ,45.6542,4.9136
LFHL,44.7036,3.8849
LFHM,45.823,6.6494
LFHN,46.1233,5.8049
LFHO,44.5444,4.3722
LFHP,45.0807,3.7629
LFHQ,45.0764,2.9936
LFHR,45.3199,3.3616
LFHS,46.2009,5.292
LFHT,45.5162,3.7451
LFHU,45.0874,6.0836
LFHV,45.9183,4.6352
LFHW,46.1408,4.7138
LFHX,46.2539,3.5886
LFHY,46.5346,3.4237
LFIB,44.7825,0.9589
LFID,43.9103,0.3872
LFIF,43.8246,2.744
LFIG,44.1778,2.515
LFIH,45.2681,0.0169
LFIK,45.2387,0.2648
LFIL,43.9158,-0.9492
LFIM,43.1074,0.6191
LFIP,42.7967,0.4365
LFIR,43.4814,1.98
LFIS,50.8826,1.7358
LFIT,43.6122,1.7253
LFIV,45.3806,-1.1158
LFIX,43.3375,-1.4222
LFIY,45.965,-0.5234
LFJA,48.0807,5.0477
LFJB,46.9028,-0.6978
LFJC,47.4376,3.5074
LFJD,46.0405,5.4945
LFJE,44.4958,5.4028
LFJF,44.6945,5.1511
LFJH,43.2022,1.0511
LFJI,45.825,-1.0767
LFJL,48.9821,6.2513
LFJR,47.5603,-0.3122
LFJS,49.345,3.2827
LFJT,47.1493,0.7111
LFJU,46.7123,2.9448
LFJV,43.4253,-0.2869
LFJY,49.0255,5.8761
LFKA,45.626,6.3281
LFKB,42.5527,9.4837
LFKC,42.5304,8.793
LFKD,45.2538,6.8011
LFKE,45.0278,5.31
LFKF,41.5018,9.0971
LFKG,42.0534,9.4002
LFKH,45.5167,5.6806
LFKJ,41.9236,8.8029
LFKL,45.7105,4.6967
LFKM,45.6072,4.3058
LFKO,41.6606,8.8897
LFKP,45.5549,5.3859
LFKS,41.9244,9.406
LFKT,42.2919,9.189
LFKX,45.4075,6.5776
LFKY,45.6941,5.6915
LFLA,47.8502,3.4971
LFLB,45.6381,5.8802
LFLC,45.7867,3.1692
LFLD,47.0602,2.3696
LFLE,45.5611,5.9758
LFLG,45.218,5.8483
LFLH,46.8258,4.8176
LFLI,46.192,6.2684
LFLJ,45.3975,6.635
LFLL,45.726,5.0901
LFLM,46.2951,4.796
LFLN,46.414,4.0142
LFLO,46.0538,3.999
LFLP,45.9289,6.0987
LFLQ,44.5799,4.7388
LFLR,45.2515,4.8264
LFLS,45.3629,5.3294
LFLT,46.3528,2.5705
LFLU,44.9216,4.9699
LFLV,46.1697,3.4036
LFLW,44.8914,2.4219
LFLX,46.8602,1.7283
LFLY,45.7279,4.944
LFLZ,45.7062,4.1973
LFMA,43.5063,5.3664
LFMC,43.3847,6.3871
LFMD,43.548,6.9552
LFME,43.8539,4.4136
LFMF,43.6096,6.6974
LFMG,43.4075,1.9903
LFMH,45.5406,4.2964
LFMI,43.5227,4.9238
LFMK,43.216,2.3063
LFML,43.4381,5.2125
LFMN,43.6584,7.2159
LFMO,44.1405,4.8667
LFMP,42.7404,2.8707
LFMQ,43.2525,5.7852
LFMR,44.3872,6.6088
LFMS,44.0697,4.1421
LFMT,43.5762,3.963
LFMU,43.3235,3.3539
LFMV,43.9073,4.9018
LFMW,43.3122,1.9211
LFMX,44.06,5.9914
LFMY,43.6064,5.1093
LFMZ,43.1758,2.7342
LFNA,44.455,6.0378
LFNB,44.5021,3.5328
LFNC,44.7017,6.6003
LFNE,43.6583,5.0136
LFNF,43.7378,5.7842
LFNG,43.6103,4.0703
LFNH,44.0277,5.0843
LFNJ,44.5175,5.7357
LFNL,43.8008,3.7825
LFNO,44.2864,3.4667
LFNQ,42.5436,2.12
LFNR,43.5367,5.1774
LFNS,44.2865,5.9291
LFNT,43.9969,4.7556
LFNU,44.0821,4.3939
LFNV,44.3357,4.9069
LFNW,42.9114,2.0561
LFNX,43.6408,3.1456
LFNZ,43.7689,4.8936
LFOA,47.0533,2.6325
LFOB,49.4544,2.1128
LFOC,48.0579,1.3793
LFOD,47.2568,-0.1151
LFOE,49.0287,1.2199
LFOF,48.4466,0.108
LFOG,48.75,-0.5939
LFOH,49.534,0.0884
LFOI,50.1435,1.8319
LFOJ,47.9878,1.7606
LFOK,48.7733,4.2061
LFOL,48.7585,0.6566
LFOM,49.2023,-1.508
LFON,48.7054,1.3612
LFOO,46.4769,-1.7228
LFOP,49.3849,1.1791
LFOQ,47.6785,1.2088
LFOR,48.4575,1.5198
LFOS,49.8352,0.6553
LFOT,47.4322,0.7276
LFOU,47.0821,-0.8771
LFOV,48.0322,-0.744
LFOW,49.8161,3.2057
LFOX,48.3819,2.0753
LFOY,49.5447,0.3604
LFOZ,47.8978,2.1645
LFPA,49.1658,2.3131
LFPB,48.9623,2.4365
LFPC,49.2535,2.5191
LFPD,49.1024,0.5659
LFPE,48.9275,2.8335
LFPF,48.8432,1.9063
LFPG,49.009,2.5541
LFPH,48.8966,2.6062
LFPI,48.833,2.273
LFPK,48.8396,3.0087
LFPL,48.821,2.626
LFPM,48.6047,2.6711
LFPN,48.7519,2.1062
LFPO,48.7295,2.359
LFPP,49.1088,2.7361
LFPQ,48.7063,2.9028
LFPT,49.0961,2.0355
LFPU,48.3412,2.7985
LFPV,48.7744,2.2031
LFPX,48.8423,1.9805
LFPZ,48.8125,2.0675
LFQA,49.2087,4.1566
LFQB,48.3221,4.0167
LFQC,48.5933,6.5454
LFQD,50.3239,2.8028
LFQE,49.2269,5.6722
LFQF,46.9673,4.2609
LFQG,47.0029,3.1131
LFQH,47.8439,4.58
LFQJ,50.3105,4.0331
LFQK,48.9051,4.3527
LFQL,50.4664,2.8197
LFQM,47.2066,6.0832
LFQN,50.7275,2.2326
LFQO,50.6872,3.0756
LFQP,48.7662,7.2006
LFQQ,50.5666,3.1024
LFQS,50.3379,2.9907
LFQT,50.6184,2.6422
LFQU,48.9509,7.0785
LFQV,49.7839,4.6471
LFQW,47.6386,6.2044
LFQX,48.114,4.8194
LFQY,48.7534,7.4254
LFQZ,48.7744,6.7141
LFRB,48.4479,-4.4185
LFRC,49.6501,-1.4703
LFRD,48.5877,-2.08
LFRE,47.2894,-2.3464
LFRF,48.8831,-1.5642
LFRG,49.3652,0.1545
LFRH,47.7606,-3.44
LFRI,46.7019,-1.3786
LFRJ,48.5303,-4.1516
LFRK,49.1768,-0.4549
LFRL,48.2817,-4.445
LFRM,47.9486,0.2017
LFRN,48.0695,-1.7348
LFRO,48.7544,-3.4717
LFRP,48.0028,-2.3772
LFRQ,47.973,-4.1697
LFRS,47.1532,-1.6107
LFRT,48.5386,-2.8535
LFRU,48.6032,-3.8158
LFRV,47.7233,-2.7186
LFRW,48.6623,-1.4037
LFRZ,47.3114,-2.1526
LFSA,47.2731,6.0829
LFSB,47.6007,7.5211
LFSD,47.2689,5.09
LFSE,48.2119,6.4492
LFSG,48.325,6.07
LFSH,48.7948,7.8161
LFSI,48.636,4.8994
LFSJ,49.6597,5.0378
LFSK,48.7024,4.6831
LFSL,45.0397,1.4856
LFSM,47.487,6.7905
LFSN,48.6921,6.2305
LFSO,48.5831,5.955
LFSP,46.904,6.3268
LFSS,47.7917,-1.6436
LFST,48.5383,7.6282
LFSU,47.9648,5.2937
LFSV,48.6001,6.0565
LFSW,49.0045,4.0853
LFSX,47.7877,6.3534
LFSY,47.6094,4.6182
LFTF,43.2476,6.1267
LFTH,43.0973,6.146
LFTM,44.4583,5.7283
LFTN,44.2444,4.0122
LFTP,43.8689,6.1628
LFTQ,47.7396,-1.1895
LFTR,43.0827,5.9338
LFTW,43.7574,4.4164
LFTZ,43.2054,6.482
LFVM,47.0955,-56.3803
LFVP,46.7627,-56.175
LFXA,45.9873,5.3284
LFXB,45.7019,-0.6361
LFXQ,47.9431,-2.1859
LFXU,48.9983,1.9428
LFYG,50.1405,3.2632
LFYR,47.3175,1.691
LFYS,42.4472,2.0108
LFYV,49.6383,0.7285
LGAD,37.9207,21.2926
LGAL,40.8559,25.9563
LGAM,37.9716,23.5304
LGAV,37.9364,23.9445
LGAX,40.6511,22.4887
LGBL,39.2196,22.7943
LGEL,38.0638,23.556
LGEP,37.6133,21.4964
LGHI,38.3432,26.1406
LGIK,37.6827,26.3471
LGIO,39.6964,20.8225
LGIR,35.3397,25.1803
LGKA,40.4463,21.2822
LGKC,36.274,23.0167
LGKF,38.1201,20.5005
LGKJ,36.1417,29.5764
LGKL,37.0683,22.0255
LGKM,40.9728,24.3414
LGKN,38.1376,23.9517
LGKO,36.7945,27.0911
LGKP,35.4214,27.146
LGKR,39.6014,19.9122
LGKS,35.4214,26.91
LGKV,40.9133,24.6192
LGKY,36.9633,26.9406
LGKZ,40.2861,21.8408
LGLE,37.1849,26.8003
LGLM,39.9171,25.2363
LGLR,39.6503,22.4655
LGLX,37.9918,23.5748
LGMG,37.9811,23.3654
LGMK,37.4351,25.3481
LGML,36.6969,24.4769
LGMT,39.0574,26.5986
LGNX,37.0811,25.3681
LGPA,37.0205,25.1132
LGPL,36.5799,26.3758
LGPZ,38.9255,20.7653
LGRD,36.3831,28.1089
LGRP,36.4054,28.0862
LGRS,-27.706,153.11
LGRX,38.1511,21.4256
LGSA,35.5312,24.1507
LGSD,40.5331,23.0253
LGSK,39.1771,23.5037
LGSM,37.69,26.9117
LGSO,37.4228,24.9509
LGSP,36.9738,22.5257
LGSR,36.4,25.4786
LGST,35.2161,26.1013
LGSY,38.9676,24.4872
LGTG,38.3398,23.565
LGTP,37.5306,22.4036
LGTS,40.5193,22.97
LGTT,38.1089,23.7838
LGZA,37.7509,20.8843
LHBB,47.4545,18.9073
LHBC,46.6771,21.1612
LHBF,47.3848,16.8026
LHBI,47.1374,21.6754
LHBO,46.1534,19.1491
LHBP,47.4302,19.2624
LHBS,47.4511,18.9806
LHCL,47.1626,19.8774
LHDC,47.4895,21.6163
LHDK,47.6139,19.1433
LHDV,46.8958,18.9139
LHEM,47.7568,18.7305
LHER,47.9052,20.4055
LHFC,47.4446,18.5571
LHFH,47.4862,18.9153
LHFM,47.5828,16.8454
LHFP,47.7444,16.6142
LHGD,47.5717,19.3368
LHGR,47.3913,18.757
LHGU,47.6051,17.6602
LHGY,47.8143,19.9768
LHHH,47.5515,18.9764
LHHO,47.4597,21.3909
LHJK,46.7479,19.6048
LHKC,46.5364,19.2415
LHKD,47.5171,18.325
LHKE,46.9175,19.7492
LHKH,46.7331,19.8933
LHKI,46.6568,19.243
LHKK,47.1745,19.0775
LHKT,46.2474,17.6078
LHKV,46.3864,17.7335
LHLI,47.8575,17.4483
LHMR,47.8119,20.4223
LHNK,46.4283,16.9576
LHNS,46.6981,20.6686
LHNY,47.9839,21.6923
LHOY,46.3061,18.7674
LHPA,47.3636,17.5008
LHPP,45.9889,18.242
LHPR,47.6284,17.8047
LHSA,47.0779,17.9684
LHSB,46.9003,19.3664
LHSI,47.2346,17.0272
LHSK,46.8569,18.0958
LHSM,46.6864,17.1591
LHSN,47.1229,20.2355
LHSS,47.1429,20.1973
LHSU,47.2,20.4819
LHSY,47.28,16.6264
LHSZ,46.6125,20.2832
LHTA,46.3931,17.9175
LHTL,47.3453,18.9808
LHTM,47.3139,19.7739
LHUD,46.2451,20.0922
LHUH,47.1282,18.313
LHVE,47.6381,19.255
LHZA,46.8847,16.7889
LHZK,46.5539,17.1512
LIAA,42.5733,12.5844
LIAF,42.9328,12.7124
LIAG,43.3415,12.5769
LIAJ,41.783,12.3065
LIAL,43.3549,12.2181
LIAO,44.0883,10.4672
LIAP,42.3799,13.3092
LIAQ,41.492,13.7193
LIAR,41.9941,12.0135
LIAT,43.5922,10.6963
LIAU,41.116,14.178
LIAY,41.6871,13.4994
LIBA,41.5384,15.7172
LIBC,38.9972,17.0802
LIBD,41.1389,16.7606
LIBF,41.4336,15.5346
LIBG,40.5175,17.4032
LIBH,40.4241,16.8875
LIBJ,38.6405,16.043
LIBN,40.2392,18.1333
LIBP,42.4311,14.183
LIBR,40.6576,17.947
LIBV,40.7678,16.9333
LICA,38.9062,16.246
LICB,36.9958,14.6089
LICC,37.4668,15.0664
LICD,35.4979,12.6181
LICG,36.8165,11.9689
LICJ,38.176,13.091
LICP,38.1159,13.3134
LICR,38.0712,15.6516
LICT,37.9114,12.488
LICZ,37.4017,14.9224
LIDA,45.8862,11.5159
LIDB,46.1665,12.2504
LIDC,45.0861,12.1615
LIDE,44.698,10.6649
LIDF,43.824,13.0259
LIDG,44.3975,11.8548
LIDH,45.6778,11.4963
LIDI,46.5741,12.1155
LIDK,45.9534,12.8176
LIDL,45.1301,11.2932
LIDP,44.3222,10.8317
LIDR,44.3643,12.225
LIDT,46.0233,11.125
LIDU,44.8332,10.8712
LIDV,44.7909,11.6719
LIDW,45.6992,12.5431
LIEA,40.6321,8.2908
LIED,39.3542,8.9725
LIEE,39.2515,9.0543
LIEO,40.899,9.5185
LIER,39.8953,8.6427
LIET,39.9188,9.683
LIGT,46.5728,11.3076
LIKA,45.9195,10.8749
LIKC,46.3606,11.0334
LIKD,43.9489,12.5114
LILA,44.9256,8.6267
LILB,45.7696,9.1623
LILC,45.8097,8.7681
LILE,45.4953,8.1028
LILG,45.7126,8.7007
LILH,44.952,9.0165
LILI,45.3111,8.4175
LILM,45.11,8.4569
LILN,45.7422,8.8882
LILO,46.1544,9.7951
LILQ,43.986,10.1438
LILR,45.1683,10.0019
LILS,45.8839,9.9664
LILU,44.702,8.0203
LILV,45.7199,9.594
LILY,45.8147,9.0697
LIMA,45.0844,7.6031
LIMB,45.5414,9.2022
LIMC,45.6306,8.7281
LIME,45.6694,9.7089
LIMF,45.2008,7.6496
LIMG,44.0506,8.1274
LIMH,45.9334,7.7093
LIMJ,44.412,8.8407
LIML,45.4451,9.2767
LIMN,45.5296,8.6692
LIMP,44.8264,10.2971
LIMR,44.78,8.7864
LIMS,44.9144,9.7223
LIMW,45.7386,7.3683
LIMZ,44.5475,7.623
LINF,43.2268,13.7433
LINL,40.3589,18.298
LIPA,46.0319,12.5965
LIPB,46.4592,11.3261
LIPC,44.2242,12.3072
LIPD,46.0308,13.1822
LIPE,44.5354,11.2887
LIPF,44.8123,11.6139
LIPG,45.9069,13.5993
LIPH,45.6484,12.1944
LIPI,45.9787,13.0493
LIPK,44.1948,12.0701
LIPL,45.4326,10.2686
LIPM,44.6314,10.8086
LIPN,45.472,10.9279
LIPO,45.4289,10.3306
LIPQ,45.8279,13.4667
LIPR,44.02,12.6122
LIPS,45.6844,12.0866
LIPU,45.3953,11.8471
LIPV,45.4288,12.3887
LIPX,45.395,10.8873
LIPY,43.6163,13.3623
LIPZ,45.5053,12.3519
LIQB,43.4552,11.8474
LIQG,43.2856,10.5212
LIQL,43.8258,10.5779
LIQN,42.4272,12.8517
LIQS,43.2549,11.2551
LIQW,44.0874,9.9879
LIRA,41.7988,12.5953
LIRC,41.8729,12.5637
LIRD,42.829,10.8808
LIRE,41.6545,12.4452
LIRF,41.8045,12.252
LIRG,41.9903,12.7408
LIRH,41.6485,13.2946
LIRI,40.6204,14.9113
LIRJ,42.7609,10.2398
LIRL,41.5424,12.909
LIRM,41.0608,14.0819
LIRN,40.886,14.2908
LIRP,43.6839,10.3927
LIRQ,43.8086,11.2028
LIRS,42.7597,11.0719
LIRU,41.9521,12.5022
LIRV,42.4353,12.0614
LIRZ,43.0959,12.5132
LIVD,46.727,12.2307
LIVV,45.3446,7.9191
LJAJ,45.8892,13.8869
LJBL,46.3572,14.1739
LJBO,46.329,13.5502
LJCE,45.9,15.5302
LJCL,46.2456,15.2231
LJDI,45.6828,14.0032
LJLJ,46.2237,14.4576
LJMB,46.4799,15.6861
LJMS,46.6294,16.175
LJNM,45.8017,15.1045
LJPO,45.7522,14.1947
LJPT,46.4271,15.9861
LJPZ,45.472,13.616
LJSG,46.472,15.117
LJSK,46.3103,15.492
LJVE,46.3975,15.0453
LKBA,48.7904,16.8925
LKBD,49.4839,17.3269
LKBE,49.7408,14.6447
LKBH,49.7886,14.6799
LKBO,49.6706,17.295
LKBR,50.5619,16.3428
LKBU,49.9744,14.1781
LKCB,50.0661,12.4117
LKCE,50.7094,14.5667
LKCH,50.4689,13.4681
LKCM,49.2367,16.555
LKCO,49.9012,12.7417
LKCR,49.9364,15.7806
LKCS,48.9482,14.4283
LKCT,49.6858,15.6761
LKCV,49.9397,15.3818
LKDK,50.4142,15.8369
LKER,49.8028,13.0381
LKFM,49.691,18.355
LKFR,49.5894,18.3792
LKHA,49.7837,18.4397
LKHB,49.5972,15.5492
LKHC,50.3576,15.577
LKHD,50.6572,15.0778
LKHK,50.2532,15.8452
LKHN,49.5461,17.7044
LKHS,49.04,14.495
LKHV,49.8481,13.8935
LKJA,50.3314,15.9539
LKJC,50.43,15.3331
LKJE,50.2216,17.1866
LKJH,49.1507,14.9724
LKJI,49.4194,15.6353
LKKA,49.3683,16.1161
LKKB,50.1214,14.5436
LKKC,49.8706,12.7725
LKKE,49.1638,13.427
LKKL,50.1128,14.0897
LKKM,49.2856,17.4158
LKKO,50.0019,15.1733
LKKR,50.0744,17.6952
LKKT,49.4183,13.3219
LKKU,49.0294,17.4397
LKKV,50.203,12.915
LKKY,48.98,17.1247
LKLA,50.7339,15.0376
LKLB,50.7671,15.0231
LKLC,50.77,15.0639
LKLK,50.1336,14.5367
LKLN,49.6752,13.2746
LKLT,50.1314,14.5256
LKMB,50.3983,14.8983
LKMH,50.5402,15.0066
LKMI,50.3017,17.2975
LKMK,49.7983,16.6878
LKMO,50.525,13.6831
LKMT,49.6963,18.1111
LKNA,49.1663,16.124
LKNE,49.4556,13.385
LKNM,50.3642,16.1136
LKNY,50.1691,15.0525
LKOL,49.5877,17.2093
LKOT,49.1983,17.5178
LKOV,49.9361,17.8759
LKPA,49.7394,16.2589
LKPC,50.3061,13.9342
LKPD,50.015,15.7398
LKPF,49.3006,14.1589
LKPI,49.5808,15.7628
LKPJ,49.4478,17.1339
LKPL,49.7231,13.4522
LKPM,49.7201,14.1006
LKPN,49.9392,15.5497
LKPO,49.4258,17.4047
LKPP,50.1194,14.3031
LKPR,50.1009,14.2599
LKPS,49.9203,13.3769
LKPU,50.029,15.7891
LKRA,50.4039,13.7519
LKRK,50.0942,13.6889
LKRO,50.4102,14.2271
LKRY,49.7519,13.5897
LKRZ,49.6686,12.56
LKSA,49.5665,13.0487
LKSB,49.4874,17.0526
LKSK,49.8278,16.0058
LKSL,50.1954,16.248
LKSN,50.2164,14.0878
LKSO,49.2455,14.713
LKSR,49.0825,14.0758
LKST,49.2517,13.8928
LKSU,49.9606,17.0178
LKSZ,50.3247,14.2589
LKTA,49.3911,14.7083
LKTB,49.1513,16.694
LKTC,49.9854,14.4265
LKTD,49.7972,12.7072
LKTH,50.0601,16.6122
LKTO,50.0864,12.9528
LKUH,49.0799,17.4851
LKUL,50.6997,13.9697
LKUO,49.9786,16.4264
LKVL,49.7289,14.8789
LKVM,49.9281,16.185
LKVN,49.2781,16.9815
LKVO,50.2166,14.3958
LKVP,50.4678,16.2056
LKVR,50.6242,15.6464
LKVY,49.3003,17.0253
LKZA,49.9283,18.0756
LKZB,49.8142,15.2017
LKZD,50.3175,13.5128
LKZM,50.0839,16.4439
LKZN,48.8177,16.0658
LKZO,48.8683,16.0513
LLBG,32.0114,34.8867
LLBL,32.0869,34.865
LLBO,32.6499,34.9331
LLBS,31.287,34.723
LLEK,31.8395,34.8218
LLER,29.727,35.0141
LLES,32.4408,35.0077
LLEY,30.6217,35.2033
LLFK,32.7864,35.7175
LLHA,32.8102,35.0437
LLHB,31.2334,34.6626
LLHD,31.7644,35.1472
LLHS,31.7625,34.7272
LLHY,32.4531,34.895
LLHZ,32.1806,34.8347
LLIB,32.981,35.5719
LLIC,32.08,34.7897
LLKS,33.2163,35.5962
LLMG,32.5973,35.2288
LLMR,30.6506,34.8069
LLMZ,31.3282,35.3886
LLNV,31.2083,35.0123
LLOV,29.9403,34.9358
LLPO,32.7542,35.5425
LLRB,32.8353,34.9858
LLRD,32.6651,35.1795
LLRM,30.7761,34.6667
LLSM,32.0433,34.8419
LLSR,31.2596,34.8003
LLTN,32.3086,34.9783
LMMG,36.0272,14.2728
LMML,35.8459,14.4915
LNMC,43.7258,7.4197
LOAA,48.4186,15.2153
LOAB,48.9221,15.2968
LOAD,48.1601,15.5868
LOAG,48.4462,15.635
LOAI,47.8159,16.2471
LOAN,47.8433,16.2601
LOAP,47.9527,14.788
LOAR,48.6661,16.825
LOAS,48.0992,16.9335
LOAT,47.8353,16.209
LOAU,48.4091,16.191
LOAV,47.965,16.26
LOBD,48.2189,16.4635
LOBF,48.1892,16.4122
LOBH,48.1999,16.2913
LOBI,48.0895,16.2982
LOBK,48.4465,15.6285
LOBM,48.5672,16.581
LOBN,47.7268,16.0864
LOBT,48.3222,16.065
LOBW,48.2107,16.3008
LODC,47.3359,15.001
LODL,46.9681,15.8007
LODO,47.3053,16.1835
LOGA,46.6916,15.9924
LOGC,47.4797,14.0099
LOGF,47.0619,16.0839
LOGG,47.1467,16.3171
LOGH,47.0806,15.4638
LOGI,47.4934,14.4956
LOGK,47.4575,15.3311
LOGL,47.5562,15.3203
LOGM,47.7897,15.3003
LOGO,47.4787,14.0071
LOGP,47.3867,16.1127
LOGT,47.3796,14.964
LOGW,47.1703,15.6645
LOGX,47.525,14.3671
LOGZ,47.0844,15.469
LOHD,47.2733,15.9661
LOIB,47.4669,12.3678
LOIC,47.1196,10.2405
LOID,47.5712,12.1495
LOIE,47.473,10.7117
LOIF,47.2312,9.5787
LOIG,47.2003,9.7802
LOIH,47.3845,9.6998
LOII,47.2828,11.5157
LOIJ,47.5201,12.4497
LOIK,47.5647,12.1276
LOIM,47.5658,12.1355
LOIR,47.4709,10.6913
LOIT,47.5209,12.4297
LOJB,47.1595,9.8212
LOJC,47.4889,12.3651
LOJD,47.4063,9.7401
LOJH,46.911,11.0535
LOJI,47.2134,10.7002
LOJR,47.3579,10.1755
LOJS,47.0506,11.2362
LOJT,47.1335,11.7039
LOKA,46.6345,14.3056
LOKF,46.7089,14.0767
LOKG,46.5328,14.3308
LOKH,46.9275,14.4318
LOKJ,46.835,12.7647
LOKL,46.7981,12.8783
LOKM,46.975,14.3712
LOKN,46.5811,13.6292
LOKQ,46.7997,12.8768
LOKR,46.7431,14.4131
LOKW,46.8182,14.8252
LOLA,48.3032,14.3035
LOLC,47.8986,13.9394
LOLD,48.4008,13.4498
LOLE,48.3388,13.9852
LOLF,48.5137,14.4066
LOLG,48.1033,14.9511
LOLH,48.1391,14.3358
LOLK,48.2123,13.3457
LOLM,47.8717,14.1251
LOLO,48.3,14.3336
LOLS,48.4033,13.4483
LOLT,48.0506,14.6619
LOLU,47.9515,13.8673
LOLW,48.1825,14.0393
LOMM,46.9921,12.542
LOMN,46.569,13.274
LOMR,46.7409,13.6648
LOMU,46.6457,14.3337
LOPE,48.3054,14.2942
LOSH,47.3658,12.5973
LOSM,47.132,13.6959
LOSU,47.7996,13.0565
LOWG,46.9911,15.4396
LOWI,47.2602,11.344
LOWK,46.6425,14.3377
LOWL,48.2354,14.1881
LOWS,47.7933,13.0043
LOWW,48.1103,16.5697
LOWZ,47.2915,12.7906
LOXA,47.5357,14.1415
LOXN,47.8369,16.2218
LOXT,48.3192,16.114
LOXZ,47.2028,14.7442
LPAG,40.7071,-8.4914
LPAR,38.8833,-9.0301
LPAV,40.6567,-8.7415
LPAZ,36.9714,-25.1706
LPBG,41.8578,-6.7071
LPBH,41.5686,-8.3999
LPBJ,38.0789,-7.9324
LPBR,41.587,-8.4452
LPCB,39.8445,-7.4399
LPCC,32.6476,-16.9237
LPCD,40.3985,-8.1342
LPCH,41.7224,-7.4631
LPCI,40.2199,-8.413
LPCL,40.2676,-7.4913
LPCO,40.1588,-8.4708
LPCR,39.6715,-31.1136
LPCS,38.725,-9.3552
LPDA,41.1466,-8.6327
LPEM,38.7385,-9.2151
LPER,38.568,-7.9024
LPEV,38.5335,-7.8896
LPFL,39.4553,-31.1314
LPFR,37.0159,-7.9709
LPGO,38.6751,-9.1774
LPGR,39.0922,-28.0298
LPHB,37.6954,-7.6204
LPHC,38.7288,-9.419
LPHR,38.5199,-28.7159
LPIN,40.9742,-8.6444
LPJB,38.6957,-9.2358
LPJF,39.7799,-8.8202
LPLA,38.7618,-27.0908
LPLZ,40.143,-8.241
LPMA,32.6978,-16.7746
LPMB,37.1497,-7.9539
LPMC,41.5253,-6.9664
LPMD,41.4848,-7.1906
LPMF,39.9764,-6.9066
LPMI,41.468,-7.2263
LPMO,38.9935,-8.142
LPMP,38.9431,-9.3538
LPMR,39.8283,-8.8875
LPMT,38.7093,-9.0337
LPMU,41.3963,-6.6835
LPMZ,32.8668,-17.1652
LPNV,39.4694,-8.5372
LPOV,40.9159,-8.6459
LPPA,41.1958,-8.31
LPPB,41.19,-8.3856
LPPD,37.7412,-25.6979
LPPI,38.5543,-28.4413
LPPJ,38.058,-7.8754
LPPM,37.1493,-8.584
LPPR,41.2481,-8.6814
LPPS,33.0734,-16.35
LPPT,38.7813,-9.1359
LPSA,38.875,-9.195
LPSC,39.1239,-9.3801
LPSJ,38.6655,-28.1758
LPSM,38.7494,-9.1606
LPSO,39.2115,-8.0578
LPSR,39.2095,-8.6873
LPST,38.8311,-9.3395
LPTH,39.6106,-8.3952
LPTM,41.8026,-6.7688
LPTN,39.4751,-8.3646
LPVC,41.6977,-8.8315
LPVL,41.2773,-8.5162
LPVR,41.2743,-7.7205
LPVZ,40.7255,-7.889
LPXR,38.9777,-8.9852
LQBI,44.7971,15.9045
LQBK,44.9414,17.2975
LQJL,44.4578,18.8081
LQLV,43.7911,16.8933
LQMO,43.2825,17.8461
LQMP,44.5738,16.2822
LQNI,44.0694,18.509
LQPD,44.994,16.7355
LQPP,44.7677,19.2974
LQSA,43.8246,18.3315
LQTZ,44.4599,18.7236
LQVI,44.0251,18.0971
LRAR,46.1761,21.2643
LRBC,46.5219,26.9103
LRBG,45.6958,25.534
LRBK,44.633,26.1975
LRBM,47.6584,23.4644
LRBN,47.1586,24.5523
LRBS,44.5031,26.1029
LRBV,45.7056,25.5229
LRCC,46.2107,26.603
LRCD,45.7372,24.1653
LRCK,44.3622,28.4883
LRCL,46.786,23.6857
LRCN,44.359,25.932
LRCS,45.4201,22.2525
LRCT,46.5023,23.8859
LRCV,44.3181,23.8886
LRFB,47.3425,22.575
LRFL,47.3628,25.2119
LRHO,47.0642,21.9542
LRIA,47.1796,27.6214
LRMA,45.6873,25.5271
LROD,47.0253,21.9025
LROP,44.5718,26.1033
LRPH,44.7838,25.9832
LRPT,44.8175,24.8978
LRPV,44.9237,25.9634
LRSB,45.7858,24.0867
LRSM,47.7033,22.8857
LRSV,47.6875,26.3541
LRTC,45.0625,28.7143
LRTM,46.4677,24.4125
LRTR,45.8099,21.3379
LRTZ,43.9845,28.6062
LRWG,44.4334,25.9861
LSER,46.3016,7.8329
LSEZ,46.0293,7.7534
LSGB,46.2583,6.9864
LSGC,47.0839,6.7928
LSGE,46.7553,7.0757
LSGG,46.2381,6.109
LSGK,46.4865,7.2484
LSGL,46.5451,6.6166
LSGN,46.9574,6.8646
LSGP,46.4064,6.2581
LSGR,46.6136,7.6778
LSGS,46.2192,7.3269
LSGT,46.5942,7.0944
LSGY,46.7619,6.6132
LSHA,46.4295,7.2713
LSHC,46.2685,6.9598
LSHG,46.3101,7.7248
LSHI,46.9482,7.4243
LSHU,46.1931,6.1492
LSKV,48.0451,17.3496
LSMA,46.9439,8.2842
LSMD,47.3986,8.6482
LSME,47.0924,8.3052
LSML,46.2959,8.9921
LSMM,46.7423,8.1089
LSMP,46.8432,6.9151
LSMV,46.8122,9.8499
LSPA,47.574,9.0478
LSPD,47.4386,7.4914
LSPF,47.6902,8.5262
LSPG,46.9083,8.2542
LSPH,47.515,8.7719
LSPL,47.1828,7.7412
LSPM,46.5125,8.6898
LSPN,47.2267,8.0781
LSPO,47.3413,7.8849
LSPU,46.4803,8.2633
LSPV,47.2048,8.8673
LSTA,46.3045,7.8191
LSTB,46.9793,7.1325
LSTO,46.9167,6.615
LSTR,46.5903,6.4006
LSTS,46.4974,7.4126
LSTZ,46.5517,7.381
LSVD,46.8219,8.8803
LSVP,46.4689,7.8283
LSVV,46.8783,9.1519
LSXB,47.0679,9.4808
LSXG,46.6477,7.8782
LSXH,47.3141,8.0261
LSXL,46.5855,7.9135
LSXM,46.4789,9.8242
LSXO,47.4055,9.2904
LSXP,47.2352,7.91
LSXR,46.2902,8.9929
LSXS,47.1703,8.7141
LSXT,47.409,9.4731
LSXU,46.9126,9.5508
LSXY,46.3418,7.0204
LSXZ,46.711,8.2015
LSYI,46.8106,8.9678
LSYK,46.4858,7.8283
LSYR,46.0608,7.3547
LSYX,45.9883,7.0425
LSZA,46.0043,8.9106
LSZB,46.9127,7.4988
LSZC,46.9744,8.3969
LSZE,47.0149,9.4818
LSZF,47.4436,8.2336
LSZG,47.1816,7.4172
LSZH,47.4581,8.5481
LSZI,47.5089,7.95
LSZJ,47.1834,7.0908
LSZK,47.3764,8.7575
LSZL,46.1625,8.8789
LSZM,47.0784,9.0647
LSZN,47.2386,8.5156
LSZO,47.189,8.2046
LSZP,47.0882,7.2891
LSZQ,47.3924,7.029
LSZR,47.485,9.5608
LSZS,46.5341,9.8841
LSZT,47.5244,9.0031
LSZU,47.2647,8.3025
LSZV,47.5089,9.2628
LSZW,46.7564,7.6006
LSZX,47.1717,9.0394
LTAB,39.935,32.7408
LTAC,40.1281,32.9951
LTAD,39.9498,32.6886
LTAE,40.0789,32.5656
LTAF,36.9822,35.2804
LTAG,37.0021,35.4259
LTAH,38.7264,30.6011
LTAI,36.8987,30.8005
LTAJ,36.9472,37.4787
LTAL,41.3142,33.7958
LTAN,37.979,32.5619
LTAO,38.3537,38.2539
LTAP,40.8294,35.522
LTAR,39.8138,36.9035
LTAS,41.5064,32.0886
LTAT,38.4353,38.091
LTAU,38.7704,35.4954
LTAV,39.4515,31.3653
LTAW,40.3247,36.3906
LTAY,37.7856,29.7013
LTAZ,38.7719,34.5345
LTBA,40.9719,28.8237
LTBD,37.8154,27.8876
LTBE,40.2332,29.0056
LTBF,39.6193,27.926
LTBG,40.318,27.9777
LTBH,40.1377,26.4268
LTBI,39.7841,30.5821
LTBJ,38.2924,27.157
LTBK,38.3191,27.1594
LTBL,38.513,27.0101
LTBM,37.7874,30.5883
LTBN,39.4267,30.0169
LTBO,38.6815,29.4717
LTBP,40.6863,29.3771
LTBQ,40.735,30.0833
LTBR,40.2552,29.5626
LTBS,36.7131,28.7925
LTBT,38.8089,27.8339
LTBU,41.1382,27.9191
LTBV,37.1401,27.6697
LTBW,41.1036,28.5477
LTBX,40.993,29.2165
LTBY,39.8116,30.5193
LTBZ,39.1111,30.1304
LTCA,38.598,39.2835
LTCB,40.9669,38.086
LTCC,37.8939,40.201
LTCD,39.7102,39.527
LTCE,39.9565,41.1702
LTCF,40.5622,43.115
LTCG,40.9951,39.7897
LTCI,38.4682,43.3323
LTCJ,37.929,41.1166
LTCK,38.7478,41.6612
LTCL,37.9789,41.8404
LTCM,42.0183,35.0718
LTCN,37.5388,36.9535
LTCO,39.6556,43.0257
LTCP,37.7314,38.4689
LTCR,37.2233,40.6317
LTCS,37.4457,38.8956
LTCT,39.9766,43.8766
LTCU,38.8601,40.5945
LTCV,37.3647,42.0582
LTCW,37.5497,44.2381
LTDA,36.3608,36.2856
LTDB,36.8915,35.0712
LTFA,38.5176,26.9774
LTFB,37.9507,27.329
LTFC,37.8554,30.3684
LTFD,39.5525,27.0102
LTFE,37.2493,27.664
LTFG,36.2988,32.297
LTFH,41.254,36.5675
LTFJ,40.8986,29.3092
LTFK,40.2045,25.8833
LTFM,41.2749,28.7321
LTFN,37.8637,30.355
LTFO,41.1798,40.8488
LTHA,39.8036,32.8442
LTHB,37.9381,40.2953
LTHC,40.0495,26.2179
LTHD,37.9306,40.2311
LTHE,36.8341,30.6035
LTHF,40.9817,28.8222
LTXE,37.0972,30.6483
LUBL,47.8377,27.7811
LUBM,47.8627,28.2128
LUCH,45.8438,28.2637
LUKK,46.9277,28.9317
LUTR,46.8681,29.5906
LWOH,41.18,20.7423
LWSK,41.9581,21.6226
LWST,41.7597,22.1478
LXGB,36.1517,-5.3498
LYBE,44.8184,20.3091
LYBJ,44.9399,20.4458
LYBR,42.839,19.862
LYBS,42.3663,21.2423
LYBT,44.9353,20.2575
LYCA,43.8981,20.435
LYJA,43.9766,21.2298
LYKA,43.7318,20.718
LYKI,45.7681,20.4173
LYKS,43.5614,21.3827
LYKT,44.7349,21.1617
LYKV,43.8175,20.5867
LYLE,43.0197,21.932
LYNI,43.3365,21.8562
LYNK,42.773,18.9163
LYNS,45.3853,19.8333
LYPA,44.9,20.641
LYPG,42.3594,19.2519
LYPN,43.8664,21.4869
LYPO,42.4223,19.291
LYSM,45.0374,19.6602
LYSP,44.3515,20.96
LYSU,46.0228,19.7065
LYTR,43.6142,21.0302
LYTV,42.4047,18.7233
LYUZ,43.8989,19.6977
LYVA,44.2979,20.0216
LYVR,45.1477,21.3094
LYZR,45.3398,20.4541
LZBD,48.7432,21.4482
LZDB,48.9969,18.1922
LZDV,48.347,17.3566
LZHL,48.8103,17.1338
LZIB,48.1702,17.2127
LZJS,49.0479,19.5068
LZKC,48.9362,21.9942
LZKZ,48.6631,21.2411
LZLU,48.3394,19.7358
LZMA,49.0653,18.9508
LZMC,48.402,17.1184
LZNI,48.2794,18.1328
LZNZ,47.9619,18.1844
LZOC,48.5953,19.2658
LZPE,48.7661,18.5867
LZPP,48.6252,17.8284
LZPT,48.6192,18.3297
LZPW,49.0297,21.3156
LZRU,49.0855,19.3686
LZRY,49.0781,21.0997
LZSE,48.6579,17.3295
LZSK,49.3339,21.5703
LZSL,48.6378,19.1341
LZSV,48.9408,20.5339
LZSY,48.076,18.114
LZTN,48.8652,18.0001
LZTR,48.452,17.5318
LZTT,49.071,20.2414
LZZI,49.2333,18.6134
MBAC,21.3026,-71.6372
MBGT,21.4445,-71.1423
MBMC,21.826,-71.8025
MBNC,21.9161,-71.943
MBPI,21.8747,-72.0906
MBPV,21.7737,-72.2683
MBSC,21.5157,-71.5285
MBSY,21.333,-71.2
MDAB,19.1985,-69.4298
MDAD,18.4255,-70.7314
MDAN,19.1316,-70.2216
MDBA,18.6833,-69.3833
MDBC,18.4797,-68.9159
MDBE,18.5868,-69.0554
MDBG,18.5324,-68.67
MDBH,18.2515,-71.1204
MDBL,18.4508,-69.5926
MDBM,18.4481,-69.2812
MDCR,17.929,-71.6448
MDCY,19.2693,-69.7374
MDCZ,18.9075,-70.7219
MDDJ,19.5636,-71.6808
MDER,19.1848,-70.365
MDES,19.5841,-70.9569
MDHN,17.8725,-71.2687
MDJB,18.5725,-69.9856
MDLL,18.5964,-69.5258
MDLM,18.5212,-70.0991
MDLR,18.4522,-68.9111
MDMA,18.5019,-68.7991
MDMC,19.8653,-71.6453
MDPC,18.5671,-68.3646
MDPM,19.5977,-71.206
MDPP,19.7579,-70.57
MDSA,18.8255,-71.2314
MDSD,18.4297,-69.6689
MDSI,18.5037,-69.7617
MDSP,18.4519,-69.1684
MDST,19.4041,-70.6044
MDWO,19.7579,-71.6235
MECT,10.5185,-85.5563
MGBN,15.4735,-88.8372
MGCB,15.469,-90.4067
MGCR,17.4612,-90.0537
MGCT,14.6942,-91.8825
MGES,14.5676,-89.3262
MGGT,14.5829,-90.5275
MGHH,13.9309,-90.7288
MGHT,15.3167,-91.5056
MGJU,14.2917,-89.9414
MGLL,16.7503,-90.14
MGML,14.9075,-92.0879
MGPB,15.7309,-88.5838
MGPG,15.9975,-90.7417
MGPP,16.3258,-89.4161
MGQC,15.0122,-91.1506
MGQZ,14.8656,-91.502
MGRB,15.992,-90.4453
MGRD,15.6684,-88.9618
MGRF,13.8949,-90.4851
MGRT,14.5214,-91.697
MGSJ,13.9362,-90.8358
MGSM,14.9553,-91.8083
MGTK,16.9137,-89.8661
MGZA,14.9603,-89.5392
MHAC,13.2435,-87.3414
MHAG,13.2501,-87.3572
MHAH,15.4722,-84.3522
MHAL,14.4933,-87.1064
MHAN,14.7458,-87.4053
MHAP,14.0108,-86.3892
MHAR,14.2853,-87.2292
MHAU,14.7178,-86.5708
MHAY,15.7353,-84.5433
MHAZ,14.4333,-86.0892
MHBA,16.4322,-86.1393
MHBE,13.1019,-87.1419
MHBL,15.7631,-84.5436
MHCA,14.917,-85.9
MHCB,15.8883,-84.7556
MHCI,15.8319,-85.0269
MHCM,14.8901,-88.4045
MHCO,15.2528,-84.2333
MHCP,15.9528,-86.4986
MHCR,15.0332,-86.6923
MHCS,15.4456,-86.6753
MHCU,15.3167,-83.5917
MHDU,14.9891,-84.2208
MHEA,15.5056,-86.5747
MHEC,14.4578,-87.0586
MHEI,15.6486,-87.7883
MHEL,13.8731,-86.5606
MHEN,14.6619,-86.915
MHEZ,15.6097,-86.1394
MHFA,14.5981,-86.4839
MHFC,16.4038,-86.2866
MHFN,14.1133,-86.9528
MHGA,15.2425,-88.4904
MHGB,14.7467,-87.3753
MHGC,14.8386,-85.8683
MHGE,14.875,-85.7761
MHGR,15.9745,-85.0798
MHGS,14.5735,-88.5958
MHGY,14.7847,-86.8633
MHHC,15.4725,-87.9942
MHHE,14.755,-86.0042
MHHG,14.5989,-86.4608
MHHO,15.4307,-86.891
MHIC,17.4073,-83.9327
MHIN,14.7886,-87.3497
MHIR,15.9392,-85.1372
MHJE,15.8781,-84.7264
MHJI,15.0061,-86.0492
MHJO,14.8047,-86.9192
MHJQ,14.8389,-86.9622
MHJU,14.6526,-86.2203
MHLA,14.1089,-88.5339
MHLC,15.7425,-86.853
MHLE,14.2911,-88.175
MHLF,14.4233,-87.1197
MHLG,13.2146,-87.3604
MHLI,14.4875,-87.1797
MHLJ,14.8947,-86.5747
MHLL,14.0807,-87.1728
MHLM,15.4526,-87.9236
MHLN,15.8561,-85.444
MHLP,14.0342,-88.6283
MHLS,14.6447,-86.0698
MHLT,14.0767,-86.8417
MHLU,15.1338,-88.4424
MHLZ,15.0167,-88.8
MHMC,14.8667,-88.7583
MHML,13.1794,-87.1856
MHMN,15.653,-87.0877
MHMO,14.4131,-88.9519
MHMP,15.2847,-87.8855
MHMS,15.6728,-84.8447
MHMT,14.9156,-86.3817
MHNB,14.0433,-86.4208
MHNC,13.3198,-87.149
MHNJ,16.4454,-85.9066
MHNS,14.2043,-88.0196
MHNV,14.4289,-89.1939
MHOT,15.6692,-85.1944
MHPA,15.8014,-84.2967
MHPB,15.4533,-88.0219
MHPC,15.955,-84.9414
MHPI,13.2963,-87.3384
MHPL,15.2622,-83.7812
MHPS,14.5958,-86.15
MHPV,15.5303,-86.2736
MHRA,14.0736,-86.91
MHRD,14.7872,-84.3697
MHRH,15.5633,-86.1914
MHRJ,14.061,-86.4075
MHRO,16.3168,-86.523
MHRR,14.7131,-84.4525
MHRU,14.9149,-89.0078
MHRY,15.0664,-83.2972
MHSC,14.3824,-87.6212
MHSI,15.8186,-85.1144
MHSJ,13.8278,-86.8103
MHSL,13.4422,-87.4597
MHSN,15.6933,-85.9553
MHSX,15.1836,-84.3697
MHTA,14.18,-87.35
MHTB,15.175,-83.6822
MHTE,15.7759,-87.4758
MHTG,14.0609,-87.2172
MHTI,15.0011,-83.7222
MHTJ,15.9266,-85.9386
MHTO,15.6597,-85.9942
MHUC,14.9372,-83.8442
MHUH,15.4761,-83.9113
MHUL,14.9072,-87.2634
MHUT,16.1131,-86.8803
MHUY,14.6269,-88.8764
MHVE,14.2303,-88.7994
MHWA,15.1603,-84.6172
MHWD,15.1592,-84.5983
MHWP,15.2131,-84.0686
MHWR,15.3486,-84.2344
MHWS,15.4819,-84.4161
MHWW,15.4161,-84.4736
MHYR,15.1275,-87.135
MHYX,15.2775,-83.8203
MHZA,14.2569,-88.3925
MKBS,18.4041,-76.9698
MKJP,17.9357,-76.7875
MKJS,18.5034,-77.9132
MKKJ,18.1988,-76.5345
MKNG,18.3417,-78.3342
MKTP,17.9886,-76.8238
MLIP,6.0848,171.7314
MLLJ,9.8111,-85.2955
MMAA,16.7571,-99.7531
MMAL,26.334,-99.5424
MMAN,25.8656,-100.237
MMAS,21.6996,-102.3184
MMBT,15.7754,-96.2605
MMCA,31.0662,-110.0979
MMCB,18.8339,-99.2618
MMCC,29.3337,-101.1006
MMCE,18.6515,-91.7994
MMCG,30.3974,-107.875
MMCH,17.5741,-99.5154
MMCL,24.765,-107.4752
MMCM,18.505,-88.328
MMCN,27.3926,-109.833
MMCO,16.1767,-92.0506
MMCP,19.816,-90.5001
MMCS,31.6367,-106.4285
MMCT,20.6413,-88.4462
MMCU,28.7026,-105.9638
MMCV,23.7033,-98.9565
MMCY,20.546,-100.8865
MMCZ,20.5149,-86.9285
MMDA,25.0538,-111.615
MMDM,22.739,-99.0185
MMDO,24.1255,-104.5279
MMEP,21.4198,-104.8425
MMES,31.7945,-116.6024
MMGD,29.0241,-118.272
MMGL,20.5233,-103.3101
MMGM,27.969,-110.925
MMGR,28.0261,-114.024
MMGT,20.9108,-101.3416
MMHC,18.4972,-97.4201
MMHO,29.0928,-111.053
MMIA,19.277,-103.577
MMIM,21.246,-86.7404
MMIO,25.5379,-100.9283
MMIT,16.446,-95.0937
MMJA,19.4751,-96.797
MMJC,19.5742,-99.2912
MMLC,18.0017,-102.2203
MMLM,25.6855,-109.0812
MMLO,20.9927,-101.4803
MMLP,24.0723,-110.3627
MMLT,25.9895,-111.3484
MMMA,25.7699,-97.5253
MMMD,20.9305,-89.6455
MMMG,26.9053,-111.9707
MMML,32.6306,-115.2428
MMMM,19.8499,-101.025
MMMT,18.1034,-94.5807
MMMV,26.9557,-101.47
MMMX,19.4358,-99.0703
MMMY,25.7785,-100.107
MMMZ,23.1628,-106.2645
MMNG,31.2258,-110.9769
MMNL,27.4439,-99.5705
MMOX,16.9988,-96.7261
MMPA,20.6027,-97.4608
MMPB,19.1585,-98.3716
MMPC,20.0774,-98.7825
MMPE,31.352,-113.3052
MMPG,28.6279,-100.5352
MMPL,23.575,-109.5358
MMPN,19.3967,-102.039
MMPP,23.8033,-109.7073
MMPQ,17.5332,-92.0155
MMPR,20.6799,-105.2544
MMPS,15.8768,-97.0891
MMQT,20.6188,-100.1864
MMRX,26.0089,-98.2285
MMSD,23.1519,-109.7207
MMSF,30.9301,-114.8085
MMSG,27.7841,-105.7025
MMSL,22.9491,-109.9395
MMSM,19.7438,-99.0151
MMSP,22.262,-100.9357
MMSZ,16.2126,-95.2016
MMTA,19.538,-98.1735
MMTB,16.7399,-93.1733
MMTC,25.5623,-103.4046
MMTG,16.5616,-93.0257
MMTJ,32.541,-116.97
MMTL,20.1721,-87.6603
MMTM,22.2926,-97.8671
MMTN,22.0383,-98.8065
MMTO,19.3369,-99.5658
MMTP,14.7945,-92.3699
MMTU,20.2273,-87.4382
MMTX,19.5996,-103.371
MMUN,21.0408,-86.8735
MMVA,17.9943,-92.8182
MMVR,19.1396,-96.1886
MMZC,22.8949,-102.6872
MMZH,17.6018,-101.4606
MMZM,20.045,-102.276
MMZO,19.1448,-104.559
MMZP,20.7479,-103.4626
MNAL,13.5123,-84.2471
MNAM,12.136,-85.7165
MNBC,12.4691,-85.6626
MNBL,11.991,-83.7741
MNBR,12.19,-86.3539
MNBZ,14.0315,-84.6243
MNCE,11.4275,-86.0334
MNCH,12.6395,-87.1378
MNCI,12.1748,-83.0594
MNCT,12.4789,-87.1772
MNDM,12.8005,-86.1483
MNES,13.1117,-86.3633
MNFC,12.3534,-86.1829
MNHG,11.9812,-85.4336
MNJG,13.0857,-85.9877
MNKW,12.8921,-83.5829
MNLN,12.4292,-86.9028
MNLP,11.5236,-85.703
MNMG,12.1415,-86.1682
MNMR,11.8052,-86.5113
MNMT,12.996,-85.8521
MNPC,14.0472,-83.3867
MNPP,12.4657,-86.4679
MNRS,11.4277,-85.8385
MNRT,13.8897,-84.4089
MNSC,11.1356,-84.7687
MNSI,13.7272,-84.7778
MNSN,10.9203,-83.7078
MNWP,14.7392,-83.9694
MPAG,8.3717,-80.3517
MPBO,9.3408,-82.2508
MPCE,7.9878,-80.4098
MPCH,9.459,-82.5151
MPDA,8.389,-82.4364
MPEJ,9.3566,-79.8674
MPFE,8.4114,-79.1111
MPFS,9.3651,-79.9498
MPHO,8.9148,-79.5996
MPJE,7.5178,-78.1572
MPMC,8.5914,-79.8692
MPMG,8.9733,-79.5556
MPNU,7.8575,-80.2762
MPOA,8.6688,-77.4174
MPPD,7.5348,-80.0433
MPPT,8.2528,-78.2786
MPSA,8.0856,-80.9453
MPSM,8.3759,-80.1279
MPTO,9.0714,-79.3835
MPWN,9.2735,-78.1398
MPZL,9.4271,-82.5627
MRAD,9.4578,-84.209
MRAG,9.3327,-83.5827
MRAJ,10.0573,-84.8076
MRAL,9.3639,-83.626
MRAM,9.5216,-82.9547
MRAN,10.4693,-84.5791
MRAO,10.42,-83.6095
MRAR,9.85,-83.65
MRAT,10.5167,-84.3667
MRBA,9.1639,-83.3302
MRBB,10.1333,-83.5833
MRBC,10.7687,-83.5856
MRBM,10.2195,-83.5845
MRBN,10.0833,-83.3167
MRBO,9.4015,-84.119
MRBP,10.3,-83.35
MRBT,10.569,-83.5149
MRCA,10.414,-85.0917
MRCC,8.6016,-82.9688
MRCD,8.5,-82.9833
MRCE,8.442,-83.4591
MRCH,9.9814,-84.7727
MRCI,10.5167,-85.35
MRCJ,9.3886,-83.6881
MRCL,10.6672,-85.5114
MRCO,10.4536,-85.5582
MRCR,9.8705,-85.4814
MRCV,10.3557,-85.8529
MRCZ,10.0876,-84.1695
MRDC,10.3515,-83.6305
MRDD,9.55,-82.8833
MRDK,8.7189,-83.6417
MRDM,9.9279,-84.99
MRDO,8.9031,-83.4264
MRDV,10.4217,-84.2682
MREC,10.202,-83.4722
MRED,10.8687,-84.5291
MREO,10.5333,-83.85
MRER,10.3003,-84.4501
MRET,9.5333,-84.4667
MRFC,9.8844,-85.5645
MRFD,8.9577,-83.5503
MRFI,8.9163,-83.5073
MRFL,10.4186,-85.7827
MRFP,10.4474,-84.369
MRFS,8.6525,-83.0653
MRGA,9.9167,-85.6333
MRGF,8.654,-83.1822
MRGP,10.2172,-83.797
MRGT,10.6833,-84.8333
MRHB,9.9354,-84.0805
MRHG,10.45,-84.0833
MRHH,10.8,-84.3667
MRHO,10.5667,-84.15
MRHP,10.4519,-85.1497
MRHS,10.45,-83.6667
MRIA,9.8561,-85.3708
MRIS,10.5583,-83.9741
MRJO,9.5553,-84.5564
MRLA,10.2667,-85.4333
MRLB,10.5933,-85.5444
MRLC,11.0353,-84.7061
MRLE,8.4409,-82.9093
MRLF,10.65,-85.533
MRLG,10.8,-84.9167
MRLI,9.5153,-84.3015
MRLL,10.0667,-83.5833
MRLM,9.958,-83.022
MRLN,10.4207,-85.472
MRLO,9.9258,-84.0833
MRLP,10.3556,-85.2047
MRLS,10.3167,-83.9167
MRLT,10.567,-85.6
MRLV,10.6812,-85.5281
MRLY,9.55,-84.5667
MRLZ,10.4836,-85.462
MRMA,10.0833,-85.2667
MRMC,10.9167,-85.7167
MRMJ,10.4307,-85.1746
MRMR,9.8993,-85.5501
MRMZ,10.4917,-85.7917
MRNC,10.1394,-85.4458
MRNI,9.3898,-83.6779
MRNS,9.9765,-85.653
MROC,9.9939,-84.2088
MRPA,9.8514,-85.2379
MRPD,9.7322,-82.9832
MRPJ,8.5333,-83.3
MRPK,9.1575,-83.7354
MRPL,9.358,-83.9795
MRPM,8.951,-83.4686
MRPN,10.4867,-85.4142
MRPO,8.3573,-83.1369
MRPP,9.8583,-84.6944
MRPR,9.5787,-84.3445
MRPS,10.3156,-85.678
MRPT,9.7501,-85.2507
MRPV,9.9571,-84.1398
MRPY,9.1224,-83.7064
MRQA,10.4005,-84.4876
MRQN,9.393,-84.1258
MRQP,9.4432,-84.1298
MRRF,10.3274,-83.8876
MRRH,10.3167,-85.3333
MRRM,9.6775,-84.6717
MRRN,9.5704,-84.524
MRRP,10.5983,-85.1983
MRRX,10.3082,-83.7543
MRSA,10.1481,-83.4908
MRSB,10.5,-84.5667
MRSC,10.2738,-85.5915
MRSE,9.9333,-84.1667
MRSF,9.3,-83.6167
MRSG,10.2883,-83.7135
MRSH,9.5808,-82.9599
MRSI,9.3487,-83.7123
MRSL,8.7894,-83.2714
MRSM,9.9167,-84.6167
MRSN,8.4776,-83.5913
MRSO,10.2708,-83.5839
MRSP,10.4179,-83.753
MRSQ,10.4715,-83.9068
MRST,10.0645,-84.8762
MRSV,8.827,-82.9589
MRSX,9.5039,-82.6313
MRTB,10.3961,-83.8294
MRTG,10.3667,-85.1665
MRTL,10.3084,-85.4684
MRTM,10.3135,-85.8155
MRTR,9.7393,-85.0162
MRTS,9.6903,-85.1829
MRUP,10.8922,-85.0162
MRYT,10.3333,-83.6667
MRZP,9.994,-85.3102
MSAC,13.448,-88.1201
MSBS,13.2653,-88.4991
MSCD,13.213,-88.6028
MSCH,13.1861,-88.4064
MSCM,13.2056,-88.5473
MSCN,13.31,-88.5059
MSCR,13.3287,-88.5209
MSES,13.2193,-88.554
MSET,13.1626,-87.9048
MSJC,13.5778,-89.7332
MSLC,14.0098,-89.1848
MSLD,13.7262,-88.1067
MSLM,13.4871,-89.1927
MSLP,13.4445,-89.0558
MSPT,13.9453,-89.0628
MSRC,14.3187,-89.5069
MSSA,14.0672,-89.6322
MSSJ,13.1787,-88.4732
MSSM,13.4441,-88.127
MSSN,13.1975,-87.9609
MSSS,13.6995,-89.1199
MSZT,13.708,-90.0263
MTCA,18.2711,-73.7883
MTCH,19.7255,-72.2007
MTJA,18.2411,-72.5185
MTJE,18.6631,-74.1703
MTPP,18.58,-72.2926
MTPX,19.934,-72.848
MUBA,20.3653,-74.5062
MUBE,22.3513,-83.3999
MUBO,22.7186,-82.2686
MUBR,22.6213,-79.1472
MUBY,20.3964,-76.6214
MUCA,22.0271,-78.7896
MUCC,22.461,-78.3284
MUCF,22.15,-80.4142
MUCL,21.6165,-81.546
MUCM,21.4199,-77.848
MUCO,22.7111,-80.9228
MUCU,19.9747,-75.8355
MUCY,22.8644,-82.8558
MUFL,21.4997,-78.2028
MUGM,19.9065,-75.2071
MUGT,20.0853,-75.1583
MUHA,22.9892,-82.4091
MUHG,20.7851,-76.3155
MUKW,23.124,-81.3016
MULB,23.0939,-82.4381
MUMA,20.2424,-74.1483
MUMG,22.9699,-82.2748
MUMJ,22.2308,-79.0622
MUMO,20.6539,-74.9222
MUMZ,20.2886,-77.0875
MUNB,22.7565,-81.9207
MUNG,21.8347,-82.7838
MUPA,22.38,-78.8175
MUPB,23.0328,-82.5794
MUSA,22.8715,-82.5093
MUSC,22.4922,-79.9431
MUSG,22.8016,-80.0548
MUSJ,22.1005,-84.1574
MUSL,21.5095,-77.0206
MUSN,21.6425,-82.9551
MUSS,21.9704,-79.4427
MUTD,21.7883,-79.9972
MUTI,21.3106,-76.92
MUVR,23.0344,-81.4353
MUVT,20.9876,-76.9358
MWCB,19.687,-79.8828
MWCL,19.6602,-80.0888
MWCR,19.2928,-81.3577
MYAB,24.2877,-77.6846
MYAF,24.6979,-77.7956
MYAK,24.1587,-77.5898
MYAM,26.5107,-77.0843
MYAN,25.0538,-78.049
MYAP,22.4418,-73.9709
MYAS,26.0047,-77.3956
MYAT,26.7453,-77.3913
MYAW,27.2597,-78.4005
MYAX,26.9503,-77.5438
MYBC,25.4171,-77.8809
MYBG,25.7383,-77.8401
MYBO,25.4249,-79.2102
MYBS,25.6999,-79.2647
MYCA,24.6294,-75.6738
MYCB,24.3153,-75.4523
MYCC,25.5544,-79.2754
MYCH,24.1545,-75.518
MYCI,22.7456,-74.1824
MYCP,22.8297,-74.3461
MYCS,23.6976,-80.3898
MYCZ,24.7097,-77.7725
MYEB,24.0895,-76.3979
MYEF,23.5626,-75.878
MYEH,25.4758,-76.6808
MYEL,23.7756,-76.1036
MYEM,25.2847,-76.331
MYEN,24.5943,-76.8202
MYER,24.8916,-76.1776
MYES,24.1691,-76.4391
MYEY,23.3972,-75.4969
MYGD,26.6317,-77.9217
MYGF,26.558,-78.6956
MYGM,26.6319,-78.3592
MYGW,26.6853,-78.975
MYIG,20.975,-73.6669
MYLD,23.179,-75.0936
MYLR,23.0099,-74.9049
MYLS,23.5823,-75.2686
MYMM,22.3795,-73.0135
MYNN,25.039,-77.4662
MYRD,22.1818,-75.7295
MYRP,23.6834,-74.8363
MYSM,24.063,-74.5232
MYXC,23.6007,-75.3393
MYXD,24.1494,-76.4728
MYXF,23.8581,-76.2231
MYXH,24.2161,-76.4785
MZBZ,17.54,-88.3036
MZHR,17.2318,-87.8654
MZJC,18.4403,-88.4533
MZMF,17.1049,-89.1011
MZPL,16.537,-88.3615
NCAI,-18.8309,-159.764
NCAT,-19.9678,-158.119
NCMG,-21.896,-157.9067
NCMH,-10.3809,-160.9994
NCMK,-20.1361,-157.345
NCMN,-19.2692,-158.9594
NCMR,-19.8425,-157.703
NCPK,-10.9145,-165.8393
NCPY,-9.0144,-158.0324
NCRG,-21.2027,-159.806
NFCI,-17.7433,-179.342
NFCS,-17.7358,177.129
NFFA,-17.5308,177.6905
NFFN,-17.7618,177.4378
NFFO,-17.7784,177.197
NFFR,-16.5337,179.9757
NFGO,-17.4386,-179.1636
NFKB,-17.2542,-179.489
NFKD,-19.0581,178.157
NFMA,-17.6728,177.0985
NFMO,-18.5667,179.951
NFNA,-18.0442,178.5615
NFNB,-17.7111,178.759
NFND,-18.2553,178.0492
NFNG,-18.1156,179.34
NFNH,-16.7481,-179.667
NFNK,-18.1992,-178.817
NFNL,-16.4667,179.34
NFNM,-16.6906,-179.877
NFNO,-17.3458,179.422
NFNR,-12.4825,177.071
NFNS,-16.8034,179.3406
NFNW,-17.617,179.017
NFOL,-20.6589,-178.7411
NFRS,-17.6554,177.2654
NFSW,-16.7589,177.545
NFTE,-21.3783,-174.958
NFTF,-21.2414,-175.1492
NFTL,-19.777,-174.341
NFTO,-15.5706,-175.6313
NFTP,-15.9773,-173.7911
NFTV,-18.5853,-173.962
NFUL,-16.966,177.368
NFVB,-17.269,-178.976
NFVL,-18.5125,177.639
NGAB,1.7986,173.041
NGBR,-1.3547,176.007
NGFU,-8.5239,179.197
NGKT,0.2186,173.442
NGMA,1.0036,173.031
NGMK,2.0586,173.271
NGMN,3.3744,172.992
NGNU,-1.3144,176.41
NGON,-1.7961,175.526
NGTA,1.3816,173.147
NGTB,0.4908,173.8303
NGTE,-1.2245,174.776
NGTM,-2.4858,175.97
NGTO,-0.6397,174.428
NGTR,-2.6162,176.8022
NGTS,-1.4744,175.064
NGTU,3.0858,172.811
NGUK,0.1853,173.637
NIUE,-19.0801,-169.9235
NLWF,-14.3116,-178.0665
NLWW,-13.2394,-176.1986
NSAS,-14.1844,-169.67
NSAU,-13.5051,-172.6279
NSFA,-13.83,-172.008
NSFI,-13.8492,-171.7399
NSFQ,-14.2161,-169.4238
NSMA,-13.7423,-172.258
NSTU,-14.331,-170.71
NTAA,-17.5535,-149.6069
NTAM,-22.6373,-152.8059
NTAR,-22.4341,-151.361
NTAT,-23.3654,-149.524
NTAV,-23.8852,-147.662
NTGA,-17.3526,-145.51
NTGB,-15.82,-140.8881
NTGC,-15.1196,-148.231
NTGD,-15.5736,-146.415
NTGE,-18.4665,-136.4385
NTGF,-16.0541,-145.657
NTGG,-18.7506,-141.7591
NTGH,-17.5483,-142.612
NTGI,-14.4368,-146.07
NTGJ,-23.0799,-134.89
NTGK,-15.6633,-146.885
NTGM,-16.5839,-143.658
NTGN,-14.1774,-141.2661
NTGO,-17.3552,-138.4473
NTGP,-14.8095,-138.8126
NTGQ,-18.2957,-137.0163
NTGR,-15.6229,-145.4966
NTGS,-21.4822,-135.6371
NTGT,-14.7095,-145.246
NTGU,-15.2483,-146.617
NTGV,-14.8681,-148.717
NTGW,-19.2846,-138.7684
NTGY,-20.7843,-138.568
NTHE,-14.4281,-146.257
NTKA,-15.7806,-145.1284
NTKF,-16.6866,-145.3294
NTKH,-15.9923,-140.1642
NTKK,-15.4857,-145.4648
NTKM,-15.8574,-142.2665
NTKN,-16.1193,-146.3688
NTKO,-16.0505,-142.4766
NTKR,-14.4558,-145.025
NTKT,-16.3397,-144.408
NTKU,-20.7001,-143.0459
NTMD,-8.7956,-140.229
NTMN,-9.7688,-139.011
NTMP,-9.3517,-140.078
NTMU,-8.9362,-139.5541
NTTB,-16.4444,-151.751
NTTE,-17.0151,-149.5894
NTTG,-14.9543,-147.661
NTTH,-16.6871,-151.0216
NTTM,-17.4898,-149.7618
NTTO,-18.0748,-140.946
NTTP,-16.4265,-152.244
NTTR,-16.7229,-151.466
NTTU,-16.2423,-151.8338
NTTX,-21.8098,-138.8134
NTUV,-18.7807,-138.8557
NVSA,-13.666,167.712
NVSC,-13.8517,167.537
NVSD,-13.328,166.638
NVSE,-17.0903,168.343
NVSF,-16.265,167.924
NVSG,-15.3067,167.967
NVSH,-15.4708,168.152
NVSI,-16.432,168.2355
NVSL,-16.4611,167.8293
NVSM,-16.5842,168.159
NVSN,-14.9972,168.0811
NVSO,-15.8656,168.172
NVSP,-16.0797,167.401
NVSQ,-14.2181,167.587
NVSR,-15.472,167.835
NVSS,-15.505,167.22
NVST,-16.8911,168.551
NVSU,-16.3297,168.3011
NVSV,-16.7961,168.177
NVSW,-15.412,167.691
NVSX,-16.4864,167.4472
NVSZ,-14.8817,166.558
NVVA,-20.2491,169.7708
NVVB,-19.2346,169.6009
NVVD,-18.7694,169.001
NVVF,-19.5164,170.232
NVVI,-18.8564,169.2833
NVVJ,-17.7011,168.527
NVVK,-19.5161,169.2625
NVVV,-17.6993,168.32
NVVW,-19.4551,169.224
NWWA,-21.0964,167.8038
NWWB,-21.6096,165.3971
NWWC,-19.7205,163.6611
NWWD,-21.0536,164.8388
NWWE,-22.5889,167.456
NWWI,-20.6945,164.9925
NWWK,-20.5463,164.2556
NWWL,-20.7746,167.2393
NWWM,-22.2577,166.4728
NWWP,-20.2892,164.0993
NWWQ,-21.3165,164.9994
NWWR,-21.4824,168.0385
NWWT,-21.8197,165.861
NWWU,-20.7901,165.2595
NWWV,-20.6409,166.573
NWWW,-22.0146,166.213
NWWY,-20.8555,164.5355
NZAA,-37.012,174.7863
NZAE,-38.233,176.517
NZAH,-38.1707,174.7045
NZAL,-41.1868,174.944
NZAN,-40.6981,175.856
NZAP,-38.7397,176.084
NZAR,-37.0297,174.973
NZAS,-43.9033,171.797
NZAW,-36.8333,174.7667
NZBA,-46.2457,169.7489
NZBC,-36.8499,174.7625
NZBW,-43.4796,172.687
NZCB,-46.04,168.312
NZCG,-38.6653,176.1347
NZCH,-43.489,172.5321
NZCI,-43.8119,-176.4651
NZCS,-45.0486,169.171
NZCX,-36.7917,175.509
NZDA,-35.9393,173.8929
NZDC,-45.8826,170.5079
NZDH,-45.8689,170.5097
NZDN,-45.929,170.1978
NZDU,-45.2009,169.3317
NZDV,-40.2317,176.0794
NZDY,-37.0964,174.9753
NZES,-38.1439,175.5504
NZEV,-41.3398,173.0776
NZFA,-34.5162,172.9113
NZFE,-43.3175,172.512
NZFF,-43.3858,172.361
NZFG,-46.895,168.111
NZFH,-43.4631,170.0
NZFI,-40.2558,175.605
NZFJ,-43.3631,170.134
NZFP,-40.4567,175.27
NZFR,-43.3766,170.194
NZFT,-41.2434,175.9602
NZFX,-77.9564,166.7667
NZGA,-38.4039,176.744
NZGB,-36.2414,175.472
NZGC,-46.1567,168.898
NZGH,-43.3872,170.18
NZGI,-43.4933,172.548
NZGM,-42.4617,171.19
NZGR,-36.5936,175.7646
NZGS,-38.6633,177.978
NZGT,-43.9067,170.128
NZGY,-44.8717,168.398
NZHA,-39.5533,174.267
NZHC,-44.7093,169.1365
NZHK,-42.7136,170.985
NZHN,-37.867,175.332
NZHR,-42.5202,172.8227
NZHS,-39.6467,176.767
NZHT,-43.8653,169.041
NZJA,-37.7058,176.149
NZJB,-41.5366,173.9437
NZJC,-43.5327,172.624
NZJD,-37.1358,175.5445
NZJE,-35.9288,173.8756
NZJF,-37.9656,176.9767
NZJG,-38.6411,178.004
NZJH,-39.6292,176.824
NZJI,-35.3858,174.0703
NZJK,-35.1183,173.261
NZJL,-36.8592,174.769
NZJM,-40.3378,175.619
NZJN,-36.7817,174.759
NZJO,-38.1319,176.247
NZJP,-38.0548,178.3043
NZJQ,-39.0729,174.0548
NZJR,-35.7351,174.3034
NZJS,-46.4372,168.359
NZJT,-38.8897,175.251
NZJU,-39.9442,175.0392
NZJV,-36.8706,174.631
NZJW,-35.4072,173.5065
NZJX,-38.2319,175.861
NZJY,-39.0425,177.4142
NZJZ,-38.6986,176.099
NZKC,-37.2561,175.072
NZKD,-36.1781,175.324
NZKE,-36.8089,175.086
NZKF,-36.4064,174.587
NZKH,-41.145,174.835
NZKI,-42.425,173.605
NZKK,-35.2591,173.9133
NZKM,-41.2367,172.105
NZKN,-35.7046,174.313
NZKO,-35.4511,173.817
NZKT,-35.0698,173.2871
NZKU,-39.8,174.117
NZKY,-39.8461,176.423
NZLD,-37.48,174.745
NZLE,-41.7592,172.746
NZLF,-38.1294,176.253
NZLT,-38.7317,176.035
NZLX,-45.2105,169.3711
NZMA,-37.7344,175.742
NZMB,-36.8465,174.7879
NZMC,-43.765,170.133
NZME,-37.2575,175.115
NZMF,-44.6733,167.923
NZMG,-34.9956,173.464
NZMH,-40.9475,175.6754
NZMJ,-44.366,168.0163
NZMK,-41.1233,172.989
NZML,-42.083,173.283
NZMO,-45.5331,167.65
NZMQ,-39.3998,173.8099
NZMR,-41.7967,172.315
NZMS,-40.9746,175.6345
NZMT,-41.2142,175.486
NZMV,-43.635,171.6545
NZMW,-44.2317,169.23
NZMX,-39.975,173.292
NZMZ,-37.6,176.083
NZNE,-36.6567,174.655
NZNF,-39.2051,174.2226
NZNH,-41.2883,173.272
NZNP,-39.0086,174.179
NZNR,-39.4658,176.87
NZNS,-41.2967,173.2243
NZNV,-46.4124,168.313
NZOA,-44.4867,169.986
NZOB,-46.5895,168.3058
NZOF,-36.3468,174.7589
NZOG,-44.2332,169.2301
NZOH,-40.206,175.388
NZOI,-37.633,176.417
NZOM,-41.54,173.922
NZON,-46.9007,168.1245
NZOP,-38.0225,177.307
NZOR,-45.0993,170.9675
NZOS,-35.2224,174.2308
NZOT,-40.7856,175.1513
NZOU,-44.97,171.082
NZOW,-36.8053,175.0709
NZOX,-36.1464,175.419
NZPA,-35.2837,174.0905
NZPH,-43.5942,171.531
NZPI,-36.6519,174.436
NZPK,-36.9303,174.8129
NZPM,-40.3206,175.617
NZPN,-41.3461,173.956
NZPO,-40.2793,176.6502
NZPP,-40.9047,174.989
NZPS,-35.2819,174.0929
NZPW,-41.104,175.5003
NZQN,-45.0192,168.7464
NZQW,-41.2858,174.78
NZRA,-37.8047,174.86
NZRC,-46.8997,168.101
NZRD,-36.7425,174.7159
NZRI,-44.085,171.416
NZRK,-38.8864,176.364
NZRL,-38.0833,176.267
NZRN,-45.1297,170.1107
NZRO,-38.1092,176.317
NZRR,-37.883,178.2897
NZRT,-43.29,172.542
NZRU,-39.4464,175.658
NZRW,-36.0972,173.977
NZRX,-45.5117,169.317
NZSD,-39.3189,174.31
NZSF,-43.3836,171.9113
NZSL,-36.3236,174.556
NZSO,-41.0089,174.089
NZSP,-90.0,-1.0
NZTA,-37.4747,175.618
NZTC,-45.9381,169.2634
NZTE,-37.7442,175.161
NZTG,-37.6719,176.196
NZTH,-37.1567,175.55
NZTI,-45.8613,170.3628
NZTK,-40.8133,172.775
NZTL,-44.0053,170.444
NZTM,-38.8394,175.262
NZTN,-38.9683,175.814
NZTO,-38.2367,175.892
NZTP,-44.013,170.4066
NZTQ,-38.3339,175.152
NZTT,-38.3035,175.1478
NZTU,-44.3028,171.225
NZTW,-44.2611,170.0977
NZTX,-45.4162,167.7199
NZTZ,-44.4093,171.2556
NZUA,-39.5583,173.45
NZUB,-39.65,173.308
NZUI,-39.4319,173.233
NZUK,-44.235,170.118
NZUN,-37.0211,175.8636
NZUR,-41.8065,172.3282
NZVL,-45.9903,168.812
NZVR,-39.685,175.789
NZWB,-41.5183,173.87
NZWD,-77.8674,167.057
NZWE,-36.8297,175.066
NZWF,-44.7221,169.2463
NZWG,-37.2005,175.8666
NZWH,-41.3085,174.7794
NZWJ,-36.2976,174.5231
NZWK,-37.9222,176.917
NZWL,-43.4773,172.3932
NZWM,-44.7903,171.0901
NZWN,-41.3268,174.8069
NZWO,-39.0119,177.4044
NZWP,-36.7878,174.63
NZWQ,-34.5272,172.8382
NZWR,-35.7693,174.3637
NZWS,-41.7371,171.579
NZWT,-36.8287,175.6828
NZWU,-39.9635,175.0244
NZWV,-37.4304,175.9524
NZWZ,-36.3978,174.6586
NZYP,-39.9967,176.537
OABN,34.8089,67.8166
OABT,31.5597,64.365
OACC,34.5265,65.271
OADS,33.3207,68.6365
OADY,31.0913,64.0661
OADZ,38.4618,70.8816
OAEM,36.7127,71.6126
OAFR,32.3667,62.1653
OAFZ,37.1221,70.5201
OAGN,33.4879,68.5252
OAGZ,33.6274,69.237
OAHN,37.89,70.2038
OAHR,34.21,62.2283
OAIX,34.9461,69.265
OAJG,33.1583,67.5461
OAJL,34.3998,70.4986
OAKB,34.5659,69.2123
OAKG,37.083,69.367
OAKN,31.5058,65.848
OAKS,33.2846,69.8073
OALP,37.2444,74.2519
OAMN,35.9308,64.7609
OAMS,36.7041,67.2105
OANL,33.7395,66.1574
OANZ,30.9633,62.0608
OAOG,32.9311,69.1532
OAQA,32.1338,66.8989
OAQM,36.0171,70.7609
OAQN,34.9855,63.1174
OARG,32.903,66.6309
OART,37.1068,69.8489
OARZ,36.0299,70.7142
OASA,33.1257,68.8385
OASD,33.3913,62.261
OASG,36.7511,65.913
OASH,33.9222,69.0779
OASL,33.3638,69.9561
OASN,37.4976,71.5085
OATN,32.6042,65.8658
OATQ,36.7707,69.532
OAUZ,36.6651,68.9108
OAYQ,37.459,69.6466
OAYW,37.5636,70.4445
OAZI,31.8487,64.2232
OBBI,26.2673,50.6376
OBBS,25.9184,50.5906
OBKH,26.0345,50.5245
OEAA,27.3187,49.5867
OEAB,18.2404,42.6566
OEAH,25.2853,49.4852
OEAO,26.4836,38.117
OEBA,20.2985,41.6362
OEBH,19.9844,42.6209
OEBN,19.8316,54.0221
OEBQ,25.9113,49.5912
OEDF,26.4691,49.7982
OEDM,24.4499,44.1212
OEDR,26.2654,50.152
OEGN,16.9011,42.5858
OEGS,26.3028,43.7744
OEGT,31.4124,37.2789
OEHL,27.4379,41.6863
OEHR,24.0965,49.2243
OEHW,22.9678,46.8995
OEJB,27.039,49.4051
OEJF,21.3481,39.173
OEJN,21.6802,39.1574
OEKF,26.0853,45.1967
OEKK,27.9009,45.5282
OEKM,18.2973,42.8035
OEKR,25.0696,48.1949
OEMA,24.5534,39.7051
OEMD,24.626,39.195
OENG,17.6114,44.4192
OENN,27.9243,35.2936
OENR,27.5,48.5
OEOM,19.1118,50.1274
OEPA,28.3357,46.1271
OEPC,25.1745,47.4884
OEPF,24.7103,44.9645
OEPI,24.2761,42.1437
OEPJ,24.1073,41.036
OEPK,27.9542,46.7426
OEPS,24.0627,47.5805
OERB,22.7026,39.0698
OERF,29.6264,43.4906
OERG,25.669,43.5497
OERK,24.9576,46.6988
OERM,28.0796,48.611
OERR,30.9066,41.1382
OERT,26.7231,50.0308
OESB,22.5148,53.9641
OESH,17.4669,47.1214
OESK,29.7833,40.1009
OESL,20.4647,45.6196
OESS,26.0001,44.8801
OETB,28.3711,36.6249
OETF,21.4847,40.5441
OETH,25.213,46.6408
OETN,27.8678,48.7691
OETR,31.6922,38.7315
OEUD,25.1511,49.3288
OEUM,25.2858,37.1992
OEWD,20.5043,45.1996
OEWJ,26.1986,36.4764
OEYN,24.1442,38.0634
OEZL,26.35,44.833
OIAA,30.3679,48.2301
OIAD,32.4344,48.3976
OIAG,30.7444,49.6772
OIAH,30.3339,50.8338
OIAI,32.0017,49.2686
OIAJ,30.8352,49.5349
OIAM,30.5562,49.1519
OIAW,31.3364,48.7638
OIBA,25.8757,55.033
OIBB,28.9448,50.8346
OIBH,27.2127,54.3186
OIBJ,27.8205,52.3522
OIBK,26.5254,53.9805
OIBL,26.5323,54.8248
OIBP,27.3796,52.7377
OIBQ,29.2605,50.3222
OIBS,25.9089,54.5394
OIBV,26.8107,53.3543
OICB,35.9877,45.8471
OICC,34.3459,47.1581
OICD,32.9345,47.4834
OICI,33.5866,46.4048
OICK,33.4354,48.2829
OICS,35.2459,47.0092
OICZ,33.3836,49.6964
OIFE,32.9289,51.5611
OIFH,32.5672,51.6911
OIFK,33.8953,51.577
OIFM,32.7551,51.8839
OIFP,32.6211,51.697
OIFS,32.2972,50.8422
OIFV,32.3274,51.3773
OIGG,37.3233,49.6178
OIHH,34.8664,48.5607
OIHM,34.2833,48.8167
OIHR,34.1381,49.8473
OIHS,35.2116,48.6534
OIIA,35.9521,50.4508
OIIB,35.3604,51.9866
OIIC,34.984,50.8062
OIID,35.703,51.4751
OIIE,35.4161,51.1522
OIII,35.6892,51.3144
OIIK,36.2401,50.0471
OIIM,35.7763,50.881
OIIP,35.7761,50.8267
OIIS,35.5911,53.4951
OIKB,27.2183,56.3778
OIKJ,28.7235,57.675
OIKK,30.2713,56.9497
OIKM,29.0842,58.45
OIKP,27.1583,56.1725
OIKQ,26.7546,55.9024
OIKR,30.2983,56.049
OIKY,29.5509,55.6727
OIMB,32.8965,59.2813
OIMC,36.5012,61.0649
OIMD,34.35,58.68
OIMH,35.2667,59.2167
OIMJ,36.4249,55.1043
OIMM,36.2348,59.6429
OIMN,37.493,57.3082
OIMS,36.1681,57.5952
OIMT,33.6678,56.8927
OIMX,37.6279,56.1731
OINE,37.3833,55.452
OING,36.9094,54.4013
OINJ,36.6551,52.3496
OINM,34.1692,51.3175
OINN,36.6643,51.4627
OINR,36.907,50.6873
OINZ,36.6444,53.1888
OISA,31.033,52.786
OISD,28.7216,54.4413
OISF,28.8918,53.7233
OISJ,28.5867,53.5791
OISL,27.6747,54.3833
OISO,29.7547,52.6937
OISR,27.3727,53.1888
OISS,29.5392,52.5898
OISY,30.7022,51.543
OITH,36.7291,45.1581
OITK,38.4275,44.9736
OITL,38.3257,48.4244
OITM,37.348,46.1279
OITP,39.6036,47.8815
OITR,37.6681,45.0687
OITS,36.2114,46.3131
OITT,38.1339,46.235
OITU,39.1913,44.9285
OITZ,36.7737,48.3594
OIYY,31.9049,54.2765
OIZB,31.0983,61.5439
OIZC,25.4432,60.3822
OIZH,29.4757,60.9062
OIZI,27.2361,60.72
OIZJ,25.6548,57.8017
OIZS,27.4193,62.3158
OJAI,31.7226,35.9932
OJAM,31.9727,35.9916
OJAQ,29.6116,35.0181
OJHF,32.1607,37.1494
OJHR,32.5392,38.195
OJMF,32.3564,36.2592
OJMS,31.8256,36.782
OKAJ,28.9348,47.7919
OKAS,29.3469,47.5201
OKDI,29.6976,47.436
OKKK,29.2245,47.9698
OKNB,28.8645,48.2728
OLBA,33.8198,35.4874
OLKA,34.5893,36.0113
OLRA,33.8508,35.9877
OMAA,24.441,54.6492
OMAB,23.5997,53.3794
OMAD,24.4271,54.4599
OMAF,24.3788,54.316
OMAG,24.7265,54.8323
OMAH,24.074,52.4636
OMAJ,24.1878,52.6139
OMAL,24.2617,55.6092
OMAM,24.2482,54.5477
OMAQ,24.9306,52.8551
OMAR,24.7809,52.5599
OMAS,25.1382,52.8744
OMAZ,24.8625,53.0771
OMBY,24.2836,52.5803
OMDB,25.2498,55.371
OMDL,24.51,52.3352
OMDM,25.0268,55.3662
OMDW,24.8962,55.1624
OMEF,24.4661,55.625
OMFJ,25.1084,56.3281
OMRJ,25.665,55.7744
OMRK,25.6135,55.9388
OMRS,25.7529,55.9592
OMSJ,25.3286,55.5172
OMSN,25.2168,54.2334
OOBB,21.178,55.4637
OOBR,24.2416,55.7837
OOFD,22.3548,56.4841
OOGB,21.3772,57.0563
OOHA,19.9756,56.2824
OOIA,22.7328,58.5136
OOII,23.1863,56.4333
OOIZ,22.8926,57.7591
OOJA,19.4749,57.3083
OOKB,26.171,56.2406
OOLK,22.8049,55.3728
OOMA,20.6754,58.8905
OOMS,23.6002,58.2853
OOMX,18.139,55.179
OOSA,17.0387,54.0913
OOSH,24.386,56.6254
OOSQ,23.0755,57.6433
OOTH,17.666,54.0246
OOYB,22.2015,56.0344
OPBG,32.0561,72.9484
OPBL,29.4922,71.1184
OPBN,32.9729,70.5279
OPBR,29.9463,73.2491
OPBW,29.3481,71.718
OPCH,35.8862,71.7999
OPCL,35.4267,74.0817
OPCT,33.9686,71.9635
OPDB,28.8783,64.3998
OPDG,29.961,70.4859
OPDI,31.9094,70.8966
OPDK,28.5,69.7
OPFA,31.3649,72.9953
OPGD,25.2967,62.4988
OPGT,35.9188,74.3336
OPIS,33.549,72.8257
OPJA,28.2842,68.4497
OPKA,24.8284,66.666
OPKC,24.9065,67.1608
OPKD,25.3181,68.3661
OPKE,25.526,69.7718
OPKF,24.729,67.5876
OPKH,27.7906,66.6473
OPKT,33.57,71.44
OPLA,31.5216,74.4036
OPLL,30.3555,68.6135
OPMA,33.0501,73.6384
OPMF,34.3388,73.5089
OPMI,32.5631,71.5707
OPMJ,27.3352,68.1431
OPMK,25.6825,69.0728
OPMN,33.0147,70.0644
OPMP,25.6828,69.0728
OPMR,24.8936,66.9388
OPMS,33.8691,72.4009
OPMT,30.2032,71.4191
OPNH,26.2194,68.3901
OPOK,30.741,73.3577
OPOR,25.2766,64.5883
OPPC,33.9021,70.0716
OPPG,26.9545,64.1325
OPPI,25.2905,63.3451
OPPN,30.5525,66.9848
OPPS,33.9939,71.5146
OPQS,33.5602,73.0332
OPQT,30.2514,66.9378
OPRK,28.3839,70.2796
OPRN,33.6167,73.0992
OPRQ,30.7581,72.2825
OPRS,34.0811,71.9726
OPRT,33.8497,73.7981
OPSB,29.5712,67.8479
OPSD,35.3387,75.5386
OPSF,24.8742,67.1185
OPSK,27.722,68.7917
OPSN,26.4731,67.7172
OPSR,32.0486,72.665
OPSS,34.8136,72.3528
OPST,32.5359,74.3646
OPSU,28.6451,69.1769
OPSW,26.9662,68.8781
OPTA,33.9861,72.6114
OPTH,24.8415,68.8384
OPTT,28.9642,61.5954
OPTU,25.9848,63.0289
OPWN,32.3047,69.5704
OPZB,31.3584,69.4636
ORAA,33.7856,42.4412
ORAT,33.3381,43.5971
ORBB,37.0988,43.2666
ORBD,33.9402,44.3616
ORBI,33.2625,44.2346
ORBM,36.3058,43.1474
ORBR,36.5337,44.3399
ORER,36.236,43.9466
ORKK,35.4695,44.3489
ORMM,30.5491,47.6621
ORNI,31.9911,44.405
ORQW,35.7672,43.1251
ORRW,33.0192,39.9383
ORSH,34.6732,43.543
ORSU,35.5605,45.3151
ORTF,36.2831,42.403
ORTI,33.5239,44.2567
ORTL,30.9358,46.0901
ORUB,32.482,45.7571
ORWH,33.3047,44.4037
OSAP,36.1813,37.2269
OSDI,33.4115,36.5156
OSDZ,35.2854,40.176
OSKL,37.0206,41.1914
OSLK,35.4011,35.9487
OSPR,34.5574,38.3169
OTBD,25.2594,51.5655
OTBH,25.1173,51.315
OTHH,25.2731,51.6081
OYAA,12.8296,45.03
OYAB,16.011,43.1768
OYAT,14.5513,46.8262
OYBA,18.7207,50.8358
OYBI,14.106,45.4411
OYBN,14.7817,45.7197
OYBQ,17.3504,44.6255
OYGD,16.1933,52.1742
OYHD,14.752,42.976
OYKM,15.3688,42.6125
OYMB,15.4692,45.3273
OYMS,13.9368,45.657
OYQN,15.417,51.683
OYRN,14.6622,49.3753
OYRT,16.733,44.35
OYSF,15.2946,42.686
OYSH,16.9675,43.7281
OYSN,15.4763,44.2197
OYSQ,12.6321,53.9062
OYSY,15.9659,48.7881
OYTZ,13.686,44.1391
OYZM,16.2071,44.7903
OZKL,-31.6249,142.2961
PAAD,70.136,-146.29
PAAK,52.2203,-174.206
PAAL,56.006,-160.561
PAAM,53.9729,-166.8585
PAAN,64.1983,-147.9295
PAAP,56.2468,-134.648
PAAQ,61.5949,-149.089
PAAT,52.8298,173.1738
PABA,70.134,-143.582
PABE,60.7798,-161.838
PABG,61.1722,-151.044
PABI,63.9945,-145.722
PABL,65.9816,-161.149
PABM,59.3623,-155.2601
PABP,70.1375,-147.03
PABR,71.2854,-156.766
PABT,66.9139,-151.529
PABU,70.171,-146.8449
PABV,61.4165,-149.507
PACD,55.2079,-162.725
PACE,65.5738,-144.7807
PACI,66.645,-143.74
PACK,60.1367,-164.2792
PACL,64.2997,-149.1174
PACM,61.8447,-165.5752
PACR,65.8277,-144.0762
PACS,54.5839,-164.9057
PACV,60.4918,-145.478
PACX,67.2522,-150.204
PACY,60.081,-142.4945
PACZ,61.7803,-166.039
PADE,66.0689,-162.7669
PADG,68.0321,-162.899
PADK,51.8836,-176.6428
PADL,59.0447,-158.505
PADM,61.8643,-162.026
PADQ,57.75,-152.494
PADU,53.8988,-166.545
PADY,59.9608,-162.881
PAED,61.2517,-149.8071
PAEE,60.2132,-162.044
PAEG,64.778,-141.1505
PAEH,58.6464,-162.063
PAEI,64.6657,-147.102
PAEL,58.1952,-136.347
PAEM,62.7861,-164.491
PAEN,60.5709,-151.2452
PAEW,60.8104,-164.4995
PAFA,64.8151,-147.856
PAFB,64.8375,-147.614
PAFE,56.9613,-133.9102
PAFK,62.5425,-153.623
PAFL,62.5322,-153.6128
PAFM,67.1055,-157.8553
PAFR,61.2664,-149.653
PAFS,63.0179,-154.3604
PAGA,64.7362,-156.937
PAGB,68.4797,-149.49
PAGG,59.8765,-163.169
PAGH,66.8881,-157.162
PAGK,62.1559,-145.4547
PAGL,64.5505,-163.007
PAGM,63.7677,-171.7333
PAGN,57.4971,-134.5672
PAGQ,61.5347,-149.8129
PAGS,58.4253,-135.707
PAGT,60.4691,-164.7041
PAGY,59.4603,-135.3167
PAGZ,65.4021,-161.281
PAHC,62.1883,-159.775
PAHE,65.089,-150.8719
PAHL,65.6979,-156.351
PAHN,59.2439,-135.5239
PAHO,59.6445,-151.4792
PAHP,61.5239,-166.147
PAHU,66.0411,-154.263
PAHV,63.8672,-148.9694
PAHX,62.6921,-159.569
PAHY,55.2052,-132.8303
PAIG,59.324,-155.902
PAII,58.1844,-157.3749
PAIK,66.9761,-160.439
PAIL,59.7544,-154.911
PAIM,65.9928,-153.704
PAIN,63.7325,-148.9113
PAIW,65.6226,-168.095
PAJC,56.3115,-158.373
PAJN,58.3549,-134.5744
PAJZ,59.7266,-157.259
PAKD,57.8062,-152.3737
PAKF,54.8475,-163.4072
PAKH,56.9387,-154.183
PAKI,59.9318,-164.0282
PAKK,64.9395,-161.154
PAKL,58.9821,-155.121
PAKN,58.6778,-156.652
PAKO,52.9416,-168.8495
PAKP,68.1336,-151.743
PAKT,55.3556,-131.714
PAKU,70.3308,-149.598
PAKV,64.3186,-158.742
PAKW,55.5792,-133.076
PAKY,57.5659,-154.4538
PALB,57.5352,-153.9765
PALG,61.5363,-160.341
PALH,61.18,-149.972
PALJ,60.2017,-154.3259
PALN,70.9111,-153.2378
PALP,70.3443,-150.945
PALR,67.5045,-148.483
PALU,68.8751,-166.11
PAMB,58.9321,-158.9019
PAMC,62.9529,-155.606
PAMD,59.4499,-146.307
PAMH,63.886,-152.302
PAMK,63.4901,-162.11
PAML,64.9919,-150.6441
PAMM,55.131,-131.578
PAMO,62.0954,-163.682
PAMR,61.2128,-149.844
PAMX,61.4371,-142.904
PAMY,60.3723,-166.2698
PANA,60.6903,-161.979
PANC,61.179,-149.9926
PANI,61.5816,-159.543
PANN,64.5488,-149.0745
PANO,59.9802,-154.839
PANR,58.2544,-134.898
PANT,55.0377,-131.5726
PANU,64.7293,-158.074
PANV,62.6467,-160.191
PANW,59.4518,-157.3738
PAOB,66.9123,-156.897
PAOC,58.9065,-157.714
PAOH,58.0961,-135.4101
PAOM,64.5122,-165.445
PAOO,60.5414,-165.087
PAOR,62.9613,-141.929
PAOT,66.8847,-162.599
PAOU,56.0075,-161.16
PAPB,56.5773,-169.6638
PAPC,65.2537,-166.859
PAPE,55.9065,-159.1609
PAPG,56.8017,-132.945
PAPH,56.9579,-158.6302
PAPK,60.7029,-161.778
PAPM,59.0177,-161.8279
PAPN,57.5804,-157.572
PAPO,68.3488,-166.799
PAPR,66.8141,-150.644
PAQH,59.7551,-161.845
PAQT,70.21,-151.006
PARC,68.1147,-145.579
PARS,61.7751,-161.3195
PARY,64.7272,-155.47
PASA,63.6864,-170.493
PASC,70.1947,-148.465
PASD,55.3139,-160.5221
PASH,66.2496,-166.0891
PASI,57.0471,-135.362
PASK,66.6001,-159.986
PASL,61.7005,-157.166
PASM,62.0605,-163.302
PASN,57.1663,-170.2226
PASO,59.443,-151.7052
PASP,61.812,-147.507
PAST,63.3315,-149.127
PASV,61.0974,-155.574
PASW,61.9653,-151.191
PASX,60.4749,-151.0385
PASY,52.7123,174.114
PATA,65.1744,-152.109
PATC,65.5631,-167.922
PATE,65.2404,-166.339
PATG,59.0528,-160.397
PATK,62.3205,-150.094
PATL,62.8944,-155.977
PATQ,70.467,-157.436
PATW,63.3912,-148.956
PAUK,62.6827,-164.7225
PAUM,69.3711,-152.136
PAUN,63.8884,-160.799
PAUO,61.7542,-150.052
PAUT,54.1446,-165.6043
PAVA,61.5409,-165.6005
PAVC,55.1163,-162.266
PAVD,61.1327,-146.2466
PAVE,67.0087,-146.366
PAVL,67.7346,-164.5599
PAWB,66.3622,-147.407
PAWD,60.1305,-149.4186
PAWG,56.4843,-132.37
PAWI,70.638,-159.995
PAWM,64.6892,-163.413
PAWN,67.5612,-162.9805
PAWR,60.7772,-148.7196
PAWS,61.5717,-149.54
PAWT,70.6139,-159.8633
PAXK,63.0264,-145.4988
PAYA,59.5087,-139.6604
PCIS,-2.7681,-171.71
PFAK,60.9026,-161.2311
PFAL,66.5518,-152.622
PFCB,60.0776,-147.9947
PFCL,58.8337,-158.529
PFCR,62.0318,-158.2343
PFEL,64.6147,-162.272
PFKA,60.8727,-162.5247
PFKK,59.4332,-154.8022
PFKO,63.0306,-163.533
PFKT,65.3318,-166.4678
PFKU,64.8761,-157.727
PFKW,60.7903,-161.444
PFME,60.8184,-164.519
PFNO,66.8179,-161.019
PFSH,64.3711,-161.224
PFTO,63.3295,-142.954
PFWS,58.7024,-157.0054
PFYU,66.5717,-145.25
PGRO,14.1733,145.2411
PGSN,15.1194,145.7288
PGUA,13.584,144.93
PGUM,13.485,144.7973
PGWT,14.9992,145.6194
PHBK,22.0228,-159.785
PHDH,21.5795,-158.197
PHHF,23.8695,-166.285
PHHI,21.4816,-158.037
PHHN,20.7956,-156.014
PHIK,21.3353,-157.9483
PHJH,20.9629,-156.673
PHJR,21.3074,-158.07
PHKO,19.7388,-156.0456
PHLI,21.9744,-159.3371
PHLU,21.211,-156.974
PHMK,21.1529,-157.096
PHMU,20.0013,-155.668
PHNG,21.4505,-157.768
PHNL,21.3184,-157.9257
PHNY,20.7857,-156.9513
PHOG,20.8963,-156.4318
PHPA,21.8969,-159.603
PHSF,19.7601,-155.554
PHTO,19.7214,-155.0454
PHUP,20.2653,-155.86
PKMA,11.3407,162.328
PKMJ,7.0651,171.2717
PKRO,9.3969,167.471
PKWA,8.7201,167.732
PLCH,1.9863,-157.35
PLFA,3.8994,-159.389
PLPA,5.8887,-162.0779
PLWN,4.6984,-160.3944
PMDY,28.2017,-177.381
PPIZ,69.7329,-163.005
PRNO,7.71,122.162
PTKK,7.4619,151.843
PTPN,6.9851,158.2099
PTRO,7.367,134.5441
PTSA,5.357,162.958
PTYA,9.4989,138.083
PWAK,19.2824,166.6366
RCAY,22.7825,120.263
RCBS,24.4279,118.359
RCCM,23.2131,119.4175
RCDC,22.6726,120.4617
RCDI,24.8549,121.2375
RCFG,26.1597,119.9584
RCFN,22.7549,121.1018
RCGI,22.6739,121.466
RCKH,22.5771,120.35
RCKU,23.4626,120.3905
RCKW,22.0411,120.73
RCLC,22.3499,120.3759
RCLM,20.7066,116.721
RCLY,22.027,121.535
RCMQ,24.2647,120.621
RCMT,26.2241,120.0027
RCNN,22.9504,120.206
RCNO,23.2581,119.6676
RCPO,24.818,120.939
RCQC,23.5687,119.628
RCQS,22.7931,121.182
RCSM,23.8835,120.94
RCSP,10.3771,114.3656
RCSQ,22.7002,120.482
RCSS,25.0672,121.5528
RCTP,25.0777,121.233
RCWA,23.3691,119.5036
RCWK,24.2291,120.8155
RCXY,22.9814,120.2844
RCYU,24.0232,121.618
RJAA,35.7686,140.3887
RJAF,36.1668,137.923
RJAH,36.1815,140.4144
RJAK,36.0347,140.193
RJAM,24.2897,153.979
RJAN,34.3694,139.269
RJAT,35.3172,138.8722
RJAW,24.7842,141.3226
RJAZ,34.19,139.134
RJBB,34.4273,135.244
RJBD,33.6622,135.364
RJBE,34.6328,135.224
RJBH,34.3715,132.4177
RJBK,34.5908,133.933
RJBM,35.4904,135.3772
RJBT,35.5128,134.787
RJCA,43.7947,142.3654
RJCB,42.7333,143.217
RJCC,42.7748,141.6904
RJCH,41.77,140.822
RJCJ,42.7945,141.666
RJCK,43.041,144.193
RJCM,43.8806,144.164
RJCN,43.5775,144.96
RJCO,43.1174,141.3813
RJCR,45.455,141.039
RJCS,43.4252,144.7414
RJCT,42.8905,143.158
RJCW,45.4042,141.801
RJCY,42.246,140.2657
RJDA,32.4825,130.159
RJDB,33.749,129.785
RJDC,33.93,131.279
RJDK,33.0136,129.1924
RJDM,33.3254,130.4138
RJDO,33.1908,129.09
RJDT,34.2849,129.331
RJDU,32.928,129.9342
RJEB,44.3039,143.404
RJEC,43.6708,142.447
RJEO,42.0717,139.433
RJER,45.242,141.186
RJFA,33.8831,130.653
RJFC,30.3856,130.659
RJFE,32.6663,128.833
RJFF,33.5859,130.451
RJFG,30.6051,130.991
RJFK,31.8034,130.719
RJFM,31.8772,131.449
RJFN,32.0836,131.451
RJFO,33.4794,131.737
RJFR,33.8459,131.035
RJFS,33.1497,130.302
RJFT,32.8373,130.855
RJFU,32.9169,129.914
RJFY,31.3667,130.8388
RJFZ,33.685,131.04
RJGG,34.8584,136.805
RJKA,28.4306,129.713
RJKB,27.4316,128.7056
RJKI,28.3213,129.928
RJKN,27.8364,128.8814
RJNA,35.2558,136.9241
RJNF,36.1428,136.224
RJNG,35.3941,136.87
RJNH,34.7502,137.703
RJNK,36.3934,136.4069
RJNO,36.1784,133.3236
RJNS,34.795,138.191
RJNT,36.6484,137.1874
RJNW,37.2931,136.962
RJNY,34.8128,138.298
RJOA,34.4361,132.919
RJOB,34.7569,133.855
RJOC,35.4136,132.89
RJOE,34.5333,136.672
RJOF,34.0347,131.5487
RJOH,35.4922,133.236
RJOI,34.1463,132.2472
RJOK,33.5452,133.6702
RJOM,33.8269,132.7001
RJOO,34.7809,135.4408
RJOP,34.0053,134.6265
RJOR,35.5301,134.165
RJOS,34.1326,134.6078
RJOT,34.215,134.0155
RJOW,34.6764,131.79
RJOY,34.5963,135.603
RJOZ,34.0453,131.052
RJSA,40.7338,140.6895
RJSC,38.4119,140.371
RJSD,38.0602,138.414
RJSF,37.2274,140.431
RJSH,40.5512,141.4654
RJSI,39.4286,141.135
RJSK,39.6156,140.219
RJSM,40.7032,141.368
RJSN,37.9542,139.1122
RJSO,41.2328,141.1322
RJSR,40.1919,140.371
RJSS,38.1397,140.917
RJST,38.4049,141.22
RJSU,38.2356,140.923
RJSY,38.8122,139.787
RJTA,35.4546,139.45
RJTC,35.7121,139.4032
RJTE,34.9871,139.829
RJTF,35.6717,139.528
RJTH,33.1148,139.7856
RJTI,35.6359,139.8395
RJTJ,35.8419,139.411
RJTK,35.3983,139.91
RJTL,35.7989,140.011
RJTO,34.782,139.36
RJTQ,34.0736,139.56
RJTR,35.5128,139.3934
RJTS,36.4348,138.9529
RJTT,35.5497,139.787
RJTU,36.5145,139.871
RJTX,35.2897,139.68
RJTY,35.7485,139.348
RKBP,37.296,127.2082
RKCH,35.4293,128.5104
RKDD,37.2394,131.8688
RKDU,37.4792,130.8956
RKJB,34.9914,126.3828
RKJJ,35.1232,126.8054
RKJK,35.9038,126.616
RKJM,34.759,126.3803
RKJO,35.4388,126.4325
RKJU,35.8783,127.1189
RKJY,34.8423,127.617
RKNF,37.7803,128.6396
RKNN,37.7536,128.9439
RKNR,37.072,128.8641
RKNW,37.4371,127.9601
RKNY,38.0605,128.6698
RKPC,33.5121,126.4925
RKPD,33.3996,126.712
RKPE,35.1402,128.6962
RKPK,35.1795,128.938
RKPM,33.2938,126.1628
RKPS,35.0886,128.0717
RKPU,35.5935,129.352
RKRA,37.8301,126.9901
RKRB,37.4749,126.7473
RKRC,37.5349,127.1785
RKRD,37.6077,127.2205
RKRG,37.5012,127.6302
RKRK,37.8128,127.3571
RKRN,37.2007,127.4692
RKRP,37.7635,126.7925
RKRS,37.6005,126.8695
RKSC,37.3569,126.9025
RKSD,37.1717,126.9163
RKSG,36.9624,127.0311
RKSH,37.6706,127.1102
RKSI,37.4691,126.451
RKSJ,38.2296,127.5392
RKSM,37.4447,127.1127
RKSN,37.0365,126.7592
RKSO,37.0915,127.0294
RKSQ,37.6641,125.698
RKSS,37.5583,126.791
RKST,37.9215,127.0555
RKSU,37.4369,127.6329
RKSV,37.7786,126.3817
RKSW,37.2394,127.007
RKSX,37.7223,127.0973
RKSY,37.5284,126.9758
RKTA,36.5938,126.2966
RKTB,37.0257,125.9974
RKTE,36.5682,127.5
RKTH,35.988,129.4204
RKTI,37.0302,127.8864
RKTL,36.777,129.4619
RKTN,35.8944,128.657
RKTP,36.704,126.486
RKTS,36.4075,128.1772
RKTU,36.7156,127.5003
RKTW,36.2193,126.5496
RKTY,36.6304,128.3497
RKUC,36.5719,127.2961
RKUL,36.2671,127.1089
RKUY,36.0253,128.8194
ROAH,26.1924,127.6398
RODE,26.726,127.7652
RODN,26.3517,127.7694
ROIG,24.3964,124.245
ROKJ,26.3634,126.7138
ROKR,26.1683,127.2934
ROMD,25.8465,131.263
ROMY,24.7828,125.295
RORA,26.5928,127.2403
RORE,26.7225,127.7868
RORH,24.0598,123.8056
RORK,25.9447,131.327
RORS,24.8267,125.145
RORT,24.6538,124.6755
RORY,27.0438,128.4016
ROTM,26.2743,127.756
ROYN,24.4673,122.9798
RPEN,11.2024,119.4161
RPLA,12.9858,121.426
RPLB,14.7948,120.2719
RPLC,15.186,120.56
RPLE,14.4186,122.0392
RPLH,18.1824,121.7462
RPLI,18.1751,120.531
RPLJ,14.7042,122.3311
RPLK,13.1119,123.6768
RPLL,14.5086,121.02
RPLN,17.0657,122.4277
RPLO,10.8581,121.069
RPLQ,15.3177,120.4229
RPLR,15.885,120.6046
RPLS,14.4954,120.904
RPLT,20.7225,121.81
RPLU,13.8554,120.105
RPLV,15.4347,121.091
RPLX,14.3913,120.607
RPLY,14.2329,121.9291
RPLZ,13.007,124.0259
RPMA,6.3679,124.7524
RPMB,6.1055,125.2349
RPMC,7.1648,124.2099
RPMD,7.1255,125.646
RPME,8.9515,125.4788
RPMF,8.1951,126.321
RPMG,8.602,123.3419
RPMH,9.2539,124.7091
RPMI,8.1305,124.215
RPMJ,6.0537,121.011
RPML,8.4152,124.6112
RPMM,7.6169,124.058
RPMN,5.0482,119.7433
RPMO,8.1785,123.842
RPMP,7.8256,123.4596
RPMQ,6.9491,126.2737
RPMR,6.0572,125.0962
RPMS,9.7558,125.4809
RPMU,7.014,118.496
RPMV,7.7849,122.6015
RPMW,9.072,126.1713
RPMX,8.1021,122.6704
RPMY,8.6122,124.4565
RPMZ,6.9224,122.06
RPNS,9.8591,126.014
RPSB,11.1617,123.7849
RPSD,11.0506,119.5193
RPSM,10.1857,124.7832
RPSN,10.059,124.4256
RPSP,9.573,123.7701
RPSV,10.5243,119.2729
RPUA,11.3595,120.7267
RPUB,16.375,120.6199
RPUD,14.1292,122.98
RPUE,12.0752,121.3885
RPUF,14.9872,120.4926
RPUG,16.035,120.2422
RPUH,12.3615,121.047
RPUI,15.3259,119.9685
RPUJ,14.9463,120.1902
RPUK,13.4226,121.2017
RPUL,13.955,121.125
RPUM,13.208,120.6055
RPUN,13.5849,123.27
RPUO,20.4513,121.98
RPUP,14.2933,122.6457
RPUQ,17.5553,120.356
RPUR,15.7293,121.5
RPUS,16.5956,120.303
RPUT,17.6434,121.7332
RPUU,12.6842,123.878
RPUV,13.5764,124.206
RPUW,13.361,121.826
RPUX,14.8909,120.8529
RPUY,16.9299,121.753
RPUZ,16.6192,121.252
RPVA,11.2278,125.0278
RPVB,10.7762,123.0189
RPVC,12.0726,124.5451
RPVD,9.3342,123.3019
RPVE,11.9245,121.954
RPVF,12.5016,124.6353
RPVG,11.0355,125.742
RPVH,10.3757,124.7611
RPVI,10.833,122.4934
RPVJ,12.3697,123.6301
RPVK,11.6794,122.376
RPVL,12.5343,121.4828
RPVM,10.3093,123.9797
RPVO,11.0577,124.5656
RPVP,9.742,118.7591
RPVQ,11.5159,124.429
RPVR,11.5977,122.752
RPVS,10.7666,121.9325
RPVU,12.311,122.085
RPVV,12.1219,120.1008
RPVW,11.6743,125.4793
RPVY,11.8106,124.8288
RPVZ,9.2086,123.467
SAAA,-34.2214,-59.4422
SAAC,-31.2969,-57.9966
SAAG,-33.0056,-58.6128
SAAI,-35.3533,-57.29
SAAN,-33.919,-60.648
SAAP,-31.7948,-60.4804
SAAR,-32.9036,-60.785
SAAU,-31.855,-59.0756
SAAV,-31.7117,-60.8117
SABE,-34.5594,-58.4155
SACA,-31.4419,-64.2582
SACC,-31.0058,-64.5319
SACD,-31.4875,-64.1414
SACE,-31.4442,-64.2834
SACI,-31.682,-63.8638
SACL,-31.0,-63.0
SACM,-30.7006,-64.0431
SACN,-30.9679,-64.2777
SACO,-31.3123,-64.2083
SACQ,-25.7836,-62.8288
SACS,-30.8754,-64.9929
SACV,-32.3894,-63.2586
SADF,-34.4532,-58.5896
SADJ,-34.5606,-58.7896
SADL,-34.9722,-57.8947
SADM,-34.6763,-58.6428
SADO,-34.5344,-58.6717
SADP,-34.6099,-58.6126
SADQ,-34.7064,-58.2444
SADZ,-34.7284,-58.5009
SAEA,-37.4008,-64.6128
SAEL,-36.0672,-59.1042
SAET,-35.9715,-62.7724
SAEZ,-34.8222,-58.5358
SAFR,-31.2825,-61.5017
SAFS,-30.9575,-61.5283
SAHC,-37.4447,-70.2225
SAHE,-37.8514,-71.0092
SAHR,-39.0007,-67.6205
SAHS,-37.3906,-68.9042
SAHZ,-38.9755,-70.1136
SAMA,-35.0589,-67.6928
SAMC,-32.8073,-70.0682
SAME,-32.8317,-68.7929
SAMH,-35.1462,-70.2054
SAMJ,-30.2482,-68.7648
SAML,-32.8546,-69.7605
SAMM,-35.4936,-69.5743
SAMQ,-32.8653,-68.8719
SAMR,-34.5883,-68.4039
SAMS,-33.7757,-69.0537
SAMU,-32.5389,-69.3458
SANC,-28.5931,-65.7512
SANE,-27.7656,-64.31
SANH,-27.4737,-64.9055
SANL,-29.3816,-66.7958
SANO,-29.2239,-67.4389
SANR,-27.4966,-64.936
SANT,-26.8374,-65.1042
SANU,-31.5715,-68.4182
SANW,-29.8723,-61.9279
SAOC,-33.0851,-64.2613
SAOD,-31.9452,-65.1463
SAOE,-32.1733,-64.0883
SAOL,-22.1653,-65.5699
SAOM,-32.6836,-62.1578
SAOR,-33.7299,-65.3874
SAOS,-32.3847,-65.1865
SAOU,-33.2732,-66.3564
SAOV,-32.3201,-63.2266
SARC,-27.4455,-58.7619
SARE,-27.4499,-59.0561
SARF,-26.2127,-58.2281
SARG,-27.7553,-57.633
SARI,-25.7373,-54.4734
SARL,-29.6894,-57.1521
SARM,-30.2719,-57.6402
SARP,-27.3858,-55.9707
SARS,-26.7536,-60.4922
SARV,-27.5915,-60.6864
SASA,-24.856,-65.4862
SASJ,-24.3928,-65.0978
SASL,-23.7854,-66.7519
SASO,-23.1528,-64.3292
SASQ,-34.1354,-63.3623
SASR,-24.1859,-62.8624
SAST,-22.6169,-63.793
SATC,-25.3036,-57.7344
SATD,-26.3975,-54.5747
SATG,-29.1058,-59.2189
SATI,-26.2815,-53.6726
SATK,-24.7214,-60.5488
SATM,-29.2214,-58.0878
SATO,-27.5182,-55.1242
SATR,-29.2103,-59.6833
SATU,-29.7706,-57.9789
SAVA,-40.1922,-70.01
SAVB,-41.9432,-71.5323
SAVC,-45.7869,-67.4634
SAVD,-42.0292,-71.1725
SAVE,-42.908,-71.1395
SAVH,-46.5385,-68.9653
SAVJ,-41.3209,-69.5749
SAVM,-45.5752,-69.077
SAVN,-40.7512,-65.0343
SAVP,-43.8667,-69.05
SAVQ,-41.2431,-68.7078
SAVR,-45.0136,-70.8122
SAVS,-41.5917,-65.3394
SAVT,-43.2105,-65.2703
SAVV,-40.8692,-63.0004
SAVY,-42.7592,-65.1027
SAWB,-64.2383,-56.6308
SAWC,-50.2803,-72.0534
SAWD,-47.7353,-65.9041
SAWE,-53.7777,-67.7494
SAWG,-51.6088,-69.3089
SAWH,-54.8433,-68.2958
SAWJ,-49.3068,-67.8026
SAWL,-54.4996,-67.1721
SAWM,-45.7039,-70.2456
SAWP,-46.5379,-70.9787
SAWR,-48.7831,-70.15
SAWS,-44.0486,-70.4589
SAWT,-51.605,-72.2203
SAWU,-50.0165,-68.5792
SAWZ,-64.977,-60.109
SAYB,-77.8741,-34.6262
SAYE,-63.4,-56.9833
SAYJ,-62.2383,-58.6666
SAYO,-60.7385,-44.7357
SAYS,-68.1167,-67.1
SAZA,-36.8369,-59.8803
SAZB,-38.725,-62.1693
SAZC,-37.4461,-61.8893
SAZD,-36.3225,-57.7214
SAZE,-37.6071,-62.3826
SAZF,-36.89,-60.2166
SAZG,-35.6962,-63.7583
SAZH,-38.3869,-60.3297
SAZI,-36.1866,-61.0764
SAZJ,-37.7061,-59.7919
SAZK,-41.1707,-71.4418
SAZL,-36.5423,-56.7218
SAZM,-37.9342,-57.5733
SAZN,-38.949,-68.1557
SAZO,-38.4907,-58.8163
SAZP,-35.8446,-61.8576
SAZQ,-38.995,-64.1408
SAZR,-36.5883,-64.2757
SAZS,-41.1512,-71.1575
SAZT,-37.2346,-59.2286
SAZU,-38.1451,-65.9229
SAZV,-37.2354,-57.0292
SAZW,-38.9397,-69.2646
SAZX,-35.3997,-60.9358
SAZY,-40.0754,-71.1373
SBAA,-8.3483,-49.3015
SBAC,-4.5689,-37.8051
SBAE,-22.1608,-49.0703
SBAF,-22.8751,-43.3847
SBAM,2.0775,-50.8582
SBAN,-16.2292,-48.9643
SBAQ,-21.812,-48.133
SBAR,-10.9839,-37.0729
SBAT,-9.8664,-56.1063
SBAU,-21.1415,-50.4246
SBAX,-19.5632,-46.9604
SBBE,-1.3793,-48.4762
SBBG,-31.3905,-54.1122
SBBH,-19.8507,-43.9503
SBBI,-25.4051,-49.232
SBBP,-22.9788,-46.5371
SBBQ,-21.2672,-43.761
SBBR,-15.8692,-47.9208
SBBT,-20.5846,-48.5941
SBBU,-22.345,-49.0538
SBBV,2.8462,-60.6906
SBBW,-15.8614,-52.389
SBBZ,-22.7709,-41.9631
SBCA,-25.0003,-53.5012
SBCB,-22.9215,-42.0719
SBCC,-9.3339,-54.9654
SBCD,-26.7874,-50.9399
SBCF,-19.6357,-43.9669
SBCG,-20.47,-54.674
SBCH,-27.1342,-52.6566
SBCI,-7.3204,-47.4587
SBCJ,-6.1178,-50.0034
SBCM,-28.7257,-49.4245
SBCN,-17.7251,-48.6063
SBCO,-29.9459,-51.1444
SBCP,-21.6983,-41.3017
SBCR,-19.0119,-57.6728
SBCT,-25.5285,-49.1758
SBCV,-17.6523,-39.2531
SBCX,-29.1972,-51.1876
SBCY,-15.6529,-56.1167
SBCZ,-7.5999,-72.7695
SBDB,-21.2473,-56.4524
SBDN,-22.1751,-51.4246
SBDO,-22.2019,-54.9266
SBEA,-22.8679,-43.3709
SBEG,-3.0386,-60.0497
SBEI,-22.1715,-40.122
SBEK,-6.2332,-57.7769
SBEN,-22.7092,-40.6933
SBES,-22.8129,-42.0926
SBFI,-25.5942,-54.4894
SBFL,-27.6703,-48.5525
SBFN,-3.8545,-32.423
SBFS,-22.0306,-41.0686
SBFZ,-3.7758,-38.5322
SBGL,-22.81,-43.2506
SBGM,-10.7864,-65.2849
SBGO,-16.632,-49.2207
SBGP,-21.7737,-48.4051
SBGR,-23.4313,-46.47
SBGU,-25.3883,-51.5235
SBGV,-18.8959,-41.9829
SBGW,-22.7916,-45.2048
SBHT,-3.2531,-52.2539
SBIC,-3.1265,-58.4817
SBIH,-4.2421,-56.0007
SBIL,-14.8159,-39.0335
SBIP,-19.4707,-42.4876
SBIT,-18.4447,-49.2134
SBIZ,-5.5313,-47.46
SBJA,-28.6753,-49.0596
SBJD,-23.1809,-46.9439
SBJE,-2.9064,-40.3573
SBJF,-21.7915,-43.3861
SBJH,-23.4269,-47.1657
SBJI,-10.8707,-61.8467
SBJP,-7.1487,-34.9506
SBJR,-22.9868,-43.3722
SBJU,-7.2193,-39.2691
SBJV,-26.2245,-48.7974
SBKG,-7.2697,-35.8961
SBKP,-23.0074,-47.1345
SBLB,-22.1094,-39.9169
SBLE,-12.4823,-41.277
SBLJ,-27.7821,-50.2815
SBLN,-21.6635,-49.73
SBLO,-23.3344,-51.1284
SBLP,-13.2621,-43.4081
SBLS,-19.6618,-43.8974
SBMA,-5.3686,-49.138
SBMC,-13.5491,-48.1953
SBMD,-0.8898,-52.6022
SBME,-22.343,-41.766
SBMG,-23.4761,-52.0162
SBMK,-16.7069,-43.8189
SBML,-22.1969,-49.9265
SBMM,-22.3572,-40.0906
SBMN,-3.146,-59.9863
SBMO,-9.5126,-35.7918
SBMP,-22.7958,-40.7639
SBMQ,0.0507,-51.0722
SBMS,-5.2019,-37.3643
SBMT,-23.5091,-46.6378
SBMY,-5.8114,-61.2783
SBNA,-22.3733,-40.4131
SBNF,-26.8794,-48.651
SBNM,-28.2825,-54.1696
SBNT,-5.9114,-35.2477
SBOA,-6.9745,-35.2522
SBOD,-7.4558,-49.1956
SBOE,-12.5874,-52.0952
SBOF,-19.3184,-52.5346
SBOG,-14.7848,-40.817
SBOH,-16.0009,-53.5436
SBOI,3.8541,-51.7971
SBOK,-13.2902,-55.9755
SBOL,-18.9203,-52.0014
SBON,-7.6159,-47.4521
SBOO,-20.8387,-56.5889
SBOP,-23.5441,-46.4777
SBOQ,-18.622,-52.8331
SBOR,-13.732,-50.3576
SBOS,-13.1528,-58.1175
SBOU,-10.2703,-55.7861
SBOV,-14.1582,-54.9262
SBOW,-4.1863,-56.0599
SBOX,-18.2611,-55.3737
SBOY,-17.417,-56.1812
SBOZ,-16.18,-57.2785
SBPA,-29.994,-51.1675
SBPB,-2.8937,-41.732
SBPC,-21.8425,-46.5698
SBPF,-28.244,-52.3278
SBPG,-25.1845,-50.1438
SBPJ,-10.2915,-48.357
SBPK,-31.7172,-52.3278
SBPL,-9.3624,-40.5691
SBPN,-10.7194,-48.3997
SBPO,-26.2172,-52.6945
SBPP,-22.5496,-55.7026
SBPR,-19.9096,-43.9892
SBPS,-16.4384,-39.0806
SBPV,-8.7085,-63.9023
SBQA,-16.5361,-49.8382
SBQB,-13.2619,-45.0769
SBQC,-13.3665,-55.8551
SBQE,-7.8043,-45.0576
SBQF,-29.4617,-53.4636
SBQG,-13.5131,-56.5983
SBQH,-10.699,-51.6147
SBQJ,-23.8464,-50.2084
SBQK,-6.5391,-51.4423
SBQL,-23.9848,-46.2943
SBQM,-22.7653,-53.9083
SBQN,-15.5754,-57.3782
SBQO,-17.0275,-39.1761
SBQP,-7.7524,-44.3159
SBQQ,-23.0186,-44.3194
SBQR,-16.8088,-44.9732
SBQS,-15.4058,-54.9641
SBQT,-15.802,-53.5564
SBQU,-7.2041,-48.2199
SBQW,-22.3556,-47.3737
SBQX,-13.5783,-57.9369
SBQY,-23.5304,-46.9371
SBQZ,-22.2403,-48.3192
SBRB,-9.869,-67.894
SBRC,-21.905,-39.7372
SBRD,-16.5843,-54.7248
SBRF,-8.1275,-34.923
SBRJ,-22.9104,-43.1628
SBRP,-21.1343,-47.7741
SBRR,-2.7566,-42.8032
SBSC,-22.9324,-43.7191
SBSG,-5.7698,-35.3666
SBSI,-11.885,-55.5861
SBSJ,-23.2292,-45.8615
SBSL,-2.5864,-44.235
SBSM,-29.7114,-53.6882
SBSN,-2.4224,-54.7931
SBSO,-12.4792,-55.6723
SBSP,-23.6277,-46.6546
SBSR,-20.8171,-49.407
SBST,-23.9282,-46.3002
SBSV,-12.9086,-38.3225
SBTA,-23.0401,-45.5162
SBTB,-1.4896,-56.3968
SBTC,-15.3544,-38.9987
SBTD,-24.6863,-53.6975
SBTE,-5.0602,-42.8237
SBTF,-3.3829,-64.7241
SBTG,-20.7526,-51.682
SBTK,-8.1555,-70.783
SBTL,-24.3178,-50.6516
SBTR,-29.4149,-49.81
SBTS,2.2245,-55.9447
SBTT,-4.2557,-69.9358
SBTU,-3.786,-49.7203
SBTV,-16.5414,-39.1081
SBUA,-0.1484,-66.9855
SBUF,-9.4009,-38.2506
SBUG,-29.7822,-57.0382
SBUL,-18.8836,-48.2259
SBUR,-19.765,-47.9648
SBUY,-4.8843,-65.3554
SBVG,-21.5914,-45.4741
SBVH,-12.6944,-60.0983
SBVT,-20.258,-40.285
SBYA,0.6104,-69.18
SBYS,-21.9847,-47.3412
SBZM,-21.5131,-43.1731
SCAB,-33.6588,-71.2901
SCAC,-41.9043,-73.7966
SCAD,-30.6286,-71.2731
SCAE,-18.5089,-70.2907
SCAG,-34.5515,-71.3359
SCAH,-42.4507,-73.5253
SCAI,-38.4315,-71.923
SCAJ,-36.1453,-71.7631
SCAK,-36.9194,-71.5778
SCAL,-47.1151,-72.4787
SCAM,-34.865,-71.1019
SCAN,-32.8139,-70.6466
SCAO,-34.7325,-71.7408
SCAP,-43.6115,-71.8055
SCAQ,-40.1982,-72.0312
SCAR,-18.3485,-70.3387
SCAS,-45.3992,-72.6703
SCAT,-27.2612,-70.7792
SCAU,-33.8938,-70.8855
SCAY,-42.3078,-72.7876
SCAZ,-54.481,-68.9407
SCBA,-45.916,-71.6895
SCBB,-37.5872,-72.5036
SCBC,-44.2311,-71.8642
SCBD,-34.6844,-71.2061
SCBE,-22.1411,-70.0629
SCBI,-54.05,-68.8092
SCBL,-33.2731,-71.5253
SCBN,-40.4006,-72.6614
SCBO,-63.344,-57.842
SCBQ,-33.5618,-70.6884
SCBR,-47.3919,-72.3175
SCBS,-52.2926,-68.933
SCBT,-42.0289,-72.0961
SCBU,-35.3414,-70.9108
SCBV,-35.1897,-71.2967
SCCA,-35.9714,-72.225
SCCB,-31.2219,-71.0703
SCCC,-46.5831,-71.6863
SCCE,-35.8964,-72.0558
SCCF,-22.4982,-68.9036
SCCG,-31.0639,-70.9544
SCCH,-36.5825,-72.0314
SCCI,-53.0026,-70.8546
SCCK,-41.8003,-72.7222
SCCL,-27.0781,-70.7953
SCCM,-39.825,-72.0825
SCCN,-35.8803,-72.3272
SCCQ,-30.1989,-71.2469
SCCR,-47.7871,-73.533
SCCS,-33.2775,-71.4564
SCCT,-35.3086,-72.3928
SCCU,-38.1581,-71.4239
SCCV,-33.4128,-71.1656
SCCY,-45.5942,-72.1061
SCDA,-20.5363,-70.1814
SCDD,-41.2355,-72.5147
SCDG,-34.1939,-71.5681
SCDH,-42.4889,-72.3506
SCDI,-32.1431,-71.5053
SCDK,-37.0255,-72.9827
SCDL,-32.4719,-70.9931
SCDM,-34.8781,-72.1456
SCDQ,-37.5233,-71.7261
SCDS,-36.0056,-71.7667
SCDW,-53.6107,-70.4705
SCEA,-43.0061,-72.4783
SCEB,-47.167,-71.9925
SCEC,-29.1449,-70.8878
SCED,-35.155,-71.5853
SCEG,-33.71,-70.9131
SCEH,-37.6472,-71.7539
SCEI,-26.3801,-69.4755
SCEK,-34.7397,-71.3247
SCEL,-33.393,-70.7858
SCEO,-36.1303,-71.8575
SCEP,-33.725,-70.5103
SCER,-32.7902,-71.5217
SCES,-26.3111,-69.7652
SCET,-34.4756,-71.0142
SCEV,-41.0517,-73.3511
SCEX,-46.3536,-73.3278
SCEY,-48.2015,-72.3276
SCFA,-23.4453,-70.4452
SCFC,-46.5483,-72.2187
SCFF,-28.5264,-71.0619
SCFI,-41.092,-73.127
SCFJ,-30.68,-71.5786
SCFK,-36.6418,-72.0119
SCFL,-33.28,-71.3792
SCFM,-53.2537,-70.3192
SCFN,-53.799,-69.12
SCFO,-35.4581,-71.2811
SCFR,-41.1308,-73.0647
SCFS,-42.6789,-73.8967
SCFT,-43.1892,-71.8511
SCFU,-40.0664,-72.5378
SCFX,-26.2939,-80.0962
SCGA,-40.0019,-73.6964
SCGB,-37.9778,-72.9294
SCGC,-79.7778,-83.3208
SCGE,-37.4017,-72.4254
SCGF,-40.1408,-72.2836
SCGH,-37.4697,-72.1386
SCGI,-36.0011,-71.8294
SCGL,-34.1692,-71.5311
SCGM,-34.3611,-70.8819
SCGN,-42.5636,-72.5997
SCGO,-37.7947,-72.6872
SCGS,-37.1772,-72.0797
SCGU,-24.1231,-69.8459
SCGV,-29.0844,-71.4672
SCGY,-39.0531,-71.9936
SCGZ,-54.9311,-67.6263
SCHA,-27.2969,-70.4131
SCHC,-33.2678,-70.6472
SCHD,-42.5244,-72.8169
SCHE,-37.1997,-71.8967
SCHG,-34.3986,-71.3711
SCHH,-46.7929,-72.7961
SCHK,-40.1586,-73.6544
SCHL,-33.3353,-70.9111
SCHM,-38.41,-73.9008
SCHN,-39.8658,-72.1314
SCHO,-31.8828,-71.4764
SCHP,-36.0775,-71.7797
SCHR,-47.2436,-72.5881
SCHT,-43.6131,-72.8975
SCHU,-28.0989,-71.1467
SCHW,-42.0286,-72.6894
SCIA,-42.5997,-73.2122
SCIB,-42.3083,-73.1422
SCIC,-34.9667,-71.2164
SCID,-52.8815,-70.7534
SCIE,-36.7724,-73.0628
SCIF,-40.2058,-72.2314
SCIH,-45.1491,-73.5131
SCII,-46.294,-71.9496
SCIK,-42.7444,-72.9669
SCIL,-31.5778,-71.1108
SCIM,-38.385,-73.8689
SCIN,-37.848,-72.4628
SCIO,-48.9336,-72.7996
SCIP,-27.1654,-109.421
SCIR,-33.665,-78.9297
SCIS,-37.0261,-73.5069
SCIT,-52.955,-70.0328
SCJC,-36.5805,-72.7724
SCJK,-40.8897,-72.3718
SCJO,-40.6112,-73.061
SCJS,-36.2341,-72.0595
SCJV,-35.5481,-71.7761
SCKA,-36.4908,-71.8907
SCKB,-39.0609,-71.6874
SCKC,-38.9073,-72.2154
SCKD,-40.4674,-72.6848
SCKE,-35.8548,-72.6464
SCKI,-34.9068,-71.2025
SCKK,-35.385,-71.1067
SCKL,-33.3367,-70.8511
SCKM,-41.4828,-72.3075
SCKN,-34.9892,-72.0189
SCKO,-37.9939,-72.25
SCKP,-20.7505,-68.6835
SCKQ,-39.3269,-72.0272
SCKT,-36.4994,-72.6799
SCLA,-38.5428,-72.4547
SCLB,-37.6581,-73.6294
SCLC,-33.3808,-70.5822
SCLD,-41.8719,-71.9372
SCLE,-24.2947,-69.1317
SCLF,-40.2442,-72.2369
SCLG,-35.3428,-71.7769
SCLI,-34.7833,-72.0508
SCLJ,-43.9781,-72.4134
SCLK,-39.0575,-72.0742
SCLL,-28.5964,-70.756
SCLM,-35.5,-71.8808
SCLN,-35.8617,-71.5486
SCLO,-46.7656,-72.8183
SCLP,-35.2156,-71.1086
SCLQ,-32.4525,-71.2589
SCLR,-42.7809,-72.6452
SCLS,-38.5489,-72.1458
SCLT,-34.1122,-71.9381
SCLU,-34.3525,-71.6639
SCLV,-32.1381,-71.3981
SCLY,-37.2164,-73.2331
SCMA,-43.7876,-72.951
SCME,-33.6761,-71.1433
SCMF,-39.2558,-72.3433
SCMG,-35.5706,-72.0039
SCMH,-34.2872,-71.5583
SCMI,-30.7375,-70.8597
SCMK,-43.895,-73.7389
SCML,-38.8561,-71.8125
SCMO,-35.1903,-71.4186
SCMP,-33.6739,-71.1936
SCMR,-34.1692,-71.5311
SCMS,-36.0103,-71.5944
SCMU,-34.2811,-71.9469
SCMV,-35.1058,-71.3278
SCMY,-22.7036,-70.2825
SCMZ,-34.1517,-71.4458
SCNA,-35.9764,-71.5972
SCND,-47.4707,-72.9301
SCNH,-38.6833,-72.2439
SCNI,-36.4372,-72.1592
SCNK,-31.8731,-70.6183
SCNL,-46.13,-72.1459
SCNM,-37.7761,-73.3836
SCNO,-40.8929,-72.88
SCNP,-31.7075,-71.2472
SCNT,-51.6707,-72.5291
SCNY,-54.831,-68.8349
SCOA,-30.7894,-71.6183
SCOB,-30.6433,-71.4019
SCOC,-40.9911,-72.6611
SCOE,-34.9622,-71.0164
SCOH,-48.4692,-72.5643
SCOI,-34.9128,-71.6608
SCOL,-40.6894,-72.3456
SCOM,-32.9971,-71.1717
SCON,-43.1367,-73.635
SCOO,-44.0975,-73.0969
SCOP,-40.5537,-73.1301
SCOT,-30.6765,-71.401
SCOV,-30.5592,-71.1756
SCOY,-30.4306,-71.5322
SCPA,-24.6394,-70.3489
SCPB,-41.6622,-72.3022
SCPC,-39.2928,-71.9159
SCPE,-22.9217,-68.1584
SCPF,-41.4557,-72.9187
SCPG,-39.6533,-72.3603
SCPH,-44.3829,-72.5936
SCPI,-36.5867,-71.8078
SCPK,-44.7593,-72.6978
SCPL,-40.1289,-72.6617
SCPM,-34.3957,-72.0196
SCPN,-42.547,-72.4949
SCPO,-34.3281,-70.9642
SCPP,-37.8489,-72.0083
SCPQ,-42.3404,-73.7157
SCPR,-40.941,-73.1689
SCPS,-27.3517,-70.5894
SCPT,-34.6131,-71.3758
SCPU,-41.0571,-72.0135
SCPV,-41.3494,-72.9467
SCPW,-34.4088,-71.1681
SCPX,-52.555,-68.7499
SCPY,-51.2602,-72.3354
SCPZ,-80.3183,-81.3081
SCQC,-38.3331,-72.5869
SCQE,-42.4672,-73.3358
SCQI,-38.7333,-71.2181
SCQK,-38.3627,-73.4898
SCQL,-32.8511,-71.2464
SCQM,-40.6383,-73.1278
SCQO,-45.5806,-73.2256
SCQP,-38.9259,-72.6515
SCQR,-36.1226,-72.8049
SCQT,-30.0964,-71.3641
SCQW,-42.1528,-73.5169
SCQX,-42.8931,-73.4764
SCQY,-38.4499,-71.3548
SCRA,-26.3325,-70.6073
SCRB,-47.9905,-73.1423
SCRC,-44.6264,-71.6389
SCRD,-33.0681,-71.5575
SCRE,-44.5,-71.3217
SCRF,-46.6395,-73.8617
SCRG,-34.1737,-70.7757
SCRH,-42.5856,-72.4944
SCRI,-41.7425,-71.9099
SCRL,-34.2011,-71.4817
SCRM,-62.191,-58.9867
SCRN,-41.9622,-72.4539
SCRO,-34.9589,-71.1828
SCRP,-34.1058,-71.5128
SCRQ,-40.5219,-72.7728
SCRR,-40.3653,-72.7767
SCRS,-33.4889,-71.4056
SCRT,-35.9606,-71.7933
SCRU,-46.4557,-72.6767
SCRV,-38.6114,-72.1289
SCRW,-34.5486,-72.0453
SCRZ,-34.4433,-71.7061
SCSA,-33.0286,-70.88
SCSB,-52.7367,-69.3336
SCSD,-34.5658,-70.9683
SCSE,-29.9162,-71.1995
SCSF,-32.7458,-70.705
SCSG,-33.3533,-71.6261
SCSH,-39.0628,-73.17
SCSI,-23.6489,-68.305
SCSJ,-35.6297,-71.6997
SCSK,-35.6631,-71.3036
SCSM,-23.5853,-68.3828
SCSN,-33.6564,-71.6144
SCSO,-34.1208,-71.5272
SCSP,-32.2236,-70.8
SCSQ,-40.3411,-73.3172
SCSR,-42.0833,-71.8639
SCSS,-53.3162,-68.6573
SCST,-42.4903,-73.7728
SCSU,-38.9192,-72.3667
SCSV,-34.4489,-71.3858
SCSZ,-46.5924,-72.5859
SCTA,-37.7439,-71.71
SCTB,-33.4563,-70.5467
SCTC,-38.7668,-72.6371
SCTE,-41.4431,-73.0941
SCTG,-30.2664,-71.4836
SCTH,-52.5253,-70.7239
SCTL,-35.3778,-71.6017
SCTM,-34.9689,-70.9333
SCTN,-42.7819,-72.835
SCTO,-38.2456,-72.3486
SCTP,-48.229,-73.2991
SCTQ,-29.26,-70.087
SCTR,-38.2714,-72.6625
SCTS,-33.5756,-71.2608
SCTT,-25.5643,-70.3759
SCTU,-34.1106,-71.7158
SCTW,-33.3203,-71.3361
SCUI,-42.7011,-72.8343
SCUL,-36.7968,-72.4173
SCUM,-35.3006,-71.3303
SCUN,-34.8131,-71.0461
SCUP,-35.2822,-71.2364
SCUR,-36.8119,-72.1672
SCUT,-36.2125,-71.5444
SCUU,-31.6534,-71.2433
SCUZ,-34.6492,-71.3861
SCVA,-33.3569,-71.3542
SCVB,-36.4003,-71.5633
SCVC,-29.8344,-70.0461
SCVD,-39.65,-73.0861
SCVE,-44.2708,-71.9167
SCVF,-34.0072,-71.3919
SCVG,-39.8294,-72.4883
SCVH,-33.0508,-70.7089
SCVI,-39.3167,-72.2287
SCVJ,-34.3958,-71.5453
SCVK,-34.8478,-72.0222
SCVL,-39.7969,-73.2417
SCVM,-32.9496,-71.4786
SCVN,-30.0326,-70.7421
SCVO,-38.2319,-72.4833
SCVQ,-34.8372,-72.065
SCVS,-47.6795,-73.071
SCVT,-33.7661,-70.9239
SCVU,-38.6958,-72.3406
SCVV,-40.3174,-72.9804
SCVY,-38.6914,-72.2856
SCVZ,-34.6987,-71.5633
SCXA,-35.2394,-71.0708
SCXB,-31.7867,-71.0111
SCXR,-40.32,-72.225
SCYB,-37.1172,-72.4111
SCYC,-40.6278,-72.7622
SCYL,-40.6414,-72.4111
SCYO,-42.2267,-72.6936
SCYR,-36.0317,-71.7411
SCYU,-40.9406,-73.0117
SCZB,-40.2053,-72.5681
SCZC,-32.5953,-71.3472
SCZE,-33.745,-70.5494
SCZR,-35.0962,-71.7327
SDAA,-22.3382,-47.3579
SDAC,-23.4749,-46.5222
SDAD,-21.6963,-51.0975
SDAE,-22.5831,-47.8961
SDAF,-22.1567,-47.7193
SDAG,-22.9753,-44.3071
SDAH,-23.4935,-46.8483
SDAI,-22.7559,-47.2694
SDAJ,-22.5913,-54.0633
SDAK,-22.2965,-46.8556
SDAM,-22.8599,-47.1076
SDAN,-22.2453,-48.2599
SDAO,-14.0256,-56.5432
SDAP,-23.5653,-46.6422
SDAS,-21.2762,-51.2831
SDAT,-23.5632,-46.5618
SDAU,-19.4685,-52.6214
SDAW,-23.5919,-46.6854
SDAX,-23.5395,-46.6493
SDBA,-20.8772,-47.5858
SDBB,-20.9003,-48.4735
SDBC,-23.4875,-46.8578
SDBE,-2.208,-48.8146
SDBF,-23.5303,-46.6454
SDBG,-23.0066,-43.3473
SDBH,-23.5952,-46.7107
SDBI,-23.8852,-55.0559
SDBK,-22.9378,-48.4682
SDBL,-23.5622,-46.6541
SDBM,-23.5678,-46.6415
SDBN,-23.6876,-47.5576
SDBO,-19.4663,-44.3729
SDBP,-15.7369,-51.1161
SDBQ,-3.7417,-38.4801
SDBV,-24.869,-47.7625
SDBW,-23.5436,-46.6446
SDBY,-22.0692,-48.7064
SDCA,-24.0343,-48.3562
SDCD,-21.1492,-48.9887
SDCG,-3.4691,-68.9211
SDCJ,-17.6892,-53.5842
SDCL,-23.1542,-49.2089
SDCM,-12.8639,-46.1633
SDCN,-22.9132,-43.2835
SDCO,-23.478,-47.49
SDCP,-22.7369,-46.747
SDCQ,-23.5932,-46.8531
SDCR,-24.0685,-46.8272
SDCS,-16.0926,-39.4131
SDCT,-22.2326,-46.9693
SDCU,-22.5572,-42.1145
SDCV,-23.565,-46.6535
SDCW,-20.3214,-48.8335
SDCY,-23.5917,-46.6878
SDCZ,-22.935,-44.0917
SDDB,-22.6176,-50.0902
SDDD,-17.8615,-55.7846
SDDE,-8.0128,-61.7772
SDDG,-23.5387,-46.6625
SDDH,-23.5889,-46.6811
SDDI,-21.5924,-50.833
SDDJ,-20.8494,-50.0834
SDDK,-22.4812,-49.9859
SDDN,-20.925,-51.3823
SDDO,-22.9042,-43.1753
SDDQ,-11.6944,-45.5113
SDDR,-21.4605,-51.6069
SDDT,-22.3889,-41.7707
SDDV,-21.1289,-48.8452
SDDX,-19.8844,-50.5046
SDDY,-23.8236,-46.3679
SDDZ,-22.6967,-51.3326
SDEA,-23.5835,-46.6842
SDED,-22.4405,-47.7004
SDEH,-22.3793,-47.3262
SDEI,-23.5038,-46.8448
SDEJ,-23.6661,-48.0729
SDEK,-23.7362,-45.7471
SDEL,-23.5911,-46.6857
SDEM,-22.1041,-51.4549
SDEN,-27.1665,-48.6218
SDEO,-21.8786,-48.6594
SDEP,-21.7747,-52.1433
SDEQ,-23.5331,-46.6041
SDER,-20.7645,-50.857
SDES,-20.762,-47.8622
SDET,-23.105,-47.7238
SDEU,-23.3848,-46.8322
SDEW,-23.5419,-46.2293
SDEX,-12.5805,-45.8243
SDEY,-23.6893,-46.6058
SDEZ,-23.5723,-46.6986
SDFC,-20.4894,-49.1886
SDFD,-20.2769,-50.2149
SDFH,-21.4443,-47.3709
SDFJ,-22.9516,-47.76
SDFK,-22.0678,-52.1511
SDFL,-23.5806,-48.2822
SDFN,-23.4748,-49.5463
SDFO,-23.4663,-46.8606
SDFP,-23.5375,-46.6458
SDFQ,-22.9443,-43.1826
SDFR,-3.7412,-38.4735
SDFS,-22.0923,-48.3475
SDFT,-22.4151,-46.809
SDFU,-21.8713,-52.1642
SDFV,-23.5222,-46.6673
SDFW,-23.5749,-46.6878
SDFX,-9.1574,-40.9374
SDGA,-23.9545,-46.2018
SDGB,-20.2769,-48.1827
SDGC,-22.1815,-49.6563
SDGD,-22.9942,-48.5677
SDGE,-23.6111,-46.5707
SDGG,-23.5611,-46.6944
SDGH,-20.511,-48.5927
SDGI,-22.9233,-46.9075
SDGJ,-21.9077,-49.8563
SDGK,-21.495,-50.736
SDGL,-22.8808,-43.2748
SDGN,-8.1318,-34.9042
SDGO,-23.4542,-46.4855
SDGS,-23.5859,-46.6804
SDGW,-23.5872,-46.6751
SDGY,-20.9267,-50.7438
SDGZ,-23.5495,-46.7724
SDHA,-23.5131,-46.6442
SDHB,-23.5485,-46.769
SDHC,-21.8689,-49.9814
SDHD,-22.8945,-43.1158
SDHE,-22.4922,-46.8434
SDHF,-21.9666,-46.7523
SDHG,-23.4816,-46.778
SDHI,-23.5952,-46.6525
SDHJ,-23.4702,-46.6195
SDHL,-22.9748,-43.2165
SDHN,-23.608,-46.6967
SDHO,-23.6555,-46.5288
SDHP,-21.162,-53.2838
SDHQ,-23.5672,-46.5055
SDHR,-20.9048,-57.2302
SDHT,-23.5589,-46.6576
SDHU,-22.9513,-43.1655
SDHV,-23.6004,-46.7152
SDHW,-23.5576,-46.6348
SDHX,-30.7502,-51.5354
SDHY,-23.5567,-46.6612
SDHZ,-22.9045,-47.0678
SDIB,-22.1581,-46.7753
SDIC,-20.7128,-45.6898
SDIF,-19.7865,-43.9516
SDIG,-21.7472,-48.8556
SDIH,-23.5634,-46.0716
SDII,-23.5048,-46.8492
SDIK,-22.8196,-47.0353
SDIL,-22.9024,-44.288
SDIM,-24.1597,-46.7906
SDIO,-21.6003,-48.8331
SDIP,-23.0427,-45.7751
SDIQ,-23.0488,-44.1959
SDIS,-23.2475,-49.0241
SDIT,-23.5764,-46.6578
SDIV,-20.3748,-47.7691
SDIW,-23.5939,-46.6884
SDIX,-23.8885,-46.1721
SDIY,-12.2007,-38.9062
SDJA,-22.1946,-47.8618
SDJB,-22.9734,-46.7006
SDJC,-21.2298,-48.2842
SDJD,-23.7603,-45.7122
SDJF,-23.8461,-48.4481
SDJH,-12.9625,-38.4361
SDJI,-23.3261,-45.8167
SDJJ,-23.5936,-46.6884
SDJK,-23.5018,-46.8422
SDJL,-20.2923,-50.5455
SDJM,-23.1326,-46.928
SDJN,-21.0967,-47.734
SDJO,-20.5941,-47.8412
SDJP,-22.7453,-43.4644
SDJQ,-20.8284,-51.008
SDJS,4.7273,-60.2417
SDJT,-23.1751,-46.909
SDJU,-23.5907,-46.6731
SDJV,-22.0177,-46.8408
SDJW,-23.5911,-46.7036
SDJX,-13.1022,-48.3865
SDJZ,-20.8103,-48.2226
SDKA,4.1646,-59.835
SDKB,-21.7881,-47.0556
SDKD,-23.6186,-46.7031
SDKG,-23.225,-49.1792
SDKI,-23.2251,-45.9069
SDKJ,-11.0216,-45.1867
SDKK,-21.4878,-47.0341
SDKL,3.8359,-59.7772
SDKM,-23.566,-46.6652
SDKO,-20.2577,-48.7886
SDKP,-22.1886,-50.2744
SDKQ,-20.1904,-49.0511
SDKT,-23.5806,-46.6842
SDKV,-23.6148,-46.6968
SDKW,-12.2964,-55.5384
SDKX,-11.5133,-52.4114
SDKY,-23.5582,-46.6689
SDKZ,4.5579,-60.47
SDLA,-23.3431,-44.6631
SDLB,-23.5812,-46.6827
SDLC,-21.7489,-51.0176
SDLD,-24.1982,-48.6429
SDLE,-13.583,-41.791
SDLF,-23.4767,-46.7779
SDLI,-8.737,-39.1154
SDLK,-14.4812,-42.2647
SDLL,-22.226,-47.3808
SDLO,-13.5648,-38.94
SDLP,-22.5784,-48.7746
SDLU,-22.4831,-48.5245
SDLW,-13.4428,-57.7855
SDLX,-11.4418,-52.2
SDLY,-21.6239,-48.3511
SDMA,-22.9545,-45.6036
SDMB,-23.0018,-47.1169
SDMC,-22.9195,-42.8309
SDMD,-18.0113,-54.7157
SDME,-21.6295,-48.3928
SDMF,-23.7867,-45.5722
SDMG,2.6754,-63.7467
SDMH,-20.8069,-49.4853
SDMI,-23.5937,-46.6463
SDMJ,-22.4108,-46.9058
SDMM,4.5578,-60.7861
SDMO,-21.259,-48.5235
SDMP,-23.2992,-46.5967
SDMR,-23.0664,-43.8795
SDMS,-23.0156,-44.2805
SDMT,-23.5619,-46.6549
SDMU,-22.9076,-43.176
SDMV,-22.2752,-48.6041
SDMW,-14.1125,-50.6808
SDMX,-15.5023,-55.3813
SDMY,-21.6329,-48.4791
SDMZ,-23.6633,-46.5792
SDNA,-19.6719,-48.9947
SDND,-22.484,-51.529
SDNE,-22.199,-51.9756
SDNH,-21.4976,-49.2344
SDNI,-23.6194,-46.9833
SDNJ,-24.0723,-48.2218
SDNK,-14.965,-54.0586
SDNM,-13.821,-56.0386
SDNN,-23.5656,-46.7022
SDNO,-22.6958,-48.5766
SDNP,-23.5474,-46.6374
SDNQ,-9.9806,-67.4911
SDNR,-23.6521,-46.7139
SDNT,-10.4144,-48.2567
SDNU,-22.9061,-43.1726
SDNV,-9.5039,-54.0119
SDNX,-23.043,-44.2105
SDOA,-5.4868,-45.0831
SDOB,-21.4252,-46.7543
SDOC,-23.5731,-46.6436
SDOD,-5.8374,-45.5308
SDOE,-5.7194,-45.7797
SDOF,-8.5497,-35.0072
SDOG,-23.9972,-46.2032
SDOH,-22.222,-45.878
SDOI,-23.2983,-47.6924
SDOK,-23.236,-46.8659
SDOL,-12.4423,-56.9077
SDON,-23.5516,-46.7223
SDOO,-16.6969,-49.2698
SDOP,-22.8959,-47.1905
SDOQ,-12.6744,-51.7393
SDOR,-20.7474,-47.8898
SDOT,-23.6025,-46.6936
SDOU,-22.9666,-49.912
SDOV,-14.7706,-50.5642
SDOW,-6.763,-51.0499
SDOX,-21.7801,-47.8828
SDOZ,-8.1007,-58.2841
SDPA,-22.9271,-44.0802
SDPB,-23.3508,-46.4257
SDPC,-22.1533,-51.0294
SDPD,-22.9436,-45.4314
SDPI,4.6878,-60.2447
SDPK,-23.5281,-46.495
SDPL,-23.5927,-46.6494
SDPM,-23.6002,-46.713
SDPN,-21.41,-50.0337
SDPO,-23.6056,-46.6961
SDPT,-23.5603,-46.6593
SDPU,-22.7669,-43.1126
SDPV,-21.8933,-51.8844
SDPW,-22.7115,-47.6182
SDPX,4.4989,-60.9417
SDPY,-22.0276,-47.4215
SDPZ,-21.2411,-53.3514
SDQC,-23.5665,-46.6122
SDQD,-22.9654,-43.1904
SDQF,-23.7014,-46.8286
SDQG,-21.8922,-51.178
SDQI,-23.0741,-47.0867
SDQJ,-22.9806,-43.232
SDQK,-18.883,-55.3669
SDQL,-21.1824,-55.7343
SDQM,-21.2103,-47.7702
SDQO,-22.9172,-46.8459
SDQP,-23.5716,-46.6457
SDQQ,-22.2856,-50.6394
SDQR,-28.3986,-49.5769
SDQT,-23.5812,-46.6795
SDQU,-9.256,-44.7948
SDQV,-16.14,-58.5154
SDQX,-23.8678,-48.8053
SDQY,-22.8913,-47.0284
SDQZ,-15.3977,-52.0749
SDRA,-23.8756,-48.0518
SDRB,-23.5589,-46.6623
SDRC,-22.1817,-50.8653
SDRE,-23.008,-43.447
SDRF,-22.7461,-44.0508
SDRG,-25.392,-49.1562
SDRH,-20.8445,-54.5261
SDRI,-22.9573,-43.1762
SDRJ,-22.9711,-43.2165
SDRK,-22.4308,-47.5623
SDRM,3.9267,-64.1847
SDRN,-23.5701,-46.6919
SDRP,3.7113,-64.1633
SDRR,-23.0922,-48.9874
SDRS,-22.4785,-44.4803
SDRT,4.6495,-60.7849
SDRU,-21.6933,-50.9359
SDRY,-22.9538,-54.841
SDRZ,-21.691,-57.3652
SDSA,-18.0355,-55.7161
SDSC,-21.875,-47.9039
SDSD,4.4118,-60.9514
SDSE,-21.4725,-50.6196
SDSM,-22.7588,-48.542
SDSN,-23.5907,-46.6866
SDSQ,-21.7257,-47.6579
SDSR,-23.659,-47.1032
SDSS,-19.2542,-55.7831
SDST,-21.8814,-47.776
SDSU,-22.8006,-47.1922
SDSV,-21.3337,-48.1711
SDSW,-22.5822,-43.9926
SDSX,-23.526,-46.744
SDSZ,-23.558,-46.6597
SDTB,-23.1282,-46.5746
SDTC,-23.6027,-46.6606
SDTE,-23.2202,-49.0758
SDTF,-23.3319,-47.8783
SDTG,-23.5929,-46.6865
SDTI,-21.3921,-51.5996
SDTJ,-23.5958,-46.6844
SDTK,-23.224,-44.7234
SDTM,-23.4933,-46.8527
SDTN,-21.1212,-47.9479
SDTO,-21.2552,-49.7948
SDTP,-21.8891,-50.5051
SDTQ,-18.2291,-51.2079
SDTS,-20.3385,-54.416
SDTT,-29.3616,-50.8531
SDTU,-23.6363,-46.6419
SDTV,-12.6074,-46.2395
SDTX,-20.5406,-51.3564
SDTY,-21.3398,-48.1149
SDUB,-23.4411,-45.0758
SDUC,4.4267,-60.1886
SDUD,-21.3319,-48.3158
SDUI,-23.5136,-46.6946
SDUJ,-23.5848,-46.6827
SDUK,-14.0967,-52.9019
SDUL,-21.2017,-47.9206
SDUM,-23.5064,-46.5969
SDUN,-21.2193,-41.8759
SDUQ,-22.4269,-50.6069
SDUT,-23.6508,-46.7228
SDUU,-21.9111,-50.8683
SDUV,-20.1775,-40.2324
SDUW,-21.6419,-46.3422
SDUX,-27.1069,-48.9075
SDUY,-22.9091,-43.1814
SDUZ,-22.9475,-49.7643
SDVA,-21.8322,-46.9556
SDVB,-23.4378,-47.4142
SDVC,-23.5172,-46.5792
SDVD,-22.4109,-43.1486
SDVE,-22.2302,-49.8172
SDVF,4.5897,-60.1814
SDVG,-20.4584,-50.0031
SDVH,-23.0054,-46.6369
SDVI,-14.65,-57.5
SDVJ,-8.7225,-50.455
SDVP,4.3339,-60.4936
SDVQ,-21.196,-57.6393
SDVS,-21.0728,-48.0342
SDVT,-23.5237,-46.1964
SDVV,-23.6419,-46.3222
SDVW,-23.0606,-45.6339
SDWA,-23.0418,-44.1936
SDWB,-23.5661,-46.6517
SDWC,-7.3558,-54.8263
SDWH,-21.1886,-49.9361
SDWI,-8.17,-35.63
SDWK,-20.0017,-47.7675
SDWL,-23.1917,-47.075
SDWN,-20.3475,-48.7725
SDWO,3.8621,-62.5791
SDWS,-23.5032,-46.8488
SDWT,-23.6094,-46.6967
SDWU,-21.7083,-57.7406
SDWV,-2.5727,-51.9538
SDWX,-6.1564,-56.4189
SDWZ,-21.1906,-50.5622
SDXA,4.2119,-60.0045
SDXD,-23.58,-46.6494
SDXE,-21.2648,-48.3561
SDXF,-14.121,-47.5309
SDXH,-23.2515,-47.3268
SDXJ,-18.4913,-53.1681
SDXK,4.4133,-60.1167
SDXN,-26.6345,-48.7007
SDXP,-23.4239,-46.0203
SDXR,-22.2216,-57.1582
SDXS,-23.5942,-46.7058
SDXV,-23.1172,-46.9922
SDXW,-18.9964,-55.1338
SDXX,-22.5094,-44.7508
SDYA,-23.5967,-46.6853
SDYB,-23.7845,-48.3384
SDYC,-22.7747,-41.9017
SDYD,-23.0399,-44.1964
SDYE,-22.9415,-46.7013
SDYF,-13.1096,-55.993
SDYH,-22.9292,-47.0828
SDYI,-17.9175,-45.4025
SDYJ,-22.2262,-51.3488
SDYK,-22.8922,-43.1181
SDYL,-23.023,-44.2901
SDYN,-22.5848,-51.3042
SDYO,-23.5542,-46.4614
SDYP,-22.9861,-46.3344
SDYR,-23.5997,-46.6999
SDYS,-27.1736,-48.6311
SDYT,3.7639,-63.9869
SDYU,-28.2991,-49.9225
SDYV,-23.6037,-46.6482
SDYW,-23.9413,-48.8818
SDYX,-4.8542,-42.2606
SDYZ,-23.5692,-46.6014
SDZB,-23.9856,-46.2844
SDZC,2.7081,-62.6689
SDZD,-23.4253,-47.3619
SDZF,-15.9844,-47.4675
SDZG,-5.9334,-40.2975
SDZH,-22.8906,-45.4931
SDZJ,-15.2839,-43.831
SDZK,2.9917,-63.7097
SDZL,-18.6108,-55.689
SDZM,-23.9224,-48.8183
SDZN,4.8049,-60.219
SDZO,4.5761,-60.4437
SDZP,-26.8854,-49.2432
SDZQ,-26.9051,-48.6572
SDZR,-21.4062,-48.3159
SDZU,-22.1219,-52.1979
SDZX,-14.8133,-53.1246
SDZZ,-21.7988,-48.5444
SEAB,-2.1565,-80.7732
SEAC,-1.3975,-77.1988
SEAD,-2.1372,-77.6774
SEAG,-2.1645,-79.8475
SEAH,-2.8337,-77.7618
SEAI,-0.948,-80.7509
SEAJ,-0.8814,-79.3966
SEAL,-2.2886,-80.0198
SEAM,-1.2121,-78.5746
SEAO,-2.4532,-80.0668
SEAP,-1.8576,-77.9414
SEAQ,-2.4968,-80.5522
SEAR,-1.2357,-77.6854
SEAU,-2.8238,-77.7718
SEAV,-3.4465,-79.9801
SEAX,-2.757,-77.2203
SEAY,-1.9777,-80.7452
SEAZ,-0.8731,-79.3277
SEBL,-1.9471,-76.308
SEBM,-2.8284,-80.0209
SEBO,-1.4239,-79.3961
SEBP,-2.1035,-79.4694
SEBT,-2.094,-79.8809
SEBU,-2.1922,-76.7846
SEBW,-1.261,-76.3872
SEBX,-2.6054,-79.6146
SEBZ,-4.0188,-78.8873
SECC,0.0128,-79.3678
SECD,-2.5847,-79.9642
SECG,-2.2303,-80.0545
SECH,-0.6951,-80.0886
SECI,-2.517,-80.1359
SECK,-2.2409,-77.459
SECM,-1.7063,-79.3789
SECO,-0.4629,-76.9868
SECQ,0.0162,-80.0919
SECR,-1.3845,-76.9389
SECU,-2.8895,-78.9844
SECY,-2.5342,-80.1372
SECZ,-2.2051,-80.05
SEDA,-2.3614,-80.1624
SEDB,-2.5519,-79.4924
SEDF,-2.5891,-80.291
SEDL,-0.9299,-80.6641
SEDM,-1.2947,-77.3197
SEDO,-2.6985,-80.0614
SEDP,-2.101,-77.1574
SEDS,-2.7234,-80.1347
SEED,-0.3656,-77.3029
SEEF,-1.0089,-80.6902
SEEH,-1.8322,-79.4497
SEEK,-1.9546,-76.5548
SEEM,-0.2225,-78.3779
SEEO,-2.6435,-80.35
SEEP,-2.3416,-79.2796
SEER,1.2216,-78.8683
SEES,-0.2887,-78.5409
SEET,-2.906,-77.5755
SEEU,-2.7945,-77.2818
SEEX,-2.5155,-80.2214
SEEZ,-2.7506,-77.5566
SEFM,-2.06,-77.6083
SEFR,-1.8692,-80.0115
SEFU,-2.5637,-79.5455
SEGE,-1.6167,-80.2333
SEGH,-1.2741,-79.9329
SEGL,-1.8602,-79.6429
SEGN,-2.0372,-76.4734
SEGO,-2.7707,-79.767
SEGQ,-2.1853,-79.8802
SEGR,-2.2355,-77.2402
SEGS,-0.4538,-90.2659
SEGT,-1.4006,-77.3831
SEGU,-2.1574,-79.8836
SEGX,-2.0871,-79.6888
SEGZ,-3.4232,-78.567
SEHB,-2.0985,-77.4777
SEHE,-2.1592,-77.3228
SEHF,-0.973,-80.6518
SEHN,-2.6161,-76.9165
SEHR,-2.2055,-77.2657
SEHS,-2.6985,-77.5366
SEHU,-2.0141,-76.6815
SEHV,-2.3317,-80.2047
SEHW,-2.4658,-77.0396
SEHZ,-2.3638,-77.4069
SEIA,-2.8989,-79.8128
SEID,-2.5663,-76.7566
SEIE,-2.163,-77.4849
SEIF,-2.2611,-77.3327
SEIG,-3.0494,-78.0102
SEIH,-2.3161,-77.41
SEII,-0.9426,-90.953
SEIM,-2.1045,-79.3819
SEIP,-2.4675,-77.1458
SEIR,-2.2198,-76.8141
SEIS,-1.8667,-79.7333
SEIT,-2.7267,-77.5371
SEIU,-2.252,-77.4018
SEIV,-2.1112,-79.5992
SEIW,-2.0717,-77.5234
SEIX,-2.275,-77.4694
SEIY,-2.7488,-77.4438
SEIZ,-2.4422,-79.355
SEJA,-1.7309,-77.1097
SEJD,-1.0602,-77.5805
SEJE,-2.7443,-77.4873
SEJG,-2.0845,-79.6729
SEJI,-1.0,-80.6667
SEJK,-2.721,-77.2409
SEJM,-0.2015,-80.2654
SEJS,-0.3284,-76.8794
SEJT,-2.3893,-77.5091
SEJU,-2.1056,-77.519
SEJY,-2.1167,-76.2021
SEJZ,-2.5167,-77.4322
SEKA,-2.8738,-77.8682
SEKB,-2.5153,-76.8966
SEKC,-2.6393,-77.1276
SEKE,-2.2336,-77.7357
SEKF,-2.6072,-76.9347
SEKH,-2.0331,-77.6709
SEKK,0.1847,-79.3912
SEKL,-0.0308,-79.3663
SEKM,-0.7399,-79.3872
SEKN,-2.7106,-77.5052
SEKP,-2.6818,-77.4771
SEKQ,-2.3019,-77.3576
SEKS,-2.8283,-77.7107
SEKT,-2.0963,-77.6413
SEKU,-2.6447,-77.223
SEKV,-2.6954,-77.379
SEKW,-2.5343,-76.8422
SEKX,-2.4622,-77.4595
SEKY,-2.0056,-77.7358
SEKZ,-2.1743,-77.3686
SELD,-2.2078,-80.0833
SELI,-0.4064,-76.6238
SELJ,-1.7044,-79.5523
SELK,-2.8029,-77.5694
SELL,-1.7184,-79.5911
SELM,-1.5016,-79.4809
SELN,-0.2419,-79.3125
SELT,-0.9068,-78.6158
SELV,-1.2251,-79.5058
SEMA,-4.3782,-79.941
SEMC,-2.2992,-78.1208
SEMK,-2.7536,-77.1578
SEML,-1.8448,-80.737
SEMO,-2.067,-76.9757
SEMT,-0.9461,-80.6788
SEMX,-2.8511,-79.8036
SEMY,-1.7397,-79.6215
SENB,-2.4071,-77.7401
SEND,-1.236,-77.2591
SENE,-1.998,-76.7643
SENF,-2.5226,-76.9905
SENL,0.0931,-76.8675
SEOC,-1.9101,-76.9596
SEOI,-2.4364,-79.8338
SEOM,-2.4638,-80.1369
SEON,-1.8714,-76.8778
SEOS,-2.1861,-79.8592
SEOU,-0.0768,-79.1349
SEOY,-0.8411,-79.2882
SEPA,-2.2475,-77.7128
SEPB,-1.8116,-80.2325
SEPC,-2.7517,-78.2636
SEPD,0.0676,-80.0505
SEPE,-2.6589,-79.6188
SEPI,-1.7319,-76.6076
SEPK,-2.3231,-77.2761
SEPN,-2.4212,-80.6501
SEPO,-2.6817,-80.2766
SEPS,-3.3197,-79.7692
SEPT,0.1159,-75.8502
SEPV,-1.0416,-80.4722
SEPX,-2.2923,-79.5022
SEPZ,-0.9532,-79.3753
SEQE,-0.989,-79.4656
SEQM,-0.1254,-78.3543
SERB,-1.6533,-78.6563
SERI,-1.1773,-79.4961
SERL,-3.0053,-80.229
SERO,-3.442,-79.997
SERS,-0.9992,-79.3588
SESA,-2.2101,-80.9851
SESB,-2.6419,-77.1572
SESC,-2.4742,-78.169
SESD,-0.2483,-79.2091
SESE,-2.58,-79.5165
SESF,-0.1956,-76.6482
SESH,-1.1138,-79.6802
SESJ,-1.8939,-79.4905
SESK,-2.6635,-77.1107
SESL,1.2648,-78.7971
SESM,-1.5052,-78.0627
SESO,-1.5673,-79.5398
SESP,-2.5783,-80.0344
SESS,-2.0552,-77.5908
SEST,-0.9102,-89.6174
SESV,-0.6081,-80.4027
SETA,-2.261,-79.6802
SETE,-0.9868,-77.8195
SETG,-2.998,-79.7959
SETH,-2.3817,-77.5028
SETI,-0.7761,-75.5264
SETM,-3.9956,-79.3719
SETN,0.9785,-79.6266
SETO,0.0617,-78.2228
SETR,-0.123,-76.3378
SETS,-2.5567,-77.4016
SETU,0.8095,-77.7081
SETW,-1.3217,-77.4556
SEUA,-0.0506,-76.5689
SEUC,-2.6031,-77.1164
SEUD,-2.5859,-77.2185
SEUE,-2.4746,-77.333
SEUI,-2.7232,-77.682
SEUK,-2.1484,-77.3572
SEUN,-2.5966,-77.4205
SEUQ,-2.4528,-77.9177
SEUR,-2.7888,-77.6481
SEUV,-2.5485,-77.1179
SEUW,-2.5555,-77.8989
SEUY,-1.8289,-77.6764
SEUZ,-2.0684,-76.7948
SEVS,-1.3079,-79.5601
SEWA,-2.5735,-76.8068
SEWE,-1.0235,-77.2211
SEWG,-2.5474,-77.0884
SEWH,-2.0373,-77.5623
SEWI,-2.7427,-77.3703
SEWK,-2.577,-77.3462
SEWM,-1.9583,-76.1467
SEWN,-2.0873,-77.4917
SEWO,-0.696,-79.4174
SEWR,-3.1696,-78.2602
SEWT,-2.6104,-77.183
SEWU,-2.1135,-77.7384
SEWX,-2.0013,-77.6691
SEWY,-2.4417,-76.9167
SEWZ,-2.7388,-77.2798
SEXI,-2.6457,-77.2947
SEXK,-2.0142,-76.8324
SEXM,-2.8831,-79.7435
SEXP,-1.3537,-77.6219
SEXS,-0.7497,-79.3656
SEXT,-2.0943,-77.551
SEYD,-2.0479,-76.3595
SEYH,-1.6158,-76.9424
SEYJ,-2.8893,-79.6506
SEYK,-2.6837,-77.3096
SEYM,-2.127,-77.5139
SEYN,-1.9539,-76.102
SEYP,-2.8254,-77.929
SEYS,-2.6505,-77.3998
SEYT,-2.3508,-76.4539
SEYW,-2.7836,-77.4576
SEYX,-2.2233,-77.5479
SEZA,-2.5543,-77.4437
SEZD,-1.3336,-80.7488
SEZE,-2.8311,-77.3693
SEZI,-1.9181,-76.6252
SEZK,-2.785,-77.408
SEZM,-2.1591,-77.6132
SEZN,-1.1883,-77.2308
SEZR,-2.5984,-77.0894
SFAL,-51.6857,-57.7776
SGAS,-25.2402,-57.5192
SGAY,-27.3784,-56.8568
SGBA,-27.0524,-55.578
SGBN,-20.2308,-58.1705
SGCB,-23.2575,-55.5281
SGCO,-23.4416,-57.427
SGCU,-24.4977,-55.6863
SGCZ,-26.169,-56.3605
SGEN,-27.2275,-55.8376
SGES,-25.4572,-54.8395
SGFI,-22.3546,-60.0532
SGGR,-24.0328,-54.3527
SGIB,-25.4078,-54.6195
SGLZ,-27.0038,-55.8871
SGME,-22.0465,-60.6217
SGMZ,-26.8398,-55.3289
SGOL,-21.0457,-57.8829
SGPC,-23.4956,-58.7885
SGPG,-22.56,-61.612
SGPI,-26.882,-58.3191
SGPJ,-22.6414,-55.83
SGPO,-22.6299,-57.8385
SGRO,-24.43,-57.1201
SGSP,-24.0271,-57.0234
SGST,-22.6225,-56.6344
SHAB,-32.6655,-71.4403
SHAC,-33.4437,-70.6321
SHAD,-33.9674,-71.853
SHAE,-33.4397,-70.8314
SHAF,-34.8262,-72.0666
SHAG,-52.4993,-68.7243
SHAH,-33.4,-70.5739
SHAL,-33.7255,-70.9304
SHAO,-30.5786,-71.1917
SHAP,-33.4443,-70.6381
SHAQ,-33.4178,-70.5991
SHAT,-41.4802,-72.9399
SHAU,-34.2552,-71.0306
SHAV,-32.6217,-71.3995
SHBC,-33.2397,-70.6961
SHBE,-33.4361,-70.645
SHBH,-33.2714,-70.6501
SHBL,-33.4853,-70.6444
SHBP,-34.1108,-71.5353
SHBS,-33.4361,-70.6514
SHCA,-33.4553,-70.5483
SHCB,-39.1669,-71.7606
SHCC,-33.3853,-70.5308
SHCF,-22.4445,-68.9167
SHCG,-32.5789,-71.4544
SHCH,-33.221,-70.7594
SHCI,-32.5761,-71.4525
SHCM,-33.4393,-70.638
SHCP,-34.1364,-70.7706
SHCY,-45.5688,-72.0756
SHDG,-52.3808,-68.4314
SHDN,-52.3647,-68.765
SHDO,-33.3579,-70.2487
SHDP,-38.7542,-72.8025
SHEB,-33.4578,-70.6574
SHEC,-33.4166,-70.5936
SHEE,-35.72,-71.5097
SHEH,-33.4039,-70.5728
SHEI,-33.4594,-70.7167
SHEJ,-23.6825,-70.4139
SHEM,-33.3811,-70.5958
SHEQ,-33.3706,-70.6506
SHES,-24.6383,-70.3847
SHET,-35.7022,-71.5722
SHFA,-33.4964,-70.6953
SHFE,-32.7483,-70.71
SHFR,-34.1597,-71.7517
SHGA,-33.4475,-70.6069
SHGE,-33.4136,-70.5897
SHGR,-33.4044,-70.5731
SHHC,-36.8208,-73.035
SHHE,-34.2106,-70.7158
SHHF,-33.3971,-70.5459
SHHI,-33.4178,-70.5289
SHHL,-33.3733,-70.5244
SHHM,-33.4153,-70.6033
SHHN,-32.9995,-71.5422
SHHR,-53.1564,-70.9222
SHHS,-33.4361,-70.6211
SHHV,-18.4722,-70.3206
SHIC,-34.9798,-71.2138
SHIN,-33.4208,-70.6178
SHIQ,-20.23,-70.145
SHIS,-33.414,-70.5981
SHJN,-18.4828,-70.3131
SHJO,-33.4161,-70.6531
SHKI,-33.5603,-70.7444
SHLA,-33.4358,-70.6433
SHLC,-33.3839,-70.7506
SHLI,-33.2827,-70.6508
SHLJ,-34.9561,-71.9601
SHLP,-33.3289,-70.2833
SHLS,-32.9958,-71.5472
SHMA,-33.4322,-70.6283
SHMB,-33.4617,-70.7147
SHMD,-33.4353,-70.6381
SHME,-33.9746,-71.3885
SHMM,-33.0673,-71.3743
SHMS,-33.4581,-70.7
SHNB,-36.6198,-72.1182
SHNC,-52.5636,-68.6756
SHNL,-33.4214,-70.6106
SHNO,-52.5753,-69.6636
SHNZ,-33.6528,-70.5272
SHOH,-33.4089,-70.5809
SHOR,-33.4145,-70.6014
SHOT,-30.6794,-71.4086
SHOV,-33.2508,-71.3683
SHPD,-33.4132,-70.6038
SHPE,-41.4856,-72.9028
SHPH,-33.5549,-70.8154
SHPM,-45.9228,-72.1463
SHPP,-32.5003,-71.4592
SHPT,-32.8364,-70.1311
SHPU,-52.5458,-68.7583
SHQN,-39.8525,-73.2572
SHRB,-33.4592,-70.5172
SHRE,-33.4414,-70.655
SHRP,-34.2128,-71.4531
SHSB,-52.7667,-69.2889
SHSC,-33.4392,-70.6481
SHSD,-33.4376,-70.6559
SHSE,-52.2494,-68.9362
SHSG,-52.6215,-70.2045
SHSI,-52.2683,-69.0733
SHSJ,-40.5891,-73.1275
SHSK,-52.4092,-68.7853
SHSM,-33.4231,-70.6224
SHSN,-27.3736,-70.322
SHSO,-33.5002,-70.5789
SHSP,-33.4428,-70.655
SHSR,-33.4207,-70.6064
SHSS,-38.7358,-72.5983
SHST,-33.3821,-70.6256
SHSU,-52.3758,-68.7886
SHTC,-33.437,-70.6326
SHTE,-34.8511,-71.324
SHTI,-33.4406,-70.6458
SHTL,-36.8277,-73.0525
SHTO,-33.4389,-70.635
SHTR,-37.4786,-72.3267
SHTS,-33.3222,-70.5908
SHUC,-33.4006,-70.5079
SHUE,-36.7708,-73.1067
SHVE,-33.3463,-70.4878
SHVI,-39.3021,-72.089
SHVM,-33.4694,-71.3992
SHVN,-33.3683,-70.5645
SHWT,-33.4164,-70.6054
SHXE,-33.3486,-70.4933
SHYA,-33.6769,-70.5474
SIAD,-21.0107,-57.353
SIAE,-22.7861,-45.1708
SIAF,-13.7411,-58.8856
SIAK,-23.7296,-46.5498
SIAM,-20.6973,-48.2864
SIAN,-30.0301,-51.2205
SIAP,-31.7344,-54.0892
SIAQ,-15.5064,-56.0983
SIAV,-23.5648,-46.8302
SIAW,-3.7392,-47.5164
SIBB,-23.5644,-46.6521
SIBC,-21.8781,-41.2948
SIBE,-3.7191,-38.5318
SIBG,-23.5644,-46.6558
SIBH,-23.5468,-46.7371
SIBI,-24.0029,-46.2891
SIBL,-1.4375,-48.4586
SIBM,-23.6171,-46.5806
SIBO,-24.2616,-52.7948
SIBS,-23.7986,-45.4
SIBT,-22.7323,-47.2862
SIBU,-6.3625,-37.7562
SIBV,-21.4503,-54.4895
SIBW,-7.5582,-38.4965
SIBX,-21.0918,-50.2438
SIBY,-7.8782,-37.14
SIBZ,-7.3117,-38.1127
SICC,-22.3889,-47.2844
SICD,-21.5785,-41.4463
SICG,-23.5208,-46.763
SICJ,-13.4626,-58.7783
SICK,-17.6806,-42.5294
SICL,-22.9852,-44.4388
SICM,-21.5394,-52.1117
SICN,-22.5065,-51.8167
SICO,-13.3258,-56.0499
SICP,-23.9722,-51.3279
SICQ,-15.5545,-55.6909
SICS,-15.775,-47.9061
SICT,-22.9967,-47.1064
SICV,-24.0006,-46.2936
SICW,-17.4536,-47.825
SICX,-12.9839,-38.4536
SICY,-28.1083,-53.1964
SICZ,-23.5733,-46.6554
SIDA,-23.5944,-46.6837
SIDB,-4.271,-42.9996
SIDE,-23.5114,-46.7044
SIDI,-19.8295,-43.6304
SIDJ,-8.9486,-50.5136
SIDL,-23.5558,-46.6249
SIDM,-15.0368,-52.0995
SIDQ,-23.0165,-44.2911
SIDR,-19.8373,-56.7033
SIDT,-22.9095,-43.1794
SIDV,-20.2533,-44.7704
SIDW,-13.0046,-56.0876
SIDX,-27.5729,-48.5316
SIDY,-24.0777,-51.8194
SIEA,-21.4664,-50.7986
SIED,-15.4505,-43.4026
SIEF,-20.5723,-54.7167
SIEH,-8.0338,-34.8712
SIEJ,-9.9429,-57.486
SIEL,-16.5899,-57.7277
SIEP,-23.5011,-46.6463
SIEQ,-13.3065,-56.5732
SIER,-22.6329,-47.6869
SIES,-23.7689,-45.6333
SIEU,-22.3734,-48.6931
SIEV,-20.7672,-56.7068
SIEW,-7.9881,-61.0505
SIEX,-19.01,-50.432
SIEY,-19.9538,-43.9127
SIFA,-19.7911,-56.4763
SIFB,-23.2236,-44.6854
SIFG,-19.9353,-43.9244
SIFI,-3.0931,-60.0209
SIFK,-22.5081,-43.1938
SIFP,-24.5247,-47.8506
SIFQ,-29.0447,-51.1438
SIFT,-16.1443,-60.1202
SIFU,-22.4155,-43.7747
SIFV,-19.8258,-40.1022
SIFW,-17.7191,-56.9967
SIFY,-21.7778,-57.4964
SIFZ,-23.5778,-46.6944
SIGB,-28.043,-48.6257
SIGC,-24.9757,-47.9454
SIGE,-8.1729,-35.6382
SIGI,-16.682,-49.256
SIGJ,-22.9201,-43.2116
SIGK,-23.4468,-46.4446
SIGN,-15.5714,-53.2336
SIGO,-13.3367,-53.9578
SIGP,-22.9093,-43.182
SIGQ,-22.4996,-44.0817
SIGS,-17.1622,-46.66
SIGT,-23.9894,-49.1792
SIGU,-19.8151,-53.8278
SIGV,-23.5238,-46.6625
SIGX,-11.1981,-58.2357
SIGY,-7.5026,-44.1985
SIGZ,-23.6171,-46.6989
SIHB,-5.4558,-46.0625
SIHC,-20.2935,-40.3125
SIHD,-23.5984,-46.6224
SIHI,-6.6203,-48.9958
SIHJ,-10.1081,-48.3264
SIHK,-23.5691,-46.6456
SIHL,-22.9798,-43.4094
SIHM,-3.811,-38.4342
SIHO,-23.2841,-47.2909
SIHQ,-15.8293,-48.0289
SIHS,-23.7731,-46.5922
SIHT,-23.0021,-44.3531
SIHW,-21.2112,-47.8658
SIHX,-12.9877,-38.4509
SIHZ,-8.4319,-34.9814
SIIA,-11.7,-58.2181
SIIB,-23.38,-46.6064
SIIC,-23.2437,-44.596
SIID,-6.8199,-56.8414
SIIE,-20.8911,-53.4061
SIIG,-22.36,-51.1017
SIIH,-23.5666,-46.6864
SIII,-20.4331,-48.2254
SIIJ,-21.2605,-56.5681
SIIK,-20.7219,-53.688
SIIM,-18.8034,-54.8514
SIIN,-7.5944,-56.699
SIIO,-23.0051,-44.4658
SIIP,-22.9772,-46.7039
SIIR,-23.584,-46.6756
SIIS,-23.655,-53.8336
SIIT,-20.76,-55.5722
SIIU,-19.6421,-48.7122
SIIV,-27.0893,-48.9152
SIIW,-23.4541,-46.87
SIIY,-15.7928,-47.8939
SIIZ,-14.1652,-57.1587
SIJC,-22.7178,-45.5778
SIJD,-23.6436,-46.7178
SIJE,-20.0134,-57.3892
SIJF,-23.586,-46.6834
SIJG,-21.4433,-50.7255
SIJI,-23.1824,-45.8172
SIJK,-17.955,-46.8617
SIJM,-17.1444,-56.5978
SIJN,-27.8633,-49.5783
SIJO,-18.5772,-57.5111
SIJP,-22.9023,-43.1743
SIJQ,-25.5826,-49.397
SIJR,-25.539,-49.6024
SIJS,-3.4547,-47.5286
SIJT,-21.7501,-41.3031
SIJU,-11.7904,-58.4561
SIJW,-23.6574,-46.6533
SIJX,-23.5913,-46.6816
SIJY,-26.9831,-48.8164
SIJZ,-7.3947,-56.7647
SIKA,-23.1106,-54.5581
SIKB,-27.0829,-48.9254
SIKC,-10.7604,-55.4623
SIKD,-23.5735,-46.7045
SIKE,-3.6204,-38.8481
SIKF,-23.5767,-46.6867
SIKH,-23.0854,-47.183
SIKI,-14.3778,-39.0111
SIKK,-20.2506,-45.645
SIKL,-16.7097,-49.2387
SIKM,-5.2892,-46.0017
SIKN,-5.1572,-45.9156
SIKP,-18.3036,-57.5069
SIKQ,-7.2371,-57.104
SIKR,-19.5814,-56.0855
SIKS,-22.4429,-43.1067
SIKT,-23.5833,-46.671
SIKV,-16.6082,-49.1919
SIKW,-15.9306,-48.9255
SIKX,-20.236,-48.6511
SIKZ,-5.6638,-43.5361
SILA,-22.7565,-53.84
SILC,-13.0379,-55.9502
SILE,-8.5794,-35.1281
SILF,-23.5879,-46.6804
SILG,-13.7623,-58.7478
SILH,-22.8362,-47.0666
SILJ,-0.8314,-52.5041
SILK,-23.5128,-46.6717
SILM,-14.4662,-46.8707
SILP,-23.1522,-47.2674
SILQ,-24.9291,-53.496
SILR,-23.595,-46.6844
SILS,-14.6369,-57.6081
SILT,-20.2285,-50.9689
SILU,-19.8653,-56.9879
SILV,-23.4715,-46.4835
SIMB,-23.6147,-46.5692
SIMD,-23.5827,-46.6748
SIME,-5.5838,-47.428
SIMG,-21.0961,-57.7169
SIMJ,-18.6592,-49.5476
SIMK,-20.5922,-47.3829
SIMM,-23.5874,-46.6722
SIMO,-16.7708,-56.1727
SIMP,-22.2187,-45.9169
SIMQ,-18.2089,-55.7534
SIMR,-17.7514,-51.1519
SIMU,-22.2785,-52.8445
SIMV,-19.8383,-47.8498
SIMW,-20.3501,-53.9705
SIMX,-15.2408,-56.5781
SIMY,-23.2111,-54.096
SIMZ,-17.8756,-54.9416
SINB,-23.8294,-45.3886
SIND,-13.0091,-38.504
SINE,-23.5245,-46.3302
SING,-20.5567,-49.2883
SINH,-22.6437,-53.5623
SINK,-21.8748,-50.8729
SINL,-27.4642,-48.383
SINN,-8.8069,-46.3589
SINP,-21.506,-56.4204
SINQ,-0.7904,-52.4882
SINR,-18.0074,-54.0093
SINT,-15.1937,-49.3764
SINU,-21.9233,-56.7069
SINW,-21.5726,-47.9138
SINY,-8.1598,-36.1969
SINZ,-25.4385,-50.5279
SIOB,-20.8182,-51.2668
SIOC,-21.1432,-51.544
SIOE,-25.7936,-53.0359
SIOH,-21.1948,-44.9415
SIOL,-18.3225,-48.844
SIOO,-22.0258,-57.9029
SIOQ,-23.5055,-54.3093
SIOR,-18.0981,-57.1533
SIOS,-22.7694,-53.9573
SIOT,-21.4881,-52.4073
SIOW,-23.5698,-46.6435
SIPA,-21.6472,-46.9283
SIPB,-2.4485,-44.1209
SIPD,-22.9024,-47.0483
SIPE,-7.656,-34.8565
SIPG,-14.1376,-51.4695
SIPI,-23.4981,-46.8623
SIPK,-16.4974,-56.4222
SIPN,-21.516,-57.6906
SIPO,-14.9242,-41.9567
SIPS,-19.6593,-44.1476
SIPT,-22.7318,-47.1378
SIPX,-22.9078,-47.0043
SIPZ,-23.6764,-46.6182
SIQA,-6.408,-35.0448
SIQC,-19.1641,-52.9983
SIQD,-20.6445,-54.7916
SIQE,-15.9375,-47.7266
SIQF,-27.378,-48.5308
SIQG,-10.5047,-55.7099
SIQH,-23.5279,-46.7345
SIQI,-30.5364,-50.4674
SIQJ,-14.9583,-55.8007
SIQK,-22.7815,-47.3346
SIQL,-26.4867,-49.0648
SIQS,-15.3751,-57.1311
SIQU,-20.0864,-51.3095
SIQV,-12.8911,-58.575
SIQY,-12.6281,-55.945
SIQZ,-15.5943,-46.6032
SIRB,-21.7711,-54.3817
SIRC,-10.3253,-53.5859
SIRF,-8.6311,-35.2717
SIRH,-18.2633,-54.3118
SIRI,-13.9061,-38.9408
SIRK,-19.9258,-43.9314
SIRL,-19.9825,-48.2649
SIRN,-14.7691,-51.9857
SIRO,-23.5632,-46.6514
SIRS,-19.6365,-48.7893
SIRU,-16.9271,-54.0709
SIRV,-16.1181,-58.7658
SIRW,-6.8747,-45.3068
SIRX,-23.0244,-44.3428
SIRY,-23.4658,-46.5819
SIRZ,-23.5694,-46.6912
SISC,-19.9573,-47.7689
SISD,-18.1452,-51.2738
SISH,-3.7202,-38.5425
SISJ,-17.456,-55.5637
SISK,-18.8645,-52.0474
SISL,-16.8947,-55.9067
SISM,-7.9203,-34.8912
SISN,-17.0726,-45.8748
SISO,-0.0917,-49.5806
SISQ,-26.3064,-48.9333
SIST,-25.6837,-48.4603
SISV,-13.8974,-57.1042
SISW,-13.8245,-59.1635
SISX,-19.3798,-56.058
SISY,-25.451,-49.1422
SITB,-23.0133,-53.7906
SITE,-23.5663,-46.6426
SITG,-22.8939,-43.2151
SITJ,-7.4904,-46.1449
SITK,-23.4674,-46.4859
SITL,-5.0492,-40.2342
SITP,-23.6022,-47.2733
SITQ,-23.6204,-46.699
SITR,-20.141,-55.0747
SITS,-13.1304,-55.9817
SITU,-17.9441,-50.3392
SITX,-19.7744,-55.5217
SIUD,-23.5385,-46.6076
SIUE,-22.5989,-47.8811
SIUF,-10.1569,-53.7017
SIUG,-22.4962,-51.9056
SIUI,-21.7811,-43.3613
SIUM,-8.5561,-46.85
SIUO,-10.7207,-52.2786
SIUP,-12.6736,-38.2734
SIUQ,-20.9751,-54.3295
SIUR,-19.61,-53.496
SIUS,-22.7117,-54.045
SIUU,-16.5184,-57.0413
SIUW,-20.8391,-52.3015
SIVB,-19.9854,-43.9651
SIVC,-13.7601,-49.4779
SIVD,-16.9442,-46.2725
SIVE,-23.5038,-48.0005
SIVG,-11.876,-55.4444
SIVH,-20.7052,-47.8814
SIVI,-22.9127,-47.0641
SIVJ,-19.4511,-43.8998
SIVN,-16.6022,-43.771
SIVO,-12.4481,-51.7742
SIVP,-14.4416,-50.5358
SIVQ,-22.0822,-54.2011
SIVR,-7.6295,-56.7462
SIVS,-23.6109,-47.0006
SIVT,-20.284,-44.1109
SIVU,-20.4229,-40.3325
SIVV,-16.9315,-56.229
SIVW,-24.7096,-48.0228
SIVX,-23.5306,-47.2659
SIVZ,-29.1871,-56.5439
SIWA,-10.7485,-59.3738
SIWB,-23.1905,-55.2899
SIWE,-27.2127,-50.9565
SIWI,-13.9275,-57.2428
SIWJ,-15.5287,-55.1414
SIWK,-14.05,-55.3849
SIWM,-17.9882,-49.5383
SIWN,-17.8499,-49.5823
SIWQ,-20.9617,-53.0705
SIWR,-13.7997,-50.4888
SIWS,-22.9497,-44.0752
SIWV,-7.8569,-56.7164
SIWX,-23.5983,-46.8978
SIWY,-17.5128,-55.7732
SIWZ,-19.4811,-56.4845
SIXA,-20.5299,-51.096
SIXC,-23.5106,-46.693
SIXD,-30.8447,-55.5661
SIXE,-30.0503,-51.4436
SIXF,-17.3834,-47.5362
SIXG,-18.0323,-47.4639
SIXH,-26.2889,-48.8455
SIXJ,-20.1661,-44.9186
SIXK,-23.1675,-54.2023
SIXO,-13.9836,-59.6566
SIXP,-14.0723,-57.4507
SIXQ,-23.8435,-55.4362
SIXS,-23.6269,-46.7025
SIXV,-18.1453,-53.3635
SIYB,-23.6465,-46.8824
SIYC,-12.8593,-38.3171
SIYE,-19.0964,-55.5697
SIYG,-3.7193,-38.4741
SIYH,-18.9819,-55.2918
SIYI,-17.2619,-51.1465
SIYK,-17.4558,-48.2175
SIYL,-22.853,-45.2378
SIYN,-11.9027,-61.2278
SIYO,-17.256,-51.3061
SIYU,-23.6021,-46.6925
SIYV,-22.997,-43.3465
SIYY,-17.4569,-56.8411
SIYZ,-23.6115,-46.6947
SIZB,-22.425,-42.9802
SIZC,-20.7794,-41.9956
SIZE,-22.9966,-47.1236
SIZF,-23.995,-53.9561
SIZG,-22.6079,-48.3879
SIZH,-19.9969,-51.5142
SIZI,-18.755,-51.4772
SIZJ,-20.9795,-48.4472
SIZK,-14.8738,-52.1106
SIZL,-22.7477,-49.845
SIZO,-14.1903,-51.6439
SIZQ,-23.0367,-48.4411
SIZS,-13.5367,-53.4406
SIZU,-13.4347,-54.2765
SIZV,-19.96,-44.1178
SIZW,-4.1117,-38.2481
SIZX,-11.2966,-57.5495
SIZY,-22.696,-47.5618
SJAB,-25.6928,-54.4326
SJAC,-11.4715,-51.6889
SJAD,-22.7571,-45.1093
SJAF,-13.6717,-57.8998
SJAG,-13.6321,-60.2839
SJAH,-5.7739,-45.1647
SJAI,-13.1848,-48.753
SJAJ,-25.4389,-49.2678
SJAK,-18.3642,-48.8721
SJAM,-23.2486,-46.5711
SJAN,-23.6537,-46.7252
SJAO,-23.4037,-46.8311
SJAP,-22.9142,-46.9849
SJAQ,-16.1169,-46.3545
SJAR,-20.0177,-50.8937
SJAS,-21.6692,-49.1731
SJAT,-22.8869,-46.8715
SJAU,-8.8377,-49.5575
SJAW,-21.7247,-48.3772
SJAX,-12.9593,-45.9728
SJAZ,-12.7704,-46.0235
SJBA,-23.5137,-46.731
SJBB,-9.5252,-49.889
SJBC,-8.9894,-51.2153
SJBD,-12.9796,-38.4613
SJBE,-23.4389,-46.7244
SJBG,-22.9096,-43.1782
SJBH,-23.515,-46.7385
SJBI,-22.4403,-47.6985
SJBJ,-23.6131,-46.8515
SJBK,-5.6794,-54.245
SJBL,-22.3306,-47.489
SJBP,-23.5955,-46.6875
SJBQ,-19.6759,-46.9041
SJBT,-19.5751,-56.1005
SJBU,-17.015,-44.7919
SJBV,-25.4574,-49.4646
SJBX,-6.0188,-35.2413
SJBY,-3.6543,-45.3452
SJBZ,-18.9582,-51.1102
SJCA,-21.5322,-47.0473
SJCB,-23.5135,-46.7341
SJCD,-17.7252,-53.9384
SJCF,-13.1919,-52.3129
SJCG,-22.9779,-44.4336
SJCH,-8.1575,-36.1813
SJCI,-23.195,-45.8746
SJCL,-14.5294,-50.4112
SJCO,-21.4978,-50.094
SJCP,-17.0689,-50.8463
SJCQ,-11.9355,-40.0507
SJCS,-23.5958,-46.684
SJCV,-22.865,-46.0367
SJCW,-1.7121,-58.5112
SJCY,-15.6801,-55.956
SJCZ,-12.4301,-54.2504
SJDB,-15.0559,-51.364
SJDE,-22.6448,-54.0976
SJDF,-15.824,-48.0672
SJDI,-22.8521,-54.2082
SJDJ,-29.8892,-57.1419
SJDK,-20.8847,-51.3693
SJDL,-17.3024,-55.8528
SJDN,-19.4567,-55.7416
SJDO,-23.8219,-45.3713
SJDP,-23.0153,-44.2878
SJDQ,-22.8977,-47.0469
SJDS,-3.9172,-38.4892
SJDT,-19.5188,-55.3129
SJDU,-29.7281,-56.9608
SJDW,-22.1224,-57.291
SJDX,-19.4128,-55.5499
SJDY,-18.6631,-54.0686
SJDZ,-15.834,-46.5719
SJEA,-12.8509,-48.2268
SJEB,-23.593,-46.6896
SJEC,-31.6867,-52.4677
SJEF,-19.7478,-56.0429
SJEG,-20.1596,-57.1588
SJEH,-22.1014,-48.2267
SJEI,-23.5526,-46.6616
SJEK,-13.5408,-52.2087
SJEM,-12.3192,-55.3339
SJEN,-33.1429,-52.9773
SJEP,-28.4426,-52.8152
SJER,-17.36,-50.3384
SJEX,-13.0087,-46.1074
SJEZ,-9.6598,-35.7406
SJFA,-23.5037,-46.8493
SJFB,-8.3777,-46.4404
SJFC,-23.5581,-46.6521
SJFD,-22.8993,-43.2817
SJFE,-16.7057,-39.1094
SJFF,-20.2947,-50.4106
SJFH,-20.4126,-48.2172
SJFI,-15.645,-55.9902
SJFJ,-17.2346,-55.2267
SJFK,-12.592,-49.5325
SJFL,-12.5602,-49.866
SJFM,-23.8389,-54.2445
SJFN,-18.3718,-54.9272
SJFP,-12.9124,-61.3705
SJFQ,-22.949,-48.6649
SJFR,-12.5239,-58.2356
SJFT,-10.0931,-57.7269
SJFU,-6.6964,-35.6312
SJFV,-18.7663,-48.7549
SJGC,-12.8997,-45.4945
SJGD,-12.7948,-45.7219
SJGE,-6.0835,-56.2924
SJGF,-30.213,-52.442
SJGG,-23.6112,-46.6962
SJGH,-28.7106,-55.9888
SJGI,-19.3349,-56.905
SJGL,-27.3761,-49.8308
SJGM,-23.5754,-46.6959
SJGN,-13.6681,-56.4818
SJGU,-5.686,-48.1143
SJGW,-11.7835,-55.5404
SJGY,-13.7083,-46.7432
SJGZ,-22.0936,-52.675
SJHB,-8.0643,-34.8981
SJHC,-22.8721,-42.0115
SJHE,-12.088,-55.9927
SJHG,-10.6333,-51.5658
SJHH,-18.1197,-52.2172
SJHI,-22.7503,-45.5327
SJHJ,-11.1829,-61.0889
SJHM,-12.949,-58.5878
SJHO,-13.9441,-57.104
SJHQ,-11.0167,-52.3682
SJHR,-2.5207,-44.1371
SJHS,-19.3104,-48.3433
SJHU,-13.8826,-60.0962
SJHW,-17.2955,-43.9588
SJIA,-14.154,-39.7004
SJIB,-14.824,-39.3203
SJIC,-21.2449,-52.7698
SJID,-19.9172,-52.6314
SJIF,-23.4075,-54.7492
SJIG,-21.2063,-47.8106
SJIL,-19.0911,-55.8425
SJIR,-13.311,-40.8783
SJIW,-23.4753,-46.8285
SJIX,-23.2309,-44.7155
SJIZ,-15.8269,-59.2342
SJJB,-20.7693,-52.7776
SJJE,-13.8407,-40.1036
SJJF,-8.4952,-60.9557
SJJG,-12.7218,-52.3803
SJJJ,-12.6829,-61.0893
SJJK,-10.0289,-56.7383
SJJL,-11.7874,-45.9654
SJJN,-10.2828,-56.3256
SJJO,-13.1927,-47.1203
SJJR,-21.7142,-44.2039
SJJS,-25.4615,-49.1027
SJJT,-9.958,-49.7546
SJJU,-14.0451,-60.1542
SJJX,-2.8981,-48.9586
SJJY,-23.9088,-45.3092
SJJZ,-32.0329,-52.073
SJKA,-13.628,-57.901
SJKB,-13.0875,-58.0258
SJKD,-27.0264,-48.6211
SJKF,-23.509,-47.5825
SJKH,-7.4237,-56.3392
SJKI,0.2088,-51.0124
SJKJ,-17.4404,-53.8097
SJKL,4.6204,-60.0784
SJKM,4.8122,-60.0265
SJKN,4.7006,-60.267
SJKO,4.0629,-60.1651
SJKP,4.5427,-60.463
SJKQ,5.1291,-60.5889
SJKS,2.3755,-63.009
SJKT,4.1731,-60.547
SJKU,4.8151,-60.4709
SJKV,4.4677,-60.7772
SJKW,4.4256,-60.8264
SJKX,4.1668,-59.7476
SJKY,-23.9522,-46.3254
SJKZ,4.4448,-60.4364
SJLA,4.6666,-60.2902
SJLB,-15.5706,-57.774
SJLC,2.7222,-63.5779
SJLD,-15.7156,-57.7114
SJLE,3.224,-63.2023
SJLH,2.1761,-59.7839
SJLI,-4.2136,-46.975
SJLJ,0.5972,-59.2217
SJLK,3.4428,-60.3525
SJLL,4.4608,-60.1003
SJLM,4.1517,-61.4278
SJLN,4.7269,-60.5906
SJLO,5.0842,-60.3789
SJLP,2.98,-60.0953
SJLQ,4.365,-60.0167
SJLR,-25.247,-49.9182
SJLS,2.1253,-59.8214
SJLT,3.3856,-60.4078
SJLU,1.7408,-62.2864
SJLV,4.3572,-59.97
SJLW,4.4217,-60.4897
SJLX,4.4531,-59.8539
SJLY,-20.0472,-43.9624
SJMA,-17.9396,-54.9301
SJMB,-23.0164,-44.289
SJMC,-23.4931,-46.852
SJMD,2.7228,-62.9503
SJME,4.5706,-60.9031
SJMF,4.1639,-60.2222
SJMH,3.3296,-62.9712
SJMI,3.2827,-63.8498
SJMJ,4.4558,-60.269
SJMK,4.7113,-60.4766
SJML,4.7024,-60.7341
SJMM,4.9319,-60.3192
SJMN,3.8096,-60.0929
SJMO,4.4691,-60.8641
SJMP,4.289,-60.2594
SJMQ,4.1739,-60.1412
SJMR,-23.4575,-54.3003
SJMS,-14.5748,-49.968
SJMT,4.4903,-60.9906
SJMU,4.9897,-60.4356
SJMV,4.9425,-60.4753
SJMW,4.47,-60.1769
SJMX,4.5753,-60.8583
SJMY,-29.1352,-51.142
SJMZ,-12.9575,-46.0062
SJNA,-1.2672,-48.43
SJNB,4.5017,-60.8022
SJNC,3.1475,-62.2304
SJNE,1.99,-59.9572
SJNF,4.635,-60.1761
SJNG,2.6113,-63.8711
SJNK,-12.0817,-61.64
SJNL,-13.6268,-57.5832
SJNM,-13.9939,-55.941
SJNO,-18.6721,-57.1237
SJNP,-7.1258,-55.4008
SJNQ,-17.4911,-40.1563
SJNU,-13.0381,-51.7139
SJNV,-18.4314,-50.2561
SJNW,-9.6326,-55.2163
SJNX,-18.4081,-52.6303
SJNY,-12.5496,-37.9908
SJNZ,-13.2584,-58.728
SJOA,-23.1789,-45.4714
SJOC,-21.1108,-48.9645
SJOE,-23.2467,-47.4248
SJOG,-9.8804,-63.0471
SJOH,-2.1867,-56.0903
SJOJ,-4.8707,-47.3904
SJOL,-23.5081,-46.8361
SJOO,-14.1342,-59.8197
SJOP,-19.6505,-43.2529
SJOQ,-22.4678,-46.7175
SJOT,-27.1056,-48.9342
SJOU,-14.4628,-54.0346
SJOV,-24.1486,-48.3442
SJOW,-20.9817,-50.5269
SJOX,-12.825,-46.245
SJOY,-25.4007,-49.8003
SJOZ,-23.5886,-46.6827
SJPB,-23.7875,-46.7817
SJPD,-8.2561,-35.7725
SJPE,-23.735,-45.3431
SJPF,-25.5158,-54.5725
SJPI,-15.4176,-48.6348
SJPJ,-23.1714,-46.9003
SJPM,-22.8667,-43.1233
SJPO,-9.588,-37.7778
SJPP,-9.8569,-56.0044
SJPQ,-16.3197,-47.2253
SJPV,-12.9701,-56.1846
SJPW,-12.9019,-56.3719
SJPX,-15.4153,-54.3722
SJPZ,-3.1161,-45.0128
SJQA,-13.2018,-46.2397
SJQC,-23.9683,-46.1872
SJQE,-25.4077,-49.0505
SJQF,-13.3556,-57.755
SJQG,-25.5025,-49.28
SJQI,-17.3588,-56.7737
SJQK,2.6956,-60.8142
SJQL,-19.3221,-47.5556
SJQM,-3.651,-45.2029
SJQN,-18.4461,-50.4092
SJQP,-12.8016,-50.6283
SJQQ,-2.865,-50.9928
SJQR,-21.1423,-50.9008
SJQT,-20.1691,-43.9275
SJQW,-28.1811,-53.2167
SJQX,-3.5234,-53.3939
SJQY,-3.9442,-63.1636
SJRB,-10.1131,-52.505
SJRC,-14.8272,-59.6881
SJRD,-23.0406,-44.3922
SJRE,-23.0503,-47.3902
SJRF,-23.2936,-45.9764
SJRG,-32.0831,-52.1672
SJRH,-15.3081,-54.5997
SJRI,-8.4064,-45.4414
SJRK,-9.2322,-50.9303
SJRM,-23.665,-46.5203
SJRN,-30.0314,-51.1767
SJRO,-20.5306,-50.635
SJRP,-20.1325,-56.3711
SJRQ,-23.5339,-46.6883
SJRR,-17.0542,-50.9283
SJRS,-21.3436,-51.4033
SJRV,-13.3861,-57.6156
SJRW,-19.3416,-52.6902
SJRX,-24.0344,-46.4937
SJRY,-23.5359,-46.6186
SJRZ,-23.6046,-46.694
SJSA,-22.7897,-54.5978
SJSD,-21.0712,-55.1232
SJSE,-6.3197,-55.795
SJSG,-8.9781,-36.0703
SJSH,-27.3721,-48.6145
SJSL,-23.3509,-53.4996
SJSN,-14.8367,-49.3614
SJSO,-12.9687,-56.3212
SJSR,-13.9922,-49.7631
SJSS,-12.5083,-55.6953
SJST,-25.6042,-49.2936
SJSU,-23.5616,-53.7951
SJSV,-20.2483,-46.1913
SJTB,-15.465,-55.6225
SJTD,-23.5906,-46.6844
SJTF,-13.0619,-62.2575
SJTH,-16.2495,-47.3708
SJTL,-22.9786,-51.5486
SJTM,-20.8878,-50.9883
SJTP,-12.7229,-56.5021
SJTS,-2.0728,-56.4889
SJTT,-13.2386,-49.7094
SJTU,-13.5828,-57.5594
SJTV,-23.6286,-46.7366
SJTX,-3.7314,-45.2733
SJTY,-23.5642,-46.6558
SJTZ,-4.3028,-47.5817
SJUA,-13.6215,-46.1379
SJUB,-15.1833,-60.2217
SJUE,-23.5347,-46.8747
SJUF,0.8561,-51.8883
SJUG,-23.0598,-46.653
SJUH,-19.2386,-47.4978
SJUI,-22.3828,-47.0088
SJUJ,-13.4407,-59.2568
SJUL,-22.8778,-49.0378
SJUN,-29.1647,-51.2008
SJUQ,-19.7394,-52.6066
SJUR,-13.4835,-54.1037
SJUS,-15.0744,-51.1589
SJUT,-25.1954,-49.3193
SJUU,-14.0281,-46.8711
SJUW,-22.8578,-47.045
SJUX,-22.4764,-43.8517
SJUY,-22.4883,-41.9344
SJUZ,-22.9208,-46.7919
SJVA,-23.5974,-46.6854
SJVD,-17.8484,-45.2482
SJVE,-22.7433,-45.5442
SJVI,-27.1422,-48.592
SJVJ,-23.1261,-47.7093
SJVK,-31.0799,-51.8956
SJVL,-19.3593,-47.1295
SJVM,-9.8919,-56.1294
SJVO,-15.8994,-52.2411
SJVP,-0.7992,-60.0839
SJVR,-21.4919,-56.4872
SJVS,-18.7031,-49.6869
SJVT,-21.9107,-42.2667
SJVX,-3.7006,-47.7633
SJWE,-13.4047,-52.8483
SJWF,-21.6475,-41.0241
SJWG,-29.7799,-55.6962
SJWI,-21.5008,-53.7553
SJWJ,-23.6699,-46.7032
SJWK,-3.7409,-38.5093
SJWL,-13.5833,-53.982
SJWN,-23.5625,-49.2577
SJWP,-12.6215,-45.9286
SJWQ,-21.2166,-50.3056
SJWR,-23.0342,-44.2018
SJWS,-23.7667,-45.4055
SJWV,-13.3781,-50.4244
SJWW,-20.0214,-53.2161
SJWX,-22.5728,-52.5156
SJWY,-15.9117,-47.9718
SJWZ,-23.5938,-46.6904
SJXB,-15.762,-58.8041
SJXC,-16.1831,-39.3581
SJXD,-20.6403,-46.0036
SJXF,-3.2231,-39.2557
SJXG,-11.6628,-52.8612
SJXJ,-21.454,-54.389
SJXK,-23.5734,-46.6977
SJXL,-5.0578,-42.8159
SJXM,-21.73,-43.8919
SJXP,-23.6112,-46.6946
SJXQ,-21.2118,-47.8181
SJXR,-24.0099,-46.4176
SJXS,-16.1044,-39.3639
SJXT,-23.1211,-44.1928
SJXV,-22.9311,-55.0544
SJXX,-22.6765,-55.5437
SJXY,-23.004,-44.3019
SJYD,-11.9589,-61.6857
SJYE,4.6206,-60.2772
SJYF,2.0078,-61.4758
SJYG,2.765,-62.2214
SJYH,-8.7802,-50.969
SJYI,4.4439,-60.8472
SJYJ,3.1608,-63.7814
SJYK,1.0711,-62.2183
SJYL,2.7369,-62.0194
SJYM,3.8372,-60.6033
SJYN,-23.5021,-46.8409
SJYO,4.6328,-60.5856
SJYP,4.3211,-60.1939
SJYQ,4.3304,-60.2878
SJYR,4.7094,-60.5109
SJYS,3.9907,-60.182
SJYT,4.7179,-60.771
SJYU,4.6856,-60.8003
SJYV,-24.5172,-48.8502
SJYW,-10.3192,-50.9494
SJYX,-25.5719,-53.1231
SJZB,-10.6822,-58.645
SJZC,-8.7788,-35.7862
SJZD,-17.8599,-56.7058
SJZF,-20.6293,-52.0281
SJZH,-10.8874,-55.0011
SJZI,-23.9583,-46.3308
SJZJ,-22.6981,-45.5296
SJZK,-22.9602,-43.406
SJZL,-23.5912,-46.691
SJZN,-16.2417,-39.0092
SJZP,-9.8378,-55.4659
SJZS,-7.54,-44.8225
SJZT,-13.2424,-43.7378
SJZU,-23.584,-46.6838
SJZV,-23.2989,-47.2956
SJZW,-23.2882,-48.7376
SJZY,-23.5005,-46.8486
SJZZ,-15.014,-53.9335
SKAC,-0.6009,-72.398
SKAD,8.4978,-77.2741
SKAG,8.247,-73.5814
SKAM,6.895,-75.0473
SKAP,4.0761,-73.5627
SKAR,4.4528,-75.7664
SKAS,0.5052,-76.5008
SKAT,7.0211,-71.3889
SKBC,9.0455,-73.9749
SKBE,9.6628,-73.2744
SKBG,7.1265,-73.1848
SKBM,3.4907,-69.8082
SKBN,10.8879,-72.9004
SKBO,4.7016,-74.1469
SKBQ,10.8896,-74.7808
SKBR,8.8853,-75.6822
SKBS,6.2029,-77.3947
SKBU,3.8196,-76.9898
SKCA,8.6322,-77.3503
SKCB,9.6842,-75.1261
SKCC,7.9276,-72.5115
SKCD,5.072,-76.6764
SKCG,10.4424,-75.513
SKCH,1.35,-74.84
SKCI,4.5642,-71.3364
SKCL,3.5427,-76.3819
SKCM,6.3675,-73.9707
SKCN,6.3164,-70.2114
SKCO,1.8144,-78.7492
SKCP,6.6948,-77.4936
SKCR,1.0138,-71.2973
SKCU,7.9685,-75.1985
SKCV,9.4009,-75.6913
SKCZ,9.3327,-75.2856
SKEB,7.5965,-74.8089
SKEH,2.4494,-78.0942
SKEJ,7.0243,-73.8068
SKFL,1.5892,-75.5644
SKFR,5.5275,-74.1869
SKFU,10.5333,-74.2
SKGA,4.5505,-70.9254
SKGB,3.459,-76.4966
SKGI,4.2762,-74.7967
SKGO,4.7582,-75.9557
SKGP,2.5701,-77.898
SKGY,4.8123,-74.0649
SKGZ,2.1464,-75.6944
SKHA,3.7243,-75.4658
SKHC,6.1533,-71.762
SKIB,4.4216,-75.1333
SKIG,7.6776,-76.6832
SKIM,5.4776,-70.4212
SKIO,9.2688,-74.6523
SKIP,0.8619,-77.6718
SKJC,3.934,-77.3615
SKJU,7.0718,-77.7271
SKLA,6.7047,-72.7303
SKLC,7.812,-76.7164
SKLG,-0.1823,-74.7708
SKLM,11.2325,-72.4901
SKLP,-1.3249,-69.5813
SKLT,-4.1911,-69.942
SKMA,4.728,-74.2756
SKMB,2.7786,-77.668
SKMD,6.2197,-75.5906
SKME,4.2164,-74.635
SKMF,1.35,-71.9444
SKMG,9.2847,-74.8461
SKMJ,11.3899,-72.2392
SKML,7.9717,-75.4325
SKMN,4.8333,-72.2667
SKMP,9.2583,-74.4384
SKMR,8.8237,-75.8258
SKMU,1.2537,-70.2339
SKMZ,5.0296,-75.4647
SKNA,2.1757,-73.7867
SKNC,8.4544,-76.7793
SKNQ,5.7103,-77.2619
SKNV,2.9501,-75.294
SKOC,8.3151,-73.3583
SKOE,4.7904,-71.3482
SKOL,4.0899,-72.9765
SKOR,0.6694,-76.88
SKOT,7.0105,-74.7154
SKPA,5.7645,-73.1054
SKPB,12.2215,-71.9848
SKPC,6.1847,-67.4932
SKPD,3.8535,-67.9062
SKPE,4.8127,-75.7395
SKPG,4.3044,-72.0844
SKPI,1.8578,-76.0857
SKPL,9.8,-74.7833
SKPN,6.21,-74.5906
SKPP,2.4544,-76.6093
SKPQ,5.4836,-74.6574
SKPR,6.4603,-74.4105
SKPS,1.3967,-77.2909
SKPV,13.3575,-81.358
SKPZ,5.8761,-71.8867
SKQU,5.2126,-74.8836
SKRA,-2.8958,-69.7498
SKRG,6.1645,-75.4231
SKRH,11.5262,-72.926
SKRU,7.3832,-73.5054
SKSA,6.9519,-71.8572
SKSG,6.5844,-73.1283
SKSI,4.7321,-72.3232
SKSJ,2.5797,-72.6394
SKSL,5.1309,-70.8682
SKSM,11.1196,-74.2306
SKSO,5.6773,-72.9703
SKSP,12.5836,-81.7112
SKSR,8.69,-75.156
SKSV,2.1522,-74.7663
SKTA,5.0128,-72.7424
SKTB,8.6315,-72.7304
SKTD,5.4328,-71.6625
SKTI,4.2448,-74.6499
SKTJ,5.5414,-73.3445
SKTL,9.5094,-75.5854
SKTM,6.4511,-71.7603
SKTQ,0.7459,-75.234
SKTU,8.0719,-76.7401
SKUA,5.5245,-68.6856
SKUB,3.2375,-74.3472
SKUC,7.0689,-70.7369
SKUI,5.6908,-76.6412
SKUL,4.0884,-76.2351
SKUR,6.3288,-76.1425
SKVG,0.9788,-76.6056
SKVL,5.939,-74.457
SKVN,4.6247,-72.9469
SKVP,10.435,-73.2495
SKVV,4.1679,-73.6138
SKYA,1.5442,-73.9333
SKYP,5.3191,-72.384
SLAG,-19.827,-63.961
SLAL,-19.2468,-65.1496
SLAM,-17.8833,-66.1
SLAN,-14.4323,-65.7688
SLAP,-14.7356,-68.4119
SLAQ,-18.2154,-65.1878
SLAS,-15.9334,-63.1556
SLBB,-17.2573,-64.3667
SLBF,-11.7272,-66.9263
SLBH,-12.1333,-66.5333
SLBJ,-22.7733,-64.3129
SLBN,-13.6333,-65.2833
SLBR,-13.4167,-63.4833
SLBS,-14.2677,-64.299
SLBT,-13.9,-66.55
SLBV,-13.85,-66.3667
SLCA,-20.0066,-63.5278
SLCB,-17.4211,-66.1771
SLCC,-16.1911,-69.0956
SLCD,-20.0254,-63.0891
SLCE,-18.7974,-63.3016
SLCG,-19.7856,-63.1884
SLCI,-21.1364,-63.7528
SLCL,-18.8827,-66.7967
SLCM,-11.505,-67.6847
SLCN,-17.5947,-69.4331
SLCO,-11.0391,-68.7828
SLCP,-16.1427,-62.0266
SLCR,-17.9136,-64.5178
SLCS,-20.8083,-66.4011
SLCT,-13.5145,-64.9652
SLCU,-20.8333,-64.9667
SLCV,-12.5498,-66.9125
SLCX,-12.3778,-68.5677
SLCY,-17.565,-63.1747
SLDA,-17.5126,-63.537
SLDL,-17.4426,-62.2442
SLDN,-14.2736,-65.44
SLEA,-13.5699,-66.0718
SLEC,-13.7833,-66.4
SLEE,-21.467,-63.3528
SLEF,-13.8833,-65.7667
SLEH,-13.05,-65.0333
SLEI,-19.2999,-63.209
SLEK,-21.7008,-63.4568
SLEO,-14.3833,-65.85
SLEP,-14.604,-65.6352
SLER,-20.0167,-64.0333
SLES,-18.45,-66.9167
SLET,-17.8116,-63.1715
SLEV,-14.4983,-66.7629
SLEZ,-14.7667,-65.5333
SLFA,-15.3333,-66.8
SLFL,-14.6074,-61.1984
SLFO,-13.5548,-61.0041
SLFR,-15.6833,-65.5667
SLGM,-10.8886,-65.381
SLGP,-18.056,-63.1632
SLGQ,-18.5222,-60.6804
SLGY,-10.8203,-65.3465
SLHA,-13.5,-64.2
SLHC,-20.3908,-64.0154
SLHI,-16.9768,-65.1456
SLHJ,-13.6056,-63.8794
SLHS,-19.5948,-62.5657
SLHT,-21.3385,-63.479
SLIG,-13.4438,-66.506
SLIN,-15.5,-65.9167
SLIP,-18.1931,-63.8778
SLIR,-13.05,-63.6667
SLIT,-19.7775,-63.0878
SLIX,-13.76,-68.1368
SLIY,-17.7958,-67.4347
SLIZ,-18.6638,-63.0023
SLJA,-11.7728,-67.256
SLJE,-17.8308,-60.7431
SLJO,-13.0672,-64.6752
SLJS,-13.0833,-66.1667
SLJV,-16.2708,-62.4703
SLLB,-14.5167,-65.7667
SLLH,-14.0167,-63.5333
SLLI,-13.5738,-66.8357
SLLJ,-16.5339,-68.3006
SLLL,-14.2833,-66.7925
SLLP,-16.5103,-68.1894
SLLQ,-19.3333,-67.0833
SLLS,-19.6,-63.65
SLLZ,-15.3833,-65.75
SLMB,-13.7878,-68.3547
SLMD,-13.3833,-68.65
SLME,-20.398,-63.1405
SLMG,-13.2607,-64.0608
SLMM,-14.6085,-61.1918
SLMN,-11.7385,-68.3547
SLMX,-17.3333,-64.1667
SLMZ,-17.931,-65.3802
SLNL,-17.601,-62.3957
SLNO,-14.4333,-66.0667
SLNV,-14.0167,-65.8
SLOR,-17.9562,-67.0758
SLPA,-18.9717,-62.9753
SLPB,-21.3956,-63.7567
SLPF,-13.6288,-61.7387
SLPG,-14.1784,-65.3756
SLPI,-15.8085,-65.6195
SLPL,-19.2994,-64.2941
SLPM,-13.738,-66.4093
SLPN,-13.9873,-61.5457
SLPO,-19.5433,-65.7237
SLPR,-11.1077,-67.5512
SLPS,-18.9753,-57.8206
SLPW,-20.7547,-63.2094
SLPY,-18.3335,-63.1925
SLQN,-13.1833,-67.0
SLRA,-13.2639,-64.6039
SLRB,-18.3282,-59.7653
SLRF,-14.7627,-61.032
SLRH,-12.1667,-65.7833
SLRI,-11.0094,-66.0755
SLRL,-13.975,-65.625
SLRP,-18.6417,-67.5583
SLRQ,-14.4279,-67.4968
SLRR,-14.4833,-66.35
SLRS,-18.2008,-63.256
SLRT,-13.9333,-66.3333
SLRX,-18.2008,-58.17
SLRY,-14.3044,-67.3534
SLSA,-13.7622,-65.4352
SLSB,-14.8592,-66.7375
SLSD,-14.5611,-65.5272
SLSE,-16.285,-59.4952
SLSF,-17.2891,-62.304
SLSG,-13.9021,-66.1567
SLSH,-15.4947,-67.4424
SLSI,-16.3872,-60.9623
SLSJ,-19.5,-67.3333
SLSK,-17.1047,-63.6084
SLSM,-14.9658,-65.6338
SLSN,-21.65,-63.6
SLSP,-21.0735,-63.1095
SLSQ,-18.3458,-59.6048
SLSR,-14.0731,-66.7874
SLSS,-18.4754,-58.2767
SLSU,-19.0071,-65.2887
SLSV,-16.4012,-61.0452
SLTA,-20.3433,-63.1394
SLTC,-17.3604,-62.2796
SLTE,-15.4983,-67.8167
SLTG,-15.2278,-65.4501
SLTI,-16.3392,-58.4019
SLTJ,-21.5557,-64.7013
SLTL,-21.1756,-67.1667
SLTO,-17.7982,-68.0935
SLTR,-14.8187,-64.918
SLTU,-18.1958,-68.142
SLTW,-18.4664,-62.112
SLTX,-14.3167,-68.5833
SLTY,-13.8,-66.2333
SLTZ,-21.337,-65.6122
SLUC,-20.4805,-63.5282
SLUK,-17.9858,-68.3943
SLUP,-11.7616,-67.9586
SLUS,-14.3167,-66.1667
SLUU,-15.0333,-69.25
SLUY,-20.4413,-66.8576
SLVA,-17.321,-67.7532
SLVD,-15.8333,-67.0833
SLVE,-14.636,-66.7503
SLVG,-18.4825,-64.0994
SLVI,-15.75,-67.5667
SLVM,-21.2552,-63.4056
SLVN,-13.2658,-65.8758
SLVR,-17.6448,-63.1354
SLVT,-21.2667,-63.3583
SLVU,-20.9048,-63.1922
SLVV,-13.6443,-64.4408
SLVZ,-22.0536,-65.6392
SLYA,-21.9609,-63.6517
SLYG,-18.6545,-63.1328
SLYI,-17.0157,-64.0563
SLZB,-14.8667,-65.65
SLZC,-17.4278,-63.675
SLZF,-13.7486,-64.4537
SLZJ,-14.2167,-63.65
SLZV,-16.2737,-60.0907
SMAF,4.9985,-54.992
SMAN,3.6199,-54.1427
SMBG,4.7789,-56.7687
SMBN,5.5127,-54.0501
SMCA,3.8987,-55.5779
SMCB,4.8528,-55.5931
SMCI,3.3707,-57.346
SMCO,5.8658,-56.3275
SMCT,3.8522,-54.2282
SMDA,4.1114,-54.6728
SMDK,5.3504,-56.363
SMDO,4.3761,-55.4071
SMDU,2.5235,-56.3247
SMGA,4.4542,-54.4458
SMGH,4.0583,-54.7861
SMGR,5.0917,-55.2492
SMHA,5.8319,-55.6369
SMHP,5.8589,-55.1931
SMJA,5.8264,-55.3375
SMJP,5.4528,-55.1878
SMKA,4.4066,-57.2237
SMKE,3.0943,-56.4727
SMLA,3.4105,-54.0283
SMLI,4.2681,-54.7431
SMLT,4.9961,-54.4417
SMMO,5.6076,-54.4003
SMNI,5.9554,-57.0406
SMOL,3.1042,-54.5431
SMPA,3.3461,-55.4437
SMPE,4.1264,-54.6236
SMPG,4.3979,-55.7934
SMPT,3.5028,-55.058
SMRA,4.7228,-56.2083
SMRN,4.8847,-56.9403
SMSI,2.0264,-56.1264
SMSK,4.3185,-54.9672
SMSM,2.3544,-56.7924
SMST,4.3514,-54.4181
SMTA,3.6799,-54.0851
SMTB,3.7876,-56.1495
SMTP,3.15,-55.717
SMVG,1.9625,-55.9292
SMVO,4.8257,-57.2824
SMWA,5.8413,-56.6732
SMWS,5.2153,-57.1853
SMZO,5.8112,-55.1923
SNAB,-7.5864,-40.5354
SNAC,-7.0338,-50.0914
SNAD,-3.3275,-46.7775
SNAE,-8.4078,-37.0883
SNAG,-18.6683,-48.1905
SNAI,-22.7425,-53.8032
SNAJ,-3.4195,-48.33
SNAK,-6.0776,-50.0742
SNAL,-9.7766,-36.629
SNAN,-28.0669,-53.8774
SNAO,-22.5132,-42.0529
SNAP,-15.7319,-43.3229
SNAQ,-23.1547,-46.7802
SNAR,-16.1656,-40.684
SNAS,-18.2224,-45.189
SNAU,-10.9015,-37.0829
SNAV,-9.5043,-40.37
SNAX,-22.6386,-50.456
SNBB,-11.9548,-45.7235
SNBC,-5.5025,-45.2158
SNBF,-13.3569,-52.7491
SNBG,-19.499,-41.0418
SNBH,-19.9815,-43.9449
SNBI,-4.2277,-44.82
SNBL,-16.5529,-46.7692
SNBM,-21.1261,-42.3944
SNBN,-2.8758,-50.4917
SNBQ,-23.554,-46.6585
SNBR,-12.0789,-45.009
SNBS,-7.5253,-46.0534
SNBT,-7.2169,-44.5506
SNBU,-19.3594,-44.0568
SNBX,-11.0808,-43.1475
SNBZ,-13.4906,-42.2292
SNCA,-20.8923,-45.3351
SNCB,-2.5236,-53.9397
SNCD,-7.6906,-34.8758
SNCE,-21.1061,-45.8047
SNCH,-23.6576,-45.4981
SNCI,-1.231,-47.2006
SNCJ,-2.5437,-54.711
SNCL,-13.3894,-38.91
SNCM,-4.0236,-38.2089
SNCN,-15.7959,-47.8936
SNCO,-23.517,-55.0632
SNCP,-27.6341,-50.3583
SNCR,-19.9631,-43.9556
SNCS,-7.0517,-40.3583
SNCT,-19.7253,-42.1121
SNCV,-19.5515,-49.4974
SNCW,-2.373,-44.3964
SNCX,-19.4875,-40.5794
SNCY,-10.2226,-36.2854
SNCZ,-20.4033,-42.9165
SNDA,-15.3819,-58.6497
SNDC,-8.0312,-49.9797
SNDD,-3.6924,-45.269
SNDE,-22.9087,-43.1802
SNDH,-12.1629,-45.0337
SNDK,-23.5581,-46.6186
SNDL,-3.3458,-39.1262
SNDM,-23.4404,-46.4352
SNDN,-12.944,-38.4258
SNDO,-16.7114,-47.0153
SNDQ,-12.9211,-45.5694
SNDR,-5.0798,-42.8737
SNDT,-18.232,-43.6504
SNDU,-20.6383,-45.9981
SNDV,-20.1807,-44.8709
SNDX,-10.04,-36.3264
SNEB,-3.0198,-47.3165
SNEC,-16.713,-39.1424
SNED,-15.667,-38.9547
SNEE,-28.4325,-51.0233
SNEF,-23.1908,-44.6456
SNEG,-14.6501,-57.8887
SNEI,-30.175,-52.1695
SNEO,-16.4389,-49.1995
SNEQ,-22.9128,-43.2228
SNET,-21.2739,-55.216
SNEU,-10.5273,-39.0327
SNEV,-26.8809,-49.1388
SNEW,-19.6626,-50.9502
SNEZ,-15.9603,-50.7148
SNFA,-16.716,-46.5211
SNFB,-14.7733,-59.0474
SNFE,-21.4314,-45.9321
SNFF,-3.8099,-38.6146
SNFG,-1.8404,-47.1842
SNFH,-22.5591,-55.3811
SNFI,-18.3875,-48.8617
SNFJ,-9.0628,-56.5933
SNFN,-20.94,-47.87
SNFO,-20.3953,-45.4836
SNFP,-12.1814,-55.7886
SNFQ,-22.1475,-45.7636
SNFT,-13.8344,-38.9894
SNFU,-20.0028,-48.9584
SNFW,-8.3915,-42.2471
SNFX,-6.6413,-51.9523
SNFZ,-17.4058,-43.9399
SNGA,-20.6465,-40.4919
SNGB,-9.8309,-45.3685
SNGD,-6.7822,-43.5822
SNGE,-8.0667,-34.9019
SNGF,-8.1914,-35.5047
SNGG,-9.0573,-44.3711
SNGI,-14.2082,-42.7461
SNGK,-19.0483,-48.9722
SNGL,-23.1819,-47.5594
SNGM,-5.5599,-50.9653
SNGN,-8.8343,-36.4716
SNGP,-18.5869,-48.8692
SNGR,-7.7836,-51.1339
SNGS,-9.5849,-35.7528
SNGT,-11.4417,-42.5182
SNGX,-21.3258,-46.7308
SNGY,-23.0683,-46.8267
SNGZ,-23.3403,-46.845
SNHA,-2.485,-44.2512
SNHB,-3.4003,-39.0003
SNHC,-23.6572,-45.44
SNHD,-19.0775,-48.1303
SNHE,-19.3058,-48.1933
SNHF,-15.7741,-47.817
SNHG,-12.3414,-49.6211
SNHH,-22.4267,-45.4781
SNHI,-5.1275,-36.3844
SNHJ,-21.095,-49.9147
SNHM,-13.0077,-38.5307
SNHN,-19.8911,-44.0533
SNHR,-19.3642,-47.3595
SNHS,-8.0614,-38.3289
SNHT,-21.7803,-46.5961
SNHU,-4.57,-47.47
SNHV,-23.3889,-46.4095
SNHW,-4.3222,-46.2283
SNHY,-8.0669,-34.895
SNHZ,-3.0928,-60.0602
SNIB,-12.5,-40.2699
SNIC,-11.3399,-41.847
SNID,-23.5561,-46.6678
SNIE,-14.0123,-42.494
SNIF,-5.7172,-56.4361
SNIG,-6.3463,-39.2944
SNIJ,-8.3632,-35.0089
SNIM,-27.1759,-51.5162
SNIN,-1.7841,-53.4899
SNIO,-11.1253,-38.4869
SNIP,-15.2445,-40.2772
SNIQ,-17.1777,-46.879
SNIR,-5.7428,-43.5989
SNIS,-5.1969,-43.5978
SNIT,-12.1686,-43.2221
SNIU,-14.1735,-39.684
SNIV,-18.6468,-49.8854
SNIW,-21.4793,-55.3306
SNIX,-13.5533,-59.1003
SNIZ,-12.8825,-60.1194
SNJA,-30.1346,-50.5114
SNJB,-11.1632,-40.5531
SNJD,-18.4311,-52.6584
SNJE,-14.7953,-46.005
SNJF,-12.6474,-43.5188
SNJI,-17.1868,-44.6495
SNJJ,-20.7153,-55.3797
SNJK,-13.8777,-40.0716
SNJM,-20.2597,-42.1839
SNJN,-15.4738,-44.3855
SNJP,-17.7875,-46.12
SNJQ,-16.4419,-41.0369
SNJR,-21.0856,-44.2253
SNJU,-10.813,-52.7465
SNJV,-15.9983,-43.7383
SNJX,-21.7811,-43.3648
SNJZ,-7.0909,-52.9358
SNKA,-23.2539,-48.9075
SNKB,-7.1783,-35.9903
SNKC,-14.1728,-44.5467
SNKD,-19.0203,-43.4339
SNKE,-18.5819,-45.3214
SNKF,-20.7386,-43.7974
SNKH,-8.1169,-57.1172
SNKI,-20.8343,-41.1856
SNKJ,-8.3348,-51.4467
SNKK,-6.4392,-37.0783
SNKN,-6.2808,-36.5403
SNKO,-11.9994,-42.6349
SNKP,-22.3852,-52.1109
SNKR,-10.4519,-45.1364
SNKS,-10.9893,-44.5157
SNKU,-9.9031,-39.0328
SNKV,1.0428,-50.5167
SNKY,-3.6573,-48.8235
SNLA,-6.5675,-49.7194
SNLB,-9.2031,-65.7085
SNLG,-19.3986,-43.7464
SNLI,-19.1556,-45.4948
SNLL,-8.58,-35.0397
SNLN,-19.3552,-40.0713
SNLO,-22.0909,-45.0445
SNLQ,-14.0658,-50.4159
SNLR,-23.5308,-46.5719
SNLT,-8.1664,-41.1539
SNLU,-10.8382,-37.196
SNLY,-20.0614,-45.5549
SNLZ,-9.4319,-49.5911
SNMA,-1.9958,-54.0742
SNMC,-13.025,-42.6723
SNMD,-6.8377,-56.8432
SNME,-12.4904,-38.0237
SNMF,-21.3506,-46.2506
SNMG,-3.7667,-38.4908
SNMI,-9.83,-39.8867
SNMJ,-13.4333,-40.4333
SNMK,-15.093,-43.9791
SNML,-9.5442,-35.8249
SNMN,-17.2639,-42.5392
SNMP,-17.3243,-46.5441
SNMQ,-26.317,-48.8662
SNMR,-14.1434,-39.0066
SNMT,-23.9165,-45.4555
SNMU,-18.0489,-39.8643
SNMV,-18.3472,-53.7517
SNMX,-18.7213,-39.8337
SNMY,-23.4851,-46.8569
SNMZ,-1.7413,-52.236
SNNB,-17.1738,-46.3017
SNNC,-2.8203,-47.8931
SNNE,-21.5422,-43.0211
SNNF,-5.0336,-42.7056
SNNJ,-14.2185,-46.8391
SNNM,-25.5685,-51.4952
SNNN,-15.9898,-45.9978
SNNO,-14.0589,-59.8501
SNNP,-8.0669,-52.1672
SNNU,-17.8232,-40.3297
SNNX,-12.8275,-61.3547
SNOC,-11.5333,-41.1801
SNOD,-11.4219,-37.3238
SNOE,-7.0183,-42.1672
SNOF,-22.2972,-46.3924
SNOG,-5.6614,-35.4136
SNOI,-10.4345,-58.1631
SNOK,-2.3324,-47.6562
SNOL,-9.9696,-56.2168
SNOM,-15.0067,-60.2207
SNON,-22.9397,-47.0709
SNOQ,-23.5994,-55.1455
SNOS,-20.7318,-46.662
SNOT,-14.0139,-59.8815
SNOU,-8.1412,-70.3408
SNOV,-10.122,-36.292
SNOW,-21.983,-50.9722
SNOX,-1.7141,-55.8362
SNOZ,-2.521,-44.1213
SNPA,-19.8426,-44.6012
SNPC,-7.0614,-41.5259
SNPD,-18.6727,-46.4913
SNPI,-13.1656,-41.7719
SNPJ,-18.9094,-46.9827
SNPK,-26.8216,-49.1467
SNPL,-21.2564,-51.7289
SNPN,-21.0303,-50.9258
SNPO,-19.2033,-45.0233
SNPP,-13.4288,-38.9137
SNPQ,-8.3748,-36.6378
SNPR,-8.1997,-35.6161
SNPS,-15.2601,-46.7624
SNPU,-21.5592,-45.7517
SNPV,-30.6925,-50.5571
SNPX,-17.3169,-44.8603
SNPY,-20.9482,-46.9832
SNPZ,-16.0672,-41.1672
SNQA,-2.6406,-47.8622
SNQC,-23.5611,-46.6508
SNQD,-6.7854,-38.2334
SNQE,-6.0689,-49.84
SNQG,-6.8464,-43.0773
SNQH,-23.7151,-46.567
SNQI,-14.1181,-57.3411
SNQK,-8.4372,-34.9833
SNQM,-10.9883,-39.6206
SNQN,-13.1556,-52.5697
SNQP,-20.5675,-50.2303
SNQR,-16.7278,-57.2333
SNQS,-22.3044,-54.0306
SNQT,-23.7958,-53.4797
SNQU,-13.0312,-41.4441
SNQV,-18.75,-44.4584
SNQW,-7.5647,-57.7399
SNQX,-4.979,-38.9876
SNQY,-21.2293,-47.7956
SNRA,-14.6556,-48.5865
SNRB,-4.3162,-56.1085
SNRC,-25.5079,-49.3322
SNRD,-17.297,-39.2711
SNRE,-12.6827,-43.8715
SNRF,-23.1758,-46.9386
SNRG,-22.9553,-43.1911
SNRI,-23.7981,-46.0562
SNRL,-22.759,-47.3246
SNRM,-9.58,-42.1159
SNRN,-21.8089,-49.9711
SNRP,-19.2125,-46.2406
SNRQ,-6.1042,-57.3794
SNRR,-4.1515,-50.1639
SNRU,-8.2824,-36.0135
SNRV,-6.8828,-49.4639
SNRX,-7.3503,-46.6339
SNRY,-19.9725,-43.9347
SNRZ,-20.7146,-44.8653
SNSC,-19.8931,-47.4222
SNSD,-12.9166,-45.7225
SNSE,-9.7576,-41.8547
SNSF,-21.3586,-57.1012
SNSG,-8.0472,-39.1364
SNSH,-2.5745,-54.7344
SNSI,-18.1986,-42.4661
SNSJ,-13.5297,-58.5733
SNSK,-22.273,-45.64
SNSL,0.3385,-53.818
SNSM,-0.6961,-47.3361
SNSO,-18.6085,-43.4241
SNSQ,-23.6103,-46.6964
SNSR,-17.5479,-46.9787
SNSS,-16.2083,-42.322
SNST,-12.0973,-41.6407
SNSU,-6.8823,-49.1577
SNSW,-0.6978,-48.5198
SNSX,-20.3573,-51.2553
SNTA,-21.8686,-50.1164
SNTD,-16.5862,-46.5011
SNTE,-23.3428,-47.3061
SNTF,-17.5244,-39.6685
SNTH,-3.2117,-45.0333
SNTI,-1.868,-55.5146
SNTK,-18.7187,-47.4852
SNTL,-4.8576,-40.3747
SNTM,-17.2339,-42.7339
SNTN,-23.4848,-46.856
SNTO,-17.8923,-41.5136
SNTP,-2.5253,-48.7519
SNTQ,-10.7242,-43.6547
SNTR,-11.7381,-40.5695
SNTS,-7.039,-37.2516
SNTY,-13.38,-44.6221
SNUA,-25.3921,-54.4098
SNUB,-21.121,-42.8819
SNUC,-5.595,-36.9609
SNUE,-30.1854,-53.64
SNUG,-14.9556,-59.6228
SNUH,-20.4386,-45.9928
SNUI,-16.8516,-42.0456
SNUN,-16.3565,-46.9277
SNUO,-22.902,-43.1828
SNUP,-9.8028,-36.2225
SNUQ,-23.574,-46.6553
SNUR,-3.7537,-38.4906
SNUS,-19.9413,-47.7714
SNUT,-12.1055,-41.0745
SNUX,-21.4105,-53.3085
SNUZ,-10.0941,-36.1864
SNVA,-7.9875,-50.6317
SNVB,-13.2965,-38.9924
SNVC,-20.7447,-42.8419
SNVD,-13.4049,-44.2229
SNVE,-22.2709,-43.1409
SNVF,-22.8996,-43.2237
SNVH,-16.1686,-58.1383
SNVI,-21.7891,-45.2682
SNVN,-21.3051,-50.757
SNVO,-19.9705,-50.97
SNVR,-13.0241,-38.6657
SNVS,-1.6365,-50.4436
SNVT,-23.6156,-46.5469
SNVU,-20.4326,-46.8597
SNVV,-11.4118,-39.441
SNVW,-14.0169,-60.0567
SNVX,-27.5424,-48.6246
SNVY,-23.9769,-55.3653
SNWC,-2.8956,-40.8593
SNWD,-23.4303,-54.6083
SNWF,-22.4381,-55.2317
SNWG,-23.5822,-54.0489
SNWH,-22.963,-53.5458
SNWI,-14.0689,-60.0092
SNWJ,-15.2081,-58.6247
SNWK,-16.6744,-54.2664
SNWM,-20.3875,-51.1976
SNWN,-16.6707,-54.3916
SNWO,-23.0178,-54.6244
SNWQ,-29.3301,-54.3364
SNWR,-2.6366,-51.8271
SNWS,-5.2114,-40.7042
SNWU,-23.0055,-55.5093
SNWV,-19.7255,-44.3953
SNWW,-23.5905,-46.2586
SNWY,-20.3218,-40.3532
SNXB,-21.9171,-44.9682
SNXC,-19.9539,-44.0724
SNXE,0.9933,-51.1208
SNXF,-17.8929,-56.997
SNXG,-6.7748,-49.3611
SNXH,-4.5138,-44.0215
SNXJ,-23.5892,-46.6756
SNXK,-6.5369,-52.7692
SNXL,-12.6167,-52.1539
SNXQ,-10.8341,-42.6834
SNXR,-7.3899,-56.5205
SNXT,-17.1815,-56.0219
SNXV,-18.7582,-45.1076
SNXX,-5.3841,-35.5284
SNXY,-2.6949,-50.526
SNYA,-1.4795,-52.5782
SNYB,-19.0024,-49.4874
SNYE,-2.4774,-45.105
SNYF,-8.5099,-46.0748
SNYG,-3.8324,-38.4733
SNYH,-8.7006,-51.1727
SNYI,-16.6119,-47.296
SNYJ,-6.1354,-57.4015
SNYK,-3.6239,-38.733
SNYP,-1.3178,-48.2987
SNYR,-5.942,-56.5527
SNYS,-18.2226,-45.9955
SNYT,-13.8283,-41.3023
SNYU,-19.718,-50.2202
SNYV,-2.119,-48.6429
SNYW,-2.1094,-44.6511
SNZA,-22.2892,-45.9191
SNZC,-23.3336,-54.5085
SNZE,-3.169,-52.1902
SNZG,-23.8612,-48.2367
SNZH,-9.0092,-46.1362
SNZI,-23.0599,-47.16
SNZJ,-21.805,-48.1736
SNZK,-15.0243,-44.0391
SNZM,-8.0898,-34.8819
SNZN,-23.8394,-55.185
SNZO,-5.2971,-35.5367
SNZR,-17.2426,-46.8831
SNZT,-3.5044,-48.3331
SNZU,-2.8559,-48.2317
SNZV,-3.7226,-47.4777
SNZW,-13.7316,-39.1404
SNZX,-3.7882,-38.4794
SNZZ,-9.9681,-36.1989
SOCA,4.82,-52.3613
SOGS,4.2858,-54.3731
SOML,-7.6333,-78.65
SOOA,3.6559,-54.0394
SOOG,3.8976,-51.8041
SOOM,5.4819,-54.035
SOOR,4.3134,-52.1327
SOOS,3.6136,-53.2042
SOOY,5.3735,-52.9456
SPAA,-9.0514,-77.8101
SPAB,-5.2568,-79.4429
SPAC,-4.6075,-77.9409
SPAG,-9.0374,-75.5092
SPAI,-8.3495,-77.3985
SPAL,-6.5,-76.7167
SPAP,-6.9095,-76.3291
SPAR,-11.6502,-69.2296
SPAS,-2.7961,-76.4666
SPAT,-8.8333,-74.6833
SPAY,-10.7291,-73.7665
SPBB,-6.0189,-76.9883
SPBC,-3.9169,-70.5082
SPBL,-10.0296,-73.9434
SPBQ,-15.45,-74.7442
SPBR,-11.4116,-69.4887
SPBS,-5.2884,-76.2921
SPBT,-10.7551,-74.2217
SPCC,-9.8653,-75.0089
SPCG,-7.7439,-79.1864
SPCH,-8.1954,-76.5302
SPCI,-17.6154,-71.3309
SPCL,-8.3781,-74.5745
SPCM,-7.3358,-74.9925
SPCP,-6.8435,-76.3396
SPCR,-15.5,-74.6667
SPCT,-6.55,-78.65
SPDN,-5.1371,-72.8679
SPDO,-17.0454,-71.9837
SPDR,-3.806,-75.0393
SPDS,-17.0708,-70.7708
SPDU,-9.6646,-75.2853
SPEB,-3.3333,-71.8167
SPEE,-2.4541,-72.6706
SPEN,-10.183,-75.15
SPEO,-9.1496,-78.5238
SPEP,-9.7681,-70.7065
SPEQ,-17.179,-70.9308
SPEZ,-10.2992,-74.9372
SPGB,-4.0319,-77.7588
SPGL,-7.7976,-77.6512
SPGM,-9.2897,-76.0051
SPGP,-0.1191,-75.2479
SPGS,-6.9,-78.6333
SPGT,-9.9026,-74.9641
SPGU,-5.6347,-78.5306
SPHC,-15.807,-74.287
SPHI,-6.7892,-79.8283
SPHO,-13.1548,-74.2044
SPHV,-9.9263,-76.2339
SPHY,-13.7064,-73.3504
SPHZ,-9.3474,-77.5984
SPIL,-13.2314,-70.7515
SPIM,-12.0219,-77.1143
SPIN,-10.979,-69.5594
SPIR,-12.9663,-71.4299
SPIS,-7.9206,-77.5252
SPIT,-5.0859,-81.1528
SPIY,-14.7961,-71.4318
SPIZ,-8.467,-76.35
SPJA,-6.0679,-77.16
SPJB,-7.6145,-78.0616
SPJE,-5.5925,-78.774
SPJI,-7.1691,-76.7286
SPJJ,-11.7831,-75.4734
SPJL,-15.4677,-70.1565
SPJN,-15.3575,-75.135
SPJR,-7.1392,-78.4894
SPLA,-12.6738,-73.7103
SPLC,-16.7915,-71.8866
SPLD,-6.8676,-78.1499
SPLG,-12.6416,-69.8375
SPLN,-6.3923,-77.5012
SPLO,-17.695,-71.344
SPLP,-12.1607,-76.9989
SPLS,-8.417,-75.133
SPLX,-12.3887,-76.7583
SPME,-3.5521,-80.3811
SPMF,-11.3254,-74.5356
SPMS,-5.8938,-76.1182
SPNC,-9.8788,-76.2048
SPNH,-13.1657,-75.072
SPNM,-11.5415,-73.1422
SPNP,-15.8513,-70.0587
SPNR,-10.778,-76.2513
SPNT,-3.583,-74.75
SPNU,-12.2897,-70.8902
SPOA,-6.96,-76.7684
SPON,-6.8967,-75.1532
SPOR,-15.3152,-72.3521
SPOV,-11.9,-69.167
SPOY,-16.2328,-73.6057
SPPB,-9.5331,-72.7569
SPPE,-12.7639,-73.6528
SPPH,-7.2068,-75.2976
SPPL,-8.5178,-76.4805
SPPN,-8.3437,-76.4894
SPPO,-10.0701,-75.55
SPPP,-14.1433,-72.3345
SPPY,-6.2019,-77.8562
SPPZ,-9.8958,-75.1178
SPQI,-12.6487,-73.0366
SPQJ,-15.4667,-74.4333
SPQR,-7.9667,-78.2
SPQT,-3.7847,-73.3088
SPQU,-16.3408,-71.5695
SPRF,-14.282,-70.3799
SPRG,-13.5113,-76.084
SPRL,-12.3167,-75.0667
SPRM,-11.1286,-75.3505
SPRR,-13.2228,-76.2693
SPRU,-8.0824,-79.1088
SPSA,-9.4502,-78.2943
SPSE,-11.1423,-73.0343
SPSF,-6.6167,-77.7667
SPSI,-16.367,-72.167
SPSJ,-6.6165,-76.6884
SPSL,-6.4167,-76.5333
SPSN,-6.5797,-76.2628
SPSO,-13.7449,-76.2203
SPSS,-8.6114,-74.31
SPST,-6.5087,-76.3732
SPSY,-11.898,-69.0625
SPTA,-4.5419,-73.563
SPTE,-12.533,-73.8
SPTI,-9.383,-74.967
SPTN,-18.0533,-70.2758
SPTO,-8.1272,-77.988
SPTP,-4.5498,-81.2241
SPTQ,-17.2995,-70.6528
SPTR,-8.9224,-74.7152
SPTU,-12.6136,-69.2286
SPUC,-7.8181,-78.0283
SPUR,-5.2058,-80.6164
SPVA,-5.6726,-78.6443
SPVI,-10.8478,-76.247
SPVL,-15.779,-73.3618
SPVN,-13.6782,-73.927
SPVR,-16.4292,-71.8378
SPYA,-6.6917,-79.7017
SPYC,-8.3404,-74.5979
SPYL,-4.5766,-81.2541
SPYO,-7.4069,-79.5689
SPYU,-15.6189,-74.5361
SPZA,-14.854,-74.9615
SPZH,-7.2993,-76.7746
SPZO,-13.5357,-71.9388
SPZT,-6.5742,-76.1367
SQAB,7.8206,-73.5722
SQED,6.9823,-70.8809
SQIR,10.7126,-75.2648
SQKS,10.8832,-75.0321
SQPU,5.4086,-71.8696
SSAA,-19.9218,-43.9196
SSAB,-23.7622,-50.263
SSAD,-18.764,-52.9176
SSAE,-32.2292,-53.0555
SSAF,-25.3697,-54.4705
SSAG,-19.7117,-52.7269
SSAH,-11.5275,-51.2236
SSAI,-14.1053,-46.7976
SSAK,-28.6579,-53.6101
SSAL,-30.0283,-51.2041
SSAN,-23.0273,-50.2271
SSAO,-12.0095,-40.2744
SSAP,-23.6091,-51.3843
SSAQ,-28.2506,-52.5167
SSAR,-21.5031,-53.9675
SSAS,-22.9118,-43.1762
SSAU,-30.746,-51.4305
SSAV,-21.6899,-57.4751
SSAY,-20.4862,-54.4834
SSAZ,-25.3766,-49.0848
SSBC,-20.7261,-51.5886
SSBF,-20.0021,-51.3835
SSBG,-29.1474,-51.5408
SSBI,-11.8515,-46.3023
SSBK,-17.5838,-54.6412
SSBL,-26.8317,-49.0936
SSBN,-30.189,-51.1821
SSBP,-25.4309,-49.3154
SSBQ,-21.7445,-52.4805
SSBR,-23.0728,-50.4231
SSBT,-22.3239,-53.0955
SSBU,-21.4547,-57.1465
SSBV,-22.0816,-56.5386
SSBW,-20.9149,-55.0169
SSBX,-18.4454,-54.7961
SSBY,-20.0995,-56.7939
SSCA,-18.7344,-52.6042
SSCB,-13.7697,-49.9345
SSCC,-27.5346,-48.5099
SSCD,-18.8391,-52.4881
SSCE,-31.3278,-54.1347
SSCF,-25.4264,-49.5242
SSCG,-23.0385,-44.1959
SSCH,-21.5985,-53.227
SSCI,-18.4777,-54.7147
SSCJ,-21.5454,-54.662
SSCK,-27.1805,-52.0518
SSCL,-19.1469,-51.6769
SSCM,-21.6141,-54.7956
SSCN,-29.3701,-50.8317
SSCO,-31.7751,-52.4519
SSCP,-23.1527,-50.6029
SSCQ,-29.9002,-54.9294
SSCR,-24.5127,-54.0547
SSCT,-23.6916,-52.6421
SSCU,-8.8689,-50.4813
SSCW,-18.0397,-56.0056
SSCX,-28.0951,-52.3357
SSCY,-25.4385,-49.4485
SSDA,-23.7414,-45.4042
SSDD,-29.9329,-51.1833
SSDG,-9.3359,-45.573
SSDI,-5.6598,-43.7057
SSDK,-20.076,-44.7279
SSDL,-8.0089,-45.3336
SSDO,-16.7538,-39.3164
SSDP,-14.464,-60.1749
SSDQ,-20.1807,-56.6347
SSDT,-7.9418,-50.1809
SSDV,-18.2098,-55.4655
SSDW,-12.9158,-55.5356
SSDX,-31.014,-51.7085
SSEB,-13.7729,-46.7722
SSEC,-21.219,-47.8045
SSED,-17.965,-54.4304
SSEE,-29.4531,-51.9341
SSEF,-21.32,-47.2316
SSEH,-17.953,-53.2469
SSEJ,-23.6261,-46.8456
SSEK,-20.0178,-53.2547
SSEN,-14.1212,-39.8293
SSEO,-20.7305,-53.5625
SSEP,-30.1822,-53.5794
SSEQ,-21.9233,-53.9408
SSER,-27.6636,-52.2715
SSEU,-7.2819,-56.5823
SSEV,-18.0891,-57.1309
SSEW,-23.1456,-48.3098
SSEX,-19.9682,-56.3113
SSEZ,-28.7387,-52.8572
SSFA,-25.9815,-51.6407
SSFB,-26.0594,-53.0638
SSFC,-31.0225,-54.6217
SSFD,-23.0027,-54.7006
SSFE,-25.4607,-54.5985
SSFG,-22.6615,-52.1421
SSFH,-19.7855,-47.8116
SSFJ,-20.811,-54.6181
SSFK,-19.9061,-57.7799
SSFL,-7.1001,-40.6284
SSFO,-20.0397,-56.3203
SSFR,-20.2787,-49.1876
SSFS,-13.3325,-58.7821
SSFX,-23.4571,-50.5801
SSFY,-25.4733,-54.5421
SSGA,-29.269,-51.5317
SSGB,-25.8816,-48.6118
SSGE,-20.5017,-51.8331
SSGF,-20.1982,-53.2238
SSGH,-20.0737,-56.0732
SSGJ,-17.2503,-56.2725
SSGL,-15.3994,-54.1811
SSGM,-21.6933,-56.5625
SSGN,-23.2361,-54.5402
SSGO,-19.4281,-54.5888
SSGT,-21.6957,-54.8159
SSGU,-23.1863,-53.3261
SSGV,-23.5567,-47.4778
SSGW,-24.2205,-53.0445
SSGX,-19.5694,-56.2453
SSGY,-24.0811,-54.1917
SSGZ,-22.8939,-53.8675
SSHA,-20.4808,-55.7694
SSHD,-22.0015,-54.9043
SSHE,-13.9065,-60.3225
SSHG,-22.3579,-55.7638
SSHH,-25.609,-54.4939
SSHK,-22.5897,-55.5694
SSHL,-23.575,-52.4083
SSHM,-30.0244,-51.2111
SSHN,-23.245,-51.8756
SSHO,-7.1261,-34.9469
SSHS,-25.6129,-54.4815
SSHT,-10.1305,-56.7186
SSHU,-19.4581,-56.0453
SSHV,-17.7245,-44.6159
SSHX,-23.923,-55.3
SSHZ,-27.6383,-54.3391
SSIA,-8.4279,-45.3102
SSIC,-22.3067,-54.8244
SSIE,-20.6041,-54.5955
SSIF,-23.5621,-54.0304
SSIH,-20.9469,-52.7217
SSIJ,-28.3687,-53.8466
SSIK,-23.4656,-46.8579
SSIN,-23.2168,-44.6332
SSIP,-21.1867,-57.0434
SSIQ,-29.172,-56.5383
SSIR,-28.6042,-53.0789
SSIS,-22.0478,-48.0972
SSIT,-28.702,-49.3031
SSIU,-30.1373,-52.3655
SSIW,-19.9802,-56.4357
SSIX,-22.6528,-53.5074
SSIZ,-23.0592,-47.0625
SSJA,-27.1715,-51.5533
SSJB,-18.8623,-54.3489
SSJC,-29.9835,-51.3016
SSJF,-25.3762,-49.2277
SSJG,-21.2164,-57.6814
SSJH,-22.1643,-53.5689
SSJI,-21.4931,-56.1526
SSJJ,-21.8056,-53.1288
SSJK,-29.1531,-53.7433
SSJM,-18.8425,-52.4994
SSJN,-22.9703,-46.6803
SSJO,-19.3764,-57.4528
SSJP,-22.895,-51.9292
SSJQ,-12.8067,-51.8738
SSJS,-26.5179,-49.1273
SSJV,-17.9388,-56.48
SSJW,-21.7825,-53.8922
SSJX,-19.4781,-57.0142
SSJY,-17.7075,-56.2172
SSJZ,-24.0522,-54.0071
SSKA,-18.9056,-56.3597
SSKB,-19.4744,-56.3772
SSKC,-19.2928,-52.0594
SSKE,-23.1212,-53.0785
SSKF,-23.3445,-53.8723
SSKG,-20.5053,-54.5255
SSKH,-22.9117,-55.5389
SSKI,-23.3407,-50.5852
SSKK,-29.7636,-50.0369
SSKM,-24.0092,-52.3568
SSKP,-24.3089,-53.8422
SSKQ,-14.5411,-50.4619
SSKR,-17.17,-50.82
SSKS,-30.0019,-52.9408
SSKT,-27.6117,-48.6728
SSKU,-27.2868,-50.6048
SSKW,-11.496,-61.4508
SSKX,-19.87,-50.6529
SSKY,-14.4736,-58.3553
SSKZ,-28.3225,-52.8162
SSLB,-19.0253,-55.9261
SSLD,-18.6439,-56.7594
SSLE,-20.5953,-51.6139
SSLG,-28.3764,-55.0375
SSLH,-23.652,-46.3148
SSLL,-22.2499,-55.9268
SSLM,-16.5487,-48.9415
SSLN,-27.16,-49.5425
SSLO,-22.9171,-53.149
SSLP,-21.9108,-57.6467
SSLQ,-22.7833,-55.0726
SSLR,-19.105,-57.5933
SSLT,-29.8116,-55.8947
SSLU,-21.5233,-56.6117
SSLX,-22.7013,-54.6083
SSLY,-22.9019,-47.0469
SSMB,-22.2829,-43.6282
SSMC,-22.0878,-53.52
SSME,-20.9766,-55.5657
SSMG,-23.9567,-46.3314
SSMH,-31.9294,-52.4636
SSMJ,-21.6339,-55.1449
SSMK,-30.0733,-51.4097
SSMM,-6.1037,-40.2845
SSMO,-19.3449,-52.7303
SSMP,-23.6733,-52.0104
SSMQ,-22.69,-46.6806
SSMR,-24.5296,-51.6517
SSMT,-31.1036,-50.9103
SSMU,-29.9469,-51.1053
SSMV,-22.0425,-47.56
SSMW,-24.3153,-47.0139
SSMX,-21.1427,-46.4839
SSMY,-25.3989,-54.2347
SSMZ,-13.9172,-59.9833
SSNA,-19.8965,-56.4273
SSNB,-23.0348,-54.1802
SSND,-11.16,-52.82
SSNF,-20.3297,-48.81
SSNG,-29.7194,-51.4894
SSNH,-29.6961,-51.0817
SSNI,-22.9853,-53.8769
SSNJ,-19.5075,-55.9053
SSNK,-16.8485,-54.0646
SSNM,-9.9623,-54.885
SSNP,-28.8025,-51.6042
SSNQ,-21.1847,-55.8303
SSNR,-18.3186,-54.9356
SSNS,-13.1831,-45.1047
SSNU,-22.2408,-48.025
SSNV,-19.2331,-57.0297
SSNW,-12.3028,-45.5139
SSNX,-22.2133,-47.7367
SSNY,-17.1836,-58.2167
SSOA,-23.5912,-46.6808
SSOD,-20.2478,-56.4153
SSOE,-26.7816,-53.5035
SSOG,-23.3526,-51.492
SSOI,-22.3072,-48.7719
SSOJ,-19.9792,-51.735
SSOK,-23.2146,-51.1836
SSOL,-21.2406,-44.9639
SSON,-23.7878,-55.0292
SSOQ,-19.5778,-56.1522
SSOR,-29.8177,-55.7146
SSOS,-29.9023,-50.2492
SSOT,-16.3469,-45.3492
SSOU,-10.1874,-59.4575
SSOY,-12.2906,-57.0194
SSOZ,-19.8696,-43.3953
SSPA,-11.9636,-49.0384
SSPB,-20.6519,-53.5989
SSPC,-13.7317,-51.34
SSPD,-14.7667,-60.0333
SSPE,-14.4356,-55.6094
SSPG,-25.5401,-48.5312
SSPH,-12.9286,-56.097
SSPI,-23.0899,-52.4885
SSPL,-27.9018,-53.3297
SSPM,-21.7096,-57.8802
SSPN,-19.6512,-51.1994
SSPO,-22.0092,-54.7897
SSPQ,-9.4466,-70.4834
SSPR,-8.2762,-72.7458
SSPS,-26.472,-51.9759
SSPT,-24.3433,-53.8287
SSPV,-8.9594,-72.7797
SSPW,-18.1006,-53.1535
SSPX,-8.8501,-69.26
SSPY,-17.6726,-57.7487
SSQA,-13.7231,-60.3153
SSQB,-9.1894,-71.9469
SSQC,-23.6746,-49.8156
SSQD,-23.0138,-44.2674
SSQE,-23.5681,-46.7083
SSQF,-23.8152,-54.6985
SSQH,-19.9272,-43.9489
SSQI,-12.5092,-55.6847
SSQJ,-23.5727,-46.7033
SSQP,-10.4648,-39.2865
SSQR,-21.3859,-53.5975
SSQS,-15.0324,-52.3102
SSQT,-24.8077,-49.9597
SSQU,-20.0647,-55.7017
SSQV,-23.5358,-46.5592
SSQW,-22.9356,-47.0717
SSQX,-23.5536,-46.6525
SSQY,-23.6489,-46.7294
SSQZ,-12.1064,-45.895
SSRB,-21.8478,-54.5278
SSRC,-21.7031,-54.3683
SSRE,-25.8012,-53.5127
SSRF,-12.7657,-39.4467
SSRH,-20.7781,-55.9829
SSRJ,-21.8784,-53.8155
SSRK,-9.5139,-42.9951
SSRM,-21.0194,-56.2761
SSRN,-26.3214,-49.5214
SSRS,-27.1923,-49.832
SSRU,-31.3833,-52.0328
SSRV,-26.9528,-48.6398
SSRW,-23.2036,-48.1021
SSRZ,-30.2775,-54.9239
SSSA,-21.9962,-56.24
SSSB,-28.6549,-56.0346
SSSC,-29.6841,-52.4122
SSSD,-28.8638,-52.5406
SSSE,-25.5767,-49.3936
SSSG,-30.345,-54.2678
SSSH,-19.1992,-57.0111
SSSI,-7.8681,-45.0155
SSSJ,-1.4378,-48.4687
SSSK,-4.5072,-43.9224
SSSN,-21.7992,-41.0189
SSSO,-21.4128,-52.0323
SSSP,-20.0403,-56.31
SSSR,-20.3164,-52.7333
SSSS,-26.2199,-48.5674
SSST,-29.215,-54.8422
SSSV,-13.8203,-54.7558
SSSW,-19.7221,-51.9503
SSSY,-22.5167,-53.5117
SSSZ,-23.0622,-51.0139
SSTA,-30.2458,-54.8008
SSTB,-26.1358,-50.3109
SSTC,-29.8828,-51.3811
SSTD,-28.5508,-51.5961
SSTF,-17.875,-57.1317
SSTG,-18.4672,-57.0586
SSTH,-25.5202,-49.6825
SSTI,-16.4554,-39.1555
SSTJ,-27.3492,-49.8186
SSTK,-23.6828,-54.5397
SSTP,-17.9708,-50.3206
SSTQ,0.8493,-51.9077
SSTR,-17.9365,-49.2418
SSTS,-22.6107,-53.4441
SSTT,-8.0747,-34.9053
SSTU,-18.73,-54.105
SSTV,-12.1207,-55.401
SSTW,-22.0594,-41.4811
SSTY,-25.5568,-53.1665
SSUA,-17.6311,-54.77
SSUC,-21.4911,-53.2039
SSUF,-23.5489,-46.5583
SSUG,-21.4608,-42.6981
SSUH,-22.97,-44.4444
SSUI,-7.097,-48.7605
SSUJ,-23.6072,-47.2631
SSUL,-25.4769,-49.1542
SSUM,-23.7987,-53.3138
SSUN,-23.4703,-46.4469
SSUO,-23.4086,-46.3306
SSUP,-8.0517,-34.8981
SSUR,-21.5854,-52.8694
SSUS,-18.4136,-52.8968
SSUU,-10.7417,-49.48
SSUV,-26.2332,-51.0668
SSUW,-22.776,-51.5055
SSUY,-20.6405,-51.4769
SSVA,-19.0625,-57.6292
SSVB,-23.0665,-53.8212
SSVE,-23.8128,-55.0578
SSVG,-22.2791,-55.6539
SSVH,-22.3669,-55.1278
SSVI,-26.9997,-51.1419
SSVK,-22.7944,-54.1569
SSVL,-22.5217,-54.6778
SSVN,-28.9354,-51.5681
SSVO,-20.8717,-50.1269
SSVP,-18.264,-39.8663
SSVS,-23.1283,-47.0033
SSVU,-17.6989,-44.3503
SSVV,-21.2859,-56.1203
SSVW,-14.5131,-59.5569
SSVY,-20.9378,-48.1733
SSVZ,-21.1633,-47.7547
SSWG,-21.7812,-46.5566
SSWH,-21.9063,-47.8208
SSWI,-23.1572,-46.3208
SSWJ,-4.4572,-37.7947
SSWM,-23.4959,-51.32
SSWP,-8.7415,-50.2098
SSWR,-21.8941,-54.2942
SSWS,-30.5496,-53.4582
SSWU,-16.6203,-49.2606
SSWV,-23.5891,-50.0361
SSWW,-18.6742,-55.8947
SSWY,-23.049,-47.1677
SSWZ,-18.5094,-46.2739
SSXA,-23.0386,-50.9344
SSXB,-17.1522,-56.5707
SSXD,-27.9811,-52.8636
SSXF,-8.1118,-34.8928
SSXH,-14.2554,-41.8175
SSXI,-11.1828,-56.799
SSXJ,-19.4658,-39.7583
SSXL,-20.4347,-56.3358
SSXM,-22.7859,-53.8809
SSXN,-8.2983,-55.1147
SSXO,-23.2889,-52.1292
SSXQ,-19.3306,-51.9711
SSXS,-8.9589,-35.1786
SSXT,-22.9777,-43.3903
SSXV,-22.95,-54.1122
SSXW,-18.8078,-52.6003
SSXX,-26.8751,-52.3729
SSXZ,-19.7475,-50.1292
SSYA,-14.8773,-49.1952
SSYC,-19.0498,-52.9669
SSYD,-7.5481,-49.2081
SSYE,-15.3208,-58.5017
SSYF,-18.8717,-48.7206
SSYG,-23.595,-46.6856
SSYI,-13.0554,-40.8337
SSYJ,-23.7619,-46.7556
SSYL,-23.3411,-54.5689
SSYO,-15.2625,-55.6147
SSYP,-4.5213,-43.9196
SSYQ,-28.3789,-52.8794
SSYR,-20.3465,-52.3193
SSYS,-19.9089,-52.5364
SSYT,-27.1425,-53.6858
SSYV,-19.7264,-52.8514
SSYY,-18.9527,-53.1549
SSYZ,-22.8499,-55.4102
SSZA,-17.7222,-56.7533
SSZC,-18.0253,-54.9993
SSZF,-18.4778,-56.0217
SSZG,-19.2572,-52.8964
SSZH,-23.646,-54.7144
SSZI,-9.7032,-35.8007
SSZL,-21.4416,-52.1575
SSZM,-17.8329,-57.5544
SSZN,-25.1826,-50.9234
SSZO,-8.5413,-50.6522
SSZP,-22.6961,-54.2158
SSZQ,-22.039,-56.2694
SSZR,-27.9066,-54.5206
SSZT,-22.7942,-49.3411
SSZU,-19.5031,-53.0496
SSZW,-19.5202,-50.654
SUAA,-34.7892,-56.2647
SUAG,-30.4007,-56.5079
SUAN,-34.2705,-57.9644
SUAY,-30.9383,-57.5175
SUBL,-34.8115,-56.1643
SUBU,-30.3198,-57.5588
SUCA,-34.4564,-57.7706
SUCD,-33.8755,-57.3979
SUCH,-33.7109,-53.4713
SUCL,-34.2868,-55.3548
SUCM,-33.9661,-58.3253
SUCN,-34.5152,-56.2614
SUDU,-33.3589,-56.4992
SUEL,-34.8688,-56.1667
SUFT,-31.7036,-55.9431
SUGA,-34.7469,-55.961
SUGN,-32.3478,-57.1894
SUJL,-34.4154,-57.4642
SUJP,-33.4753,-54.5397
SULS,-34.8551,-55.0943
SUME,-33.2489,-58.0737
SUMI,-34.3455,-55.2275
SUMO,-32.3379,-54.2167
SUMU,-34.8356,-56.0265
SUNM,-32.9696,-57.9824
SUPC,-32.3796,-58.0298
SUPE,-34.9109,-54.9204
SUPL,-34.8828,-55.2486
SUPU,-32.3633,-58.0619
SURB,-32.5831,-53.4542
SURV,-30.9746,-55.4762
SUSG,-32.5265,-55.8416
SUSJ,-34.3506,-56.7524
SUSO,-31.4385,-57.9853
SUTB,-31.749,-55.9258
SUTG,-30.4366,-57.4467
SUTR,-33.1957,-54.3472
SUVE,-32.9604,-53.9309
SUVO,-31.7392,-54.5878
SUYI,-33.3117,-55.6003
SUYN,-32.6872,-57.6581
SVAC,9.5534,-69.2379
SVAE,10.3287,-72.4808
SVAF,6.9333,-68.0167
SVAH,10.0333,-69.1667
SVAJ,8.8189,-65.8867
SVAL,8.35,-69.5167
SVAM,7.3167,-69.2
SVAN,9.4302,-64.4707
SVAO,9.8633,-66.2933
SVAP,7.9188,-68.483
SVAQ,9.25,-68.4833
SVAR,11.9361,-69.812
SVAS,6.5775,-66.8166
SVAT,4.0517,-67.7011
SVAU,6.75,-68.3333
SVAV,9.2733,-63.4183
SVAW,7.4833,-67.85
SVAX,10.0,-72.5833
SVAY,10.5973,-64.272
SVAZ,8.4333,-68.55
SVBA,7.8333,-70.2667
SVBC,10.1111,-64.6922
SVBD,7.6167,-69.05
SVBE,9.6667,-72.5833
SVBG,9.1944,-68.1478
SVBH,10.9417,-68.2667
SVBI,8.615,-70.2142
SVBJ,7.3217,-69.67
SVBK,9.2663,-70.2299
SVBL,10.1834,-67.5573
SVBM,10.0427,-69.3586
SVBN,6.6,-62.7333
SVBP,7.5907,-67.2078
SVBR,10.4167,-68.6667
SVBS,10.25,-67.6494
SVBT,9.2,-69.75
SVBU,9.1731,-71.1129
SVBV,8.7333,-69.5333
SVBW,7.129,-63.4612
SVCB,8.1222,-63.537
SVCD,7.6255,-66.1628
SVCE,9.3503,-65.2807
SVCG,8.7581,-72.5363
SVCH,7.74,-68.24
SVCJ,9.6477,-68.5747
SVCK,9.4167,-68.8833
SVCL,8.9247,-67.4171
SVCM,9.6833,-68.4167
SVCN,6.232,-62.8548
SVCP,10.66,-63.2617
SVCQ,8.0606,-66.9699
SVCR,11.4149,-69.6809
SVCS,10.2869,-66.8158
SVCT,6.8833,-68.3833
SVCU,10.4503,-64.1305
SVCV,7.4,-67.4333
SVCW,9.3267,-70.9333
SVCX,7.3,-68.3667
SVCY,6.9333,-68.6333
SVCZ,9.3727,-66.9228
SVDA,10.948,-65.228
SVDB,9.3333,-68.4333
SVDC,8.59,-66.255
SVDF,6.8667,-68.7833
SVDG,9.65,-63.7217
SVDM,11.7943,-66.893
SVDP,4.6885,-61.0593
SVDR,7.9035,-69.923
SVDS,4.7809,-61.1256
SVDU,11.0275,-70.6925
SVDV,9.45,-63.175
SVDW,7.493,-63.2692
SVDZ,6.2201,-67.4475
SVEB,8.6762,-72.3356
SVED,6.7157,-61.6388
SVEE,7.9083,-68.6967
SVEF,10.595,-68.495
SVEG,9.7,-68.3333
SVEJ,9.4529,-70.7735
SVEK,10.1136,-72.5766
SVEL,7.3334,-61.8299
SVEM,8.3333,-70.375
SVEN,9.0378,-72.248
SVEP,10.198,-67.4431
SVER,7.2167,-68.9833
SVES,7.9124,-68.6927
SVET,7.3495,-62.5314
SVEW,9.55,-70.6833
SVEX,8.7,-69.075
SVEY,6.28,-69.1167
SVEZ,7.0597,-69.4967
SVFE,9.5744,-72.5658
SVFG,9.1856,-67.0325
SVFK,9.4833,-67.8167
SVFL,7.2,-68.1333
SVFM,10.485,-66.8435
SVFR,7.8233,-68.8983
SVFS,9.4016,-66.6431
SVFT,7.1,-69.5833
SVFU,7.5833,-71.4667
SVFW,9.868,-63.7522
SVFX,7.2133,-69.4967
SVFY,9.0333,-69.1
SVGA,8.75,-70.0
SVGC,9.7771,-72.4868
SVGD,7.2108,-70.7564
SVGE,9.21,-69.5817
SVGG,9.5833,-63.05
SVGH,9.535,-66.725
SVGI,10.5741,-62.3127
SVGL,7.635,-70.85
SVGP,9.6333,-67.1833
SVGR,10.153,-68.3752
SVGT,7.475,-61.9
SVGU,9.0269,-69.7552
SVGX,8.7493,-63.5565
SVGZ,7.95,-69.1167
SVHA,7.6,-63.2167
SVHC,10.15,-72.1833
SVHD,9.9,-72.55
SVHE,9.5667,-67.5667
SVHG,10.4625,-66.0928
SVHH,10.8081,-69.6384
SVHK,9.4,-67.7833
SVHL,9.7167,-66.7833
SVHM,9.3333,-67.9167
SVHN,8.1054,-68.7191
SVHO,8.3682,-69.9571
SVHP,10.7133,-69.2083
SVHR,9.479,-67.9907
SVHS,8.2456,-65.5569
SVHT,9.3667,-63.0833
SVHX,8.6833,-67.7167
SVHY,8.72,-68.4717
SVIC,4.3381,-61.7387
SVIE,10.7944,-63.9816
SVIM,9.1,-69.62
SVJC,11.7808,-70.1515
SVJF,7.4,-67.9833
SVJH,8.1797,-63.596
SVJI,9.0862,-63.116
SVJJ,7.4433,-67.7967
SVJL,7.9953,-67.4037
SVJM,9.907,-67.3796
SVJO,9.6667,-67.05
SVJU,9.2031,-68.1082
SVKA,5.5931,-61.7633
SVKB,7.9833,-70.1
SVKC,8.5434,-68.805
SVKI,7.5472,-71.7882
SVKL,9.325,-70.975
SVKM,5.7171,-62.3373
SVKN,5.5,-65.6183
SVLA,9.0167,-63.75
SVLB,11.8207,-64.5862
SVLC,6.9833,-68.0667
SVLD,7.2033,-69.5367
SVLF,8.2392,-72.271
SVLG,9.65,-68.9833
SVLH,7.1667,-69.3833
SVLI,7.307,-67.3529
SVLJ,9.6833,-64.1833
SVLK,6.1667,-69.1667
SVLL,7.9938,-69.6349
SVLM,9.4979,-62.9013
SVLN,10.7267,-68.3335
SVLO,11.8082,-66.1808
SVLP,6.9333,-68.3667
SVLS,6.7667,-68.35
SVLT,7.5833,-69.1833
SVLU,9.3,-66.6783
SVLW,10.0683,-68.0217
SVLX,6.9667,-69.35
SVLY,7.2833,-68.5333
SVLZ,8.3289,-68.752
SVMA,10.1443,-68.1992
SVMB,8.6717,-66.505
SVMC,10.5575,-71.7293
SVMD,8.5821,-71.161
SVME,7.7386,-64.7195
SVMF,8.5333,-69.95
SVMG,10.9126,-63.9666
SVMH,7.3167,-68.0
SVMI,10.6022,-66.9912
SVMJ,10.5983,-68.535
SVMK,9.23,-67.97
SVML,7.2654,-67.2796
SVMM,11.2667,-70.25
SVMN,9.806,-70.8963
SVMO,7.6833,-68.1833
SVMP,10.1332,-66.7878
SVMQ,8.8417,-70.0333
SVMS,7.7167,-67.9833
SVMT,9.749,-63.1533
SVMV,2.7251,-67.5469
SVMW,7.6167,-72.45
SVMX,9.2,-64.05
SVMY,5.3132,-66.0498
SVMZ,7.5576,-69.1416
SVNA,9.923,-72.0805
SVNB,7.4545,-65.1762
SVNE,7.7667,-70.2667
SVNF,7.3833,-68.8333
SVNG,10.2833,-72.4667
SVNH,10.4248,-66.784
SVNJ,8.9667,-66.0833
SVNK,8.4178,-63.5678
SVNP,9.1333,-69.055
SVNR,6.9833,-68.6333
SVNT,7.7,-69.3
SVNV,6.5833,-66.2
SVNX,8.8281,-63.095
SVOA,8.2847,-69.9167
SVOB,11.05,-68.4833
SVOC,6.9667,-68.3333
SVOD,7.9833,-67.65
SVOE,8.7443,-69.9138
SVOF,9.7023,-63.6254
SVOG,3.9536,-67.0978
SVOH,8.35,-70.05
SVOI,7.3,-68.0667
SVOJ,8.0667,-70.1833
SVOK,9.0613,-63.4451
SVOL,9.3167,-64.6333
SVON,10.3307,-71.3225
SVOO,7.65,-69.4167
SVOP,7.6,-68.4333
SVOQ,8.6667,-67.6667
SVOR,8.0917,-66.4217
SVOS,7.4667,-68.6667
SVOT,7.769,-70.6334
SVOW,7.2,-68.5167
SVOZ,7.7833,-68.5
SVPA,5.62,-67.6061
SVPC,10.4805,-68.073
SVPD,7.1,-67.9
SVPE,9.9787,-62.2313
SVPF,8.819,-64.7395
SVPG,7.1347,-68.579
SVPH,4.6004,-61.4982
SVPI,4.469,-61.5893
SVPJ,6.2833,-69.3167
SVPK,7.6333,-69.3667
SVPM,7.8014,-72.2028
SVPN,8.5635,-66.0183
SVPO,7.55,-68.25
SVPP,5.7916,-61.4407
SVPR,8.2885,-62.7604
SVPS,9.89,-70.1217
SVPT,7.5755,-70.1744
SVPU,6.8351,-63.3495
SVPV,7.9167,-71.0333
SVPW,9.0131,-63.6641
SVPY,10.49,-68.175
SVPZ,7.4883,-68.9933
SVQA,7.4667,-65.5667
SVQB,7.05,-67.7667
SVQC,6.5,-67.1333
SVQD,8.9583,-65.1383
SVQI,9.35,-65.8
SVQJ,7.2333,-69.1
SVQK,9.6783,-66.1633
SVQL,7.7578,-63.0823
SVQN,8.3167,-70.05
SVQO,10.0803,-68.1215
SVQP,8.996,-71.3736
SVQQ,9.85,-65.3167
SVQT,7.6333,-69.925
SVQU,8.7496,-69.7225
SVQW,8.8333,-66.3667
SVQX,10.5667,-70.1333
SVQY,7.91,-64.0583
SVQZ,8.4333,-69.7333
SVRA,10.574,-62.9847
SVRB,11.5124,-69.3145
SVRC,10.7833,-68.55
SVRD,6.5679,-67.4242
SVRE,8.3933,-65.8667
SVRG,7.35,-69.35
SVRH,7.6167,-71.9833
SVRI,6.7841,-68.8651
SVRK,9.1667,-67.75
SVRL,8.5167,-69.6417
SVRM,9.5,-67.6667
SVRN,9.3833,-63.2667
SVRQ,5.4333,-66.1342
SVRR,6.239,-62.8308
SVRS,11.9469,-66.6683
SVRT,7.05,-68.5667
SVRU,9.2002,-66.3111
SVRW,9.1628,-72.4865
SVRX,9.8435,-72.5472
SVRZ,8.4667,-66.0333
SVSA,7.8408,-72.4399
SVSB,7.8035,-71.1657
SVSC,1.9167,-67.05
SVSD,8.8167,-69.6333
SVSE,4.5547,-61.1452
SVSF,11.05,-68.385
SVSG,8.5667,-70.05
SVSH,7.1914,-67.2406
SVSI,8.9302,-68.0813
SVSK,9.7783,-68.175
SVSL,10.3167,-66.3
SVSM,8.3306,-70.2712
SVSN,8.8753,-66.8399
SVSO,7.5654,-72.0351
SVSP,10.2787,-68.7552
SVSQ,7.0333,-68.3333
SVSR,7.8833,-67.444
SVST,8.9451,-64.1511
SVSU,10.3022,-72.0522
SVSW,10.099,-68.1021
SVSX,11.175,-68.4217
SVSY,8.8,-71.5833
SVSZ,8.9746,-71.9433
SVTB,7.4,-64.3667
SVTC,9.089,-62.0942
SVTD,7.4,-69.0667
SVTE,6.4848,-62.8939
SVTF,7.4,-67.95
SVTG,7.6333,-68.7
SVTJ,10.1579,-68.8616
SVTK,7.1081,-69.7892
SVTL,6.9417,-65.8917
SVTM,7.2494,-61.5289
SVTN,8.1333,-68.6667
SVTO,9.2,-64.85
SVTP,10.1411,-65.4378
SVTT,9.5113,-66.5539
SVTU,7.7833,-69.2333
SVTV,9.2703,-69.1133
SVTY,9.1308,-66.3912
SVUA,6.2501,-62.785
SVUK,9.45,-68.3667
SVUM,5.3581,-62.6716
SVUP,7.9792,-62.329
SVUQ,4.984,-61.7301
SVUY,5.6804,-62.4577
SVVA,10.1497,-67.9284
SVVB,9.0514,-66.4675
SVVD,8.2667,-67.1667
SVVG,8.6241,-71.6727
SVVH,9.3667,-62.9167
SVVK,7.1333,-69.05
SVVL,9.3405,-70.5841
SVVM,6.9167,-68.15
SVVP,9.222,-65.9936
SVVQ,10.2428,-70.5018
SVVR,6.8333,-63.5833
SVVS,10.3167,-72.3
SVVV,10.5431,-68.2425
SVVX,6.5617,-66.0017
SVWA,7.3167,-67.9083
SVWB,10.4795,-68.4728
SVWE,8.0156,-69.8323
SVWQ,8.5983,-69.7608
SVWX,9.0408,-67.603
SVXF,7.15,-69.25
SVXU,8.5771,-69.0933
SVYA,7.7167,-71.2333
SVYG,7.4667,-68.45
SVYI,5.4583,-65.8983
SVYP,7.2,-69.3167
SVYT,5.6098,-66.1104
SWAA,-14.5439,-50.5928
SWAB,-23.4866,-46.8568
SWAC,-19.9689,-43.9145
SWAD,-18.2609,-49.597
SWAE,3.5519,-63.1694
SWAG,-10.4247,-46.0769
SWAI,-10.7067,-52.6544
SWAJ,-33.216,-53.2663
SWAK,1.0617,-67.6036
SWAM,-23.6497,-49.1517
SWAO,1.7859,-67.4061
SWAR,-13.0819,-51.5879
SWAU,-19.9483,-48.5839
SWAX,-10.7489,-45.8453
SWAZ,0.4708,-69.3546
SWBC,-0.9812,-62.9186
SWBE,-4.0428,-40.8938
SWBF,-10.005,-49.492
SWBG,-15.1934,-59.3848
SWBI,-2.7919,-57.058
SWBJ,-13.2553,-52.0444
SWBK,-13.0894,-45.8325
SWBM,-21.3756,-42.7324
SWBR,-4.4063,-59.6024
SWBU,-10.2135,-55.0855
SWBV,4.0035,-64.4936
SWBX,-17.4917,-55.2221
SWBY,-18.0334,-49.7048
SWBZ,-12.6069,-55.7643
SWCA,-4.8715,-66.8976
SWCB,-13.0062,-46.7112
SWCC,-13.5467,-60.4183
SWCE,-16.2043,-55.3987
SWCF,-13.7353,-60.4772
SWCI,-14.2231,-46.55
SWCJ,-11.8359,-49.7122
SWCM,-13.9944,-52.9332
SWCO,-14.7061,-51.2138
SWCQ,-12.4211,-64.2516
SWCS,-30.9782,-51.9368
SWCT,-17.3664,-56.7914
SWCU,-11.9752,-49.9037
SWCZ,-15.3442,-49.604
SWDC,-16.9355,-53.5734
SWDE,-12.8226,-50.3282
SWDF,-9.522,-55.0402
SWDH,-21.9512,-47.8982
SWDJ,-14.8573,-52.0362
SWDL,-12.9927,-38.4402
SWDM,-14.3769,-56.4004
SWDN,-11.5954,-46.8467
SWDP,-23.1751,-47.9243
SWDQ,-16.4376,-55.2662
SWDV,-16.7374,-57.7574
SWDX,-22.9073,-43.1755
SWDY,-14.7545,-50.3775
SWEA,-13.4506,-60.2703
SWEC,-15.8975,-52.0957
SWED,-7.7586,-49.1275
SWEE,-4.5238,-71.5608
SWEF,-14.813,-51.1567
SWEI,-6.6395,-69.8797
SWEK,-13.5765,-52.2683
SWEM,-14.6189,-54.0033
SWEN,-9.9378,-56.0872
SWEO,0.2097,-61.55
SWEP,-22.8044,-50.9824
SWET,-13.3129,-58.7997
SWEU,0.7976,-61.663
SWEW,-15.8422,-58.6317
SWFA,-16.2506,-47.6172
SWFB,-23.7872,-49.4242
SWFG,-12.03,-51.6775
SWFL,-10.0939,-50.3828
SWFN,-3.0729,-60.0219
SWFP,-10.6373,-52.0287
SWFQ,-10.392,-48.6792
SWFR,-15.5551,-47.3457
SWFT,-16.5794,-52.1416
SWFU,-16.1669,-59.5006
SWFV,-20.7223,-45.8648
SWFX,-11.6324,-50.6896
SWFZ,-9.9874,-56.6759
SWGC,-22.6271,-55.5792
SWGD,-18.1749,-48.2111
SWGH,-16.2461,-57.6214
SWGI,-11.7396,-49.1322
SWGK,-12.5616,-51.6945
SWGN,-7.2279,-48.2405
SWGO,-15.3426,-49.1353
SWGP,-16.8269,-49.8789
SWGQ,-14.7808,-57.3542
SWGT,-17.1729,-50.2085
SWGU,-12.4027,-50.0636
SWGV,-12.8019,-52.6078
SWGW,-15.4375,-51.5997
SWGX,-10.9503,-37.0649
SWGY,-29.4173,-50.8534
SWGZ,-14.7768,-57.1888
SWHC,-29.3173,-50.8519
SWHD,-23.0223,-53.9012
SWHI,-21.265,-47.3117
SWHK,-23.619,-46.8849
SWHL,-15.275,-55.1217
SWHM,-18.3125,-53.6628
SWHP,-14.02,-52.152
SWHQ,-15.1892,-59.9392
SWHR,-21.8561,-52.1857
SWHS,-18.0533,-50.3869
SWHT,-7.5321,-63.0721
SWHU,-22.5067,-50.8653
SWHZ,-10.3386,-55.9656
SWIB,-10.8628,-54.9142
SWIC,-13.5196,-56.0667
SWIE,-13.9194,-50.01
SWIF,-22.8547,-43.7647
SWIH,-14.9017,-52.7347
SWII,-2.9401,-69.6943
SWIK,-14.9109,-51.2785
SWIL,-17.0118,-54.3487
SWIM,-16.1267,-51.6697
SWIN,-14.243,-57.9953
SWIP,-17.6855,-48.1615
SWIR,-22.9115,-43.2084
SWIS,-9.1866,-49.7754
SWIT,-25.4849,-54.4414
SWIU,-9.8474,-61.4176
SWIV,-1.2681,-53.2614
SWIX,-17.3811,-54.7361
SWIY,-11.5723,-50.6662
SWIZ,-21.2967,-54.4792
SWJA,-27.0173,-48.8539
SWJB,-14.745,-58.1283
SWJC,-15.9717,-54.9686
SWJD,-13.4522,-46.6794
SWJE,-16.3969,-52.3286
SWJF,-10.1989,-58.4907
SWJG,-14.4836,-57.4339
SWJH,-28.0525,-51.9683
SWJI,-8.1466,-45.2059
SWJL,-19.0411,-51.2594
SWJM,-12.9664,-46.5653
SWJN,-11.4194,-58.7017
SWJP,-1.4039,-69.4238
SWJQ,-20.2269,-51.8458
SWJT,-11.4939,-52.6202
SWJU,-11.5434,-49.493
SWJV,-5.1272,-72.81
SWJW,-17.8299,-51.773
SWJX,-19.5022,-44.1586
SWJY,-16.8447,-53.7344
SWJZ,-15.9672,-54.5317
SWKA,-15.5953,-51.2572
SWKB,-9.1425,-67.4458
SWKC,-16.0436,-57.6299
SWKE,-11.5086,-49.8422
SWKG,-13.4113,-54.7485
SWKJ,-15.3981,-54.6083
SWKK,-23.0086,-43.2882
SWKL,-12.5578,-61.9961
SWKM,-14.6442,-57.5042
SWKO,-4.1341,-63.1326
SWKP,-15.2425,-59.2853
SWKQ,-9.0834,-42.6447
SWKR,-18.67,-51.5853
SWKS,-23.3118,-52.511
SWKT,-18.2168,-47.8997
SWKU,1.1195,-66.8414
SWKV,-10.9008,-55.8583
SWKX,-16.3836,-58.3172
SWKY,-20.3397,-47.4731
SWKZ,-11.7175,-58.2594
SWLA,-11.8847,-58.6317
SWLB,-7.279,-64.7695
SWLC,-17.8347,-50.9561
SWLD,-14.8841,-45.3386
SWLF,-15.6203,-58.2089
SWLN,-13.418,-58.4718
SWLO,-26.4881,-49.0839
SWLP,-9.9686,-61.2297
SWLQ,-7.9089,-61.5627
SWLR,-15.4406,-59.6572
SWLS,-24.1989,-53.8742
SWLT,-10.4339,-54.1672
SWLU,-29.8866,-50.7365
SWLV,-15.8534,-56.0874
SWLW,-2.4964,-44.2794
SWLY,-20.8809,-51.3561
SWMA,-11.8336,-46.2667
SWMB,-17.9772,-49.5883
SWMC,-21.4583,-47.8878
SWMD,-3.0326,-59.9641
SWME,-17.5514,-52.5567
SWMG,-13.3856,-46.775
SWMH,-15.5422,-51.0178
SWMJ,-19.4958,-56.96
SWMK,0.6283,-66.1151
SWMN,-15.2147,-50.8362
SWMO,-17.4528,-54.7422
SWMQ,-10.4288,-60.5469
SWMT,-12.6578,-54.8278
SWMU,4.3164,-60.7006
SWMV,2.7269,-62.9506
SWMW,-3.3722,-57.7248
SWMX,-17.7618,-49.1217
SWMY,-11.5669,-50.7006
SWMZ,-16.4424,-54.7013
SWNA,-5.118,-60.3649
SWNE,-17.8848,-39.3671
SWNG,-12.897,-55.8348
SWNH,-14.9333,-51.0489
SWNI,-10.1783,-62.8257
SWNJ,-15.1386,-53.5017
SWNK,-8.8346,-67.3125
SWNQ,-14.4349,-48.4916
SWNS,-16.3636,-48.9288
SWNU,-3.1613,-48.1061
SWNV,-16.6258,-49.3488
SWNX,-14.8637,-53.4951
SWNY,-21.5347,-47.6858
SWOA,-16.5394,-49.3989
SWOB,-2.5326,-66.0832
SWOC,-22.0253,-57.3647
SWOE,-16.1658,-58.1851
SWOG,-13.7525,-56.9611
SWOK,-17.3056,-53.9356
SWOL,-15.0961,-52.4
SWON,-26.5615,-48.696
SWOP,-9.7858,-57.6219
SWOR,-15.4535,-51.2248
SWOT,-13.9433,-58.8953
SWOU,-23.6151,-46.6983
SWOW,-1.4635,-61.6331
SWOZ,-15.3048,-54.9006
SWPB,-12.4207,-64.4186
SWPC,0.2656,-69.794
SWPD,2.7874,-60.5955
SWPE,-10.1332,-55.5858
SWPF,-13.4597,-61.2343
SWPH,-15.2267,-52.1287
SWPI,-2.6735,-56.7776
SWPK,-16.2728,-56.6508
SWPL,-12.1983,-53.3817
SWPM,-11.6416,-61.1791
SWPP,-14.7531,-50.665
SWPQ,-10.8593,-51.6882
SWPR,-17.3191,-48.3348
SWPU,-23.2786,-47.7162
SWPX,-2.6722,-54.9515
SWPY,-15.5656,-54.3378
SWPZ,-14.1181,-46.3454
SWQA,-22.7324,-45.5597
SWQB,-22.9772,-46.3917
SWQC,-17.5007,-51.5972
SWQE,1.0878,-69.838
SWQF,-4.2383,-38.9814
SWQG,-21.4572,-55.4211
SWQH,-10.1472,-60.5386
SWQI,1.8439,-61.1218
SWQL,-16.6825,-52.2528
SWQO,-20.3877,-48.9154
SWQP,-21.3153,-51.37
SWQS,-20.9413,-53.4362
SWQT,-9.8629,-58.2308
SWQU,-14.601,-60.1218
SWQW,-10.0516,-56.8322
SWQY,-2.6844,-52.3675
SWRA,-10.0563,-56.9916
SWRC,-12.6267,-51.9342
SWRD,-11.7319,-62.709
SWRE,-16.7702,-53.5264
SWRF,-13.1846,-57.9973
SWRG,-10.8258,-65.2286
SWRH,-12.71,-46.157
SWRI,-12.1554,-52.279
SWRJ,-15.0842,-56.5522
SWRK,-22.4869,-44.2577
SWRL,-12.9772,-61.0492
SWRN,-3.1442,-59.9482
SWRO,-8.7943,-63.8575
SWRR,-14.6675,-54.5675
SWRS,-16.9333,-54.9069
SWRT,-17.3478,-53.1931
SWRW,-15.5875,-58.0444
SWRY,-15.7375,-57.4706
SWRZ,-14.3531,-56.7138
SWSC,-11.651,-52.7363
SWSD,-15.6239,-51.8139
SWSE,-30.0283,-51.1628
SWSF,-15.2241,-60.2172
SWSG,-13.6068,-59.3168
SWSI,-9.1394,-57.0495
SWSL,-16.4064,-48.9163
SWSN,-14.9622,-59.3214
SWSO,-28.4739,-48.9889
SWSP,-13.7253,-54.738
SWSQ,1.7002,-69.3897
SWST,-23.5366,-47.4495
SWSV,-14.3886,-51.3806
SWSW,-15.7797,-47.9132
SWSZ,-9.7736,-58.0628
SWTA,-15.4163,-58.4082
SWTG,-20.8472,-50.7882
SWTH,2.9185,-60.5107
SWTI,-14.5203,-59.7799
SWTJ,-14.5653,-57.778
SWTK,-14.2019,-60.2808
SWTL,-12.5144,-61.3028
SWTN,-15.0466,-58.7292
SWTO,-10.1742,-48.9328
SWTP,-0.3786,-64.9926
SWTQ,-17.7689,-48.7618
SWTR,0.1213,-68.5485
SWTS,-14.662,-57.4437
SWTT,-25.4325,-49.3263
SWTU,-13.4655,-58.8669
SWTV,-15.0541,-57.9684
SWTY,-12.4353,-46.4004
SWTZ,-20.7391,-53.5355
SWUA,-13.3313,-50.1976
SWUD,-20.4458,-44.8128
SWUE,-10.7064,-55.933
SWUF,-23.2585,-47.6609
SWUG,-19.9407,-44.1475
SWUI,-23.0272,-44.3319
SWUK,1.1994,-69.2118
SWUL,-6.2161,-48.4259
SWUQ,2.8353,-63.647
SWUR,-8.4915,-44.3845
SWUW,-15.1109,-56.8367
SWUX,-9.2448,-49.6669
SWUZ,-16.2617,-47.9687
SWVB,-27.1433,-48.5324
SWVC,-9.9811,-51.1404
SWVF,-16.0088,-59.92
SWVG,-5.971,-40.2983
SWVH,-9.5233,-56.2383
SWVJ,-13.6665,-56.0026
SWVK,-13.0353,-55.3278
SWVM,-19.9626,-43.9584
SWVN,-13.634,-59.7961
SWVS,-15.862,-60.0404
SWVU,-21.734,-54.5773
SWVV,-15.7551,-60.0957
SWVW,-20.5353,-45.6039
SWVX,-10.2415,-60.1409
SWVY,-17.5681,-56.4822
SWVZ,-14.75,-56.3528
SWWA,-13.4048,-49.1583
SWWC,2.7669,-60.716
SWWE,-26.0362,-49.5003
SWWF,-16.5697,-57.8314
SWWG,-18.5496,-50.3812
SWWH,-21.9827,-53.904
SWWI,-15.6783,-53.5825
SWWM,-18.7718,-40.9482
SWWN,-10.3079,-56.5791
SWWS,-23.4456,-47.3896
SWWT,-18.7056,-45.3354
SWWU,-14.5447,-49.0911
SWWV,-16.7061,-56.0304
SWWW,-16.6891,-56.1769
SWWX,-16.7468,-56.371
SWWY,-16.5884,-56.2808
SWWZ,-4.1097,-38.2428
SWXA,-15.0441,-51.4047
SWXB,-15.2974,-55.1757
SWXC,-12.8856,-61.2985
SWXE,-13.8776,-53.2389
SWXH,-13.0644,-46.2588
SWXJ,-15.5958,-56.004
SWXM,-10.1704,-54.954
SWXN,-17.2473,-51.2705
SWXO,-7.1382,-52.7281
SWXP,-13.7329,-58.8882
SWXS,-15.7847,-59.6367
SWXT,-16.1051,-60.068
SWXU,-10.6637,-68.4859
SWXV,-14.6978,-52.3472
SWXW,-15.9736,-59.8892
SWXX,-18.8619,-48.423
SWXY,-10.3558,-50.6768
SWXZ,-13.31,-60.2933
SWYB,-23.2788,-46.2538
SWYC,-15.6934,-58.1079
SWYE,-29.5558,-55.7844
SWYH,-15.2916,-58.3149
SWYK,-17.0626,-56.5837
SWYM,-14.6425,-59.4491
SWYN,-7.1728,-59.8396
SWYO,-21.4829,-51.0256
SWYP,-13.9553,-55.779
SWYR,-15.3483,-58.7946
SWYS,-19.9298,-49.1227
SWYU,-14.4397,-50.8646
SWYV,-21.0915,-49.2242
SWYW,-16.8341,-53.8365
SWYY,-14.8844,-52.2788
SWYZ,-20.3272,-40.2692
SWZA,-11.3976,-58.1215
SWZB,-17.0055,-56.4596
SWZC,-16.2453,-58.8944
SWZD,-17.2558,-50.1427
SWZE,-15.0597,-59.3792
SWZG,-16.0217,-58.8949
SWZI,-22.4318,-45.4342
SWZL,-18.1476,-41.715
SWZN,-17.3148,-50.425
SWZO,-15.3408,-55.1408
SWZP,-16.3855,-54.2041
SWZQ,-15.8456,-51.0725
SWZS,-16.6702,-57.6753
SWZT,-19.255,-44.4733
SWZY,-11.5769,-58.2344
SWZZ,-26.2632,-48.8586
SYAG,7.2566,-58.5457
SYAH,2.474,-59.3208
SYAL,6.2466,-57.3796
SYAN,3.9594,-59.1242
SYAP,4.016,-58.6029
SYAW,2.6474,-59.1947
SYBG,6.3406,-58.5915
SYBL,6.2541,-57.543
SYBR,7.3711,-60.4893
SYBT,6.3589,-58.6552
SYCJ,6.4985,-58.2541
SYCP,4.8195,-60.0256
SYDW,2.8255,-59.5242
SYEB,5.5686,-57.7752
SYEK,6.4003,-60.854
SYGO,6.8059,-58.1077
SYIB,5.7081,-60.2942
SYKA,5.1773,-59.489
SYKE,7.5558,-59.1417
SYKI,6.4331,-58.6225
SYKK,4.7153,-59.9104
SYKM,5.8653,-60.6142
SYKN,6.1737,-61.1456
SYKR,3.7699,-59.3444
SYKS,4.0301,-59.5475
SYKT,4.6492,-59.8322
SYKW,5.2593,-58.0652
SYKZ,5.2684,-58.995
SYLD,5.9659,-58.2703
SYLP,2.3939,-59.441
SYLT,3.3728,-59.7894
SYMB,8.2002,-59.778
SYMD,5.2728,-59.1493
SYMK,4.8982,-59.817
SYMM,4.4523,-59.6031
SYMN,3.433,-59.567
SYMP,2.999,-59.6293
SYMR,7.4877,-60.1852
SYMW,2.7287,-59.1497
SYNA,6.2443,-57.4742
SYOR,4.7253,-60.035
SYPK,7.7422,-59.8826
SYPL,5.3567,-60.381
SYPM,4.6996,-59.7138
SYPR,5.8172,-61.0555
SYSC,2.9913,-59.51
SYSK,5.8597,-57.149
SYTW,7.5038,-59.5907
SYVB,6.2577,-57.6505
SYWI,2.8678,-59.5312
SYYS,7.3685,-59.7441
TAPA,17.1367,-61.7927
TAPT,17.5556,-61.7653
TBPB,13.0747,-59.491
TBPO,13.0958,-59.6186
TCYT,-17.3835,144.4509
TDCF,15.3367,-61.3921
TDPD,15.5467,-61.3011
TFFA,16.2969,-61.0844
TFFB,16.0136,-61.7429
TFFC,16.2578,-61.2625
TFFF,14.591,-61.0032
TFFG,18.1001,-63.0474
TFFJ,17.9044,-62.8433
TFFM,15.8689,-61.2701
TFFR,16.2654,-61.5328
TFFS,15.8644,-61.5806
TGPY,12.004,-61.7853
TGPZ,12.4761,-61.4728
TIST,18.3371,-64.9773
TISX,17.7014,-64.8026
TJAB,18.4508,-66.6758
TJBQ,18.4949,-67.1294
TJCP,18.313,-65.3039
TJIG,18.4568,-66.0981
TJMZ,18.2557,-67.1485
TJPS,18.0083,-66.563
TJRV,18.2473,-65.6398
TJSJ,18.4394,-66.0018
TJVQ,18.1348,-65.4936
TKPK,17.3108,-62.7191
TKPN,17.2057,-62.5899
TLPC,14.0202,-60.9929
TLPL,13.7332,-60.9526
TNCA,12.5011,-70.0143
TNCB,12.131,-68.2685
TNCC,12.1889,-68.9598
TNCE,17.4965,-62.9794
TNCM,18.041,-63.1089
TNCS,17.6453,-63.2205
TQPF,18.2048,-63.0538
TRPG,16.7918,-62.1932
TTCP,11.1496,-60.8313
TTPP,10.5953,-61.3376
TUPA,18.7277,-64.3285
TUPG,18.5,-64.386
TUPJ,18.4455,-64.5417
TUPW,18.4466,-64.4279
TVSA,13.1597,-61.1488
TVSB,12.9884,-61.262
TVSC,12.699,-61.3424
TVSM,12.8879,-61.1802
TVSU,12.6001,-61.4119
TXKF,32.3638,-64.6782
UAAA,43.3543,77.0428
UAAH,46.8942,75.0045
UAAL,46.1908,80.8309
UAAR,43.3521,76.883
UAAT,45.1225,78.4428
UABA,42.7537,75.3326
UACC,51.027,71.4671
UACK,53.3291,69.5946
UACP,54.7756,69.1874
UACS,52.3267,71.8557
UADD,42.8536,71.3036
UAFI,39.8247,69.5688
UAFM,43.0613,74.4776
UAFO,40.609,72.7933
UAFP,42.5081,78.4078
UAFW,42.8532,74.8465
UAFZ,41.4103,74.0444
UAII,42.365,69.4756
UAIT,43.3111,68.5504
UAKD,47.709,67.7381
UAKK,49.6708,73.3344
UAOL,45.622,63.2108
UAON,46.0524,63.2492
UAOO,44.7069,65.5925
UARR,51.152,51.5437
UASA,47.9192,80.4522
UASB,51.591,75.215
UASK,50.035,82.4961
UASP,52.195,77.0731
UASS,50.3513,80.2344
UASZ,47.4875,84.8877
UATA,46.8296,61.6124
UATE,43.8601,51.0909
UATG,47.1213,51.8203
UATR,47.905,59.62
UATT,50.2481,57.2041
UATZ,46.3017,53.4273
UAUR,50.3186,66.9528
UAUT,49.6324,63.4703
UAUU,53.2069,63.5503
UBBA,41.1236,45.4208
UBBB,40.4728,50.0509
UBBF,39.5946,47.1961
UBBG,40.7387,46.3204
UBBL,38.7579,48.807
UBBN,39.1888,45.4584
UBBQ,40.8086,47.7254
UBBY,41.5578,46.6695
UBBZ,39.1144,46.7439
UBEE,40.6319,47.1419
UBLC,39.8838,46.3631
UCFL,42.5856,76.7012
UDLS,41.0485,44.3372
UDSG,40.7504,43.8593
UDYE,40.1221,44.465
UDYZ,40.1489,44.3979
UEAT,65.3712,143.167
UEBB,67.648,134.695
UEBC,67.6501,134.6005
UEBG,70.8083,133.5059
UEBK,70.5957,134.5093
UEBN,71.4378,136.1897
UEBS,67.792,130.394
UEBT,70.011,135.645
UEBW,67.5431,133.3988
UECT,59.8764,111.0444
UEDB,66.7949,142.7274
UEDK,68.3634,144.5172
UEDN,63.9622,118.6446
UEEA,58.6028,125.409
UEED,65.2928,129.9919
UEEE,62.0933,129.771
UEEG,58.7569,130.6071
UEEJ,63.5684,126.5122
UEEQ,60.588,124.0478
UEEX,59.1692,131.9199
UEGT,66.2563,143.324
UEKG,67.7657,144.5091
UEKO,59.9075,118.6494
UEKU,59.0287,131.7887
UEKY,68.0768,145.9851
UELD,56.8941,124.8705
UELL,56.9139,124.914
UELT,58.4463,119.5047
UEMA,66.4509,143.2616
UEMC,67.4898,152.5757
UEMD,63.3715,125.543
UEME,63.6892,125.985
UEMH,62.789,136.855
UEMM,62.1035,129.5453
UEMN,68.3723,143.6197
UEMO,60.4018,120.4761
UEMR,63.5617,125.2554
UEMS,63.9594,127.42
UEMT,64.55,143.115
UEMU,60.3574,134.4373
UENH,63.72,124.187
UENI,63.4581,120.2692
UENK,63.8873,122.7758
UENL,62.8275,124.4039
UENN,63.2967,118.342
UENO,60.1332,117.1387
UENS,62.185,117.635
UENU,63.8521,123.8464
UENW,63.7567,121.6933
UENY,64.4772,122.7119
UEOA,59.9007,117.5977
UEOQ,59.0557,119.7803
UEOT,59.9783,119.8511
UEOU,60.5582,122.4306
UEQC,60.4809,135.1466
UEQK,60.8588,135.3089
UEQM,59.6312,133.0897
UEQN,61.1431,138.0313
UERA,65.9592,111.5465
UERL,60.7236,114.8253
UERO,68.515,112.48
UERP,66.4004,112.03
UERR,62.5347,114.039
UERS,71.9279,114.08
UERT,59.458,112.563
UESC,67.1202,156.5898
UESG,68.5562,146.2278
UESH,68.4433,153.3622
UESI,69.934,146.2028
UESK,67.4805,153.7364
UESL,67.8481,154.8389
UESO,70.6231,147.902
UESP,71.1335,149.2729
UESR,70.7261,139.2358
UESS,68.7406,161.338
UEST,71.6977,128.903
UESU,65.7485,150.8889
UESV,68.0573,151.7962
UESX,68.6767,151.8738
UESY,68.401,145.0944
UESZ,70.7463,136.1793
UEVV,66.7965,123.361
UEWD,67.2672,130.5319
UEWO,59.4609,121.3349
UEYB,63.701,122.3961
UEYR,65.1623,147.0738
UGAM,42.5269,43.1354
UGKO,42.1774,42.4854
UGMS,43.0536,42.749
UGSA,41.9212,44.7142
UGSB,41.6094,41.6003
UGSS,42.8582,41.1281
UGTB,41.6692,44.9547
UHAB,65.0139,-175.8627
UHAC,65.1722,167.9525
UHAO,64.7166,177.4631
UHAR,64.6304,174.7863
UHAS,64.4113,-173.9475
UHAW,64.1674,171.0579
UHBA,49.4165,130.0673
UHBB,50.4267,127.4155
UHBE,53.687,127.091
UHBN,51.6603,128.9329
UHBO,53.0044,128.6627
UHBP,53.0761,132.951
UHBS,51.455,128.0983
UHBW,55.2849,124.779
UHBX,54.6535,128.4559
UHDW,67.8387,-175.8494
UHEI,67.2553,167.9492
UHEK,66.9017,169.56
UHGB,59.5816,154.1539
UHGL,64.9999,153.0963
UHGQ,59.6011,150.7681
UHHG,54.7127,128.8577
UHHH,48.5283,135.1886
UHHO,49.4448,136.571
UHHT,48.5255,135.1525
UHHY,54.696,135.286
UHKD,50.6056,137.0813
UHKG,49.2357,140.1931
UHKK,50.409,136.934
UHKM,48.9251,140.0353
UHKN,50.9353,138.1875
UHKP,49.0311,140.2268
UHMA,64.7349,177.741
UHMD,64.3781,-173.243
UHME,66.3584,-179.1084
UHMF,62.457,155.745
UHMG,61.835,160.548
UHMH,62.765,148.147
UHMI,68.8681,-179.3742
UHMK,67.845,166.14
UHML,65.5804,-170.9992
UHMM,59.911,150.72
UHMN,65.24,160.54
UHMO,64.6654,170.4176
UHMP,69.7833,170.597
UHMR,63.02,179.293
UHMS,62.9208,152.4228
UHMT,59.6233,150.922
UHMW,61.9218,159.2291
UHMZ,70.9454,-179.5
UHNA,56.4321,138.0449
UHNB,52.381,140.4494
UHNK,57.4517,132.5275
UHNN,53.155,140.65
UHNT,53.7759,136.833
UHOA,60.1012,142.3015
UHOO,59.4101,143.0565
UHPA,60.5566,169.1077
UHPD,59.2236,163.0664
UHPG,57.784,158.73
UHPH,53.0262,158.722
UHPK,56.2389,162.69
UHPL,59.0821,159.8916
UHPM,54.6806,158.5485
UHPN,62.486,165.3389
UHPO,56.0901,159.8763
UHPP,53.1687,158.4511
UHPT,60.3842,166.025
UHPU,57.0997,156.7372
UHPX,55.1783,166.0483
UHQE,63.1764,167.9783
UHQO,54.307,155.9737
UHSB,44.92,147.622
UHSH,53.5164,142.8814
UHSI,45.2564,147.9555
UHSK,49.1903,142.083
UHSM,43.9611,145.685
UHSN,51.784,143.1418
UHSO,50.6699,142.7601
UHSS,46.8855,142.7175
UHTG,45.8413,137.6736
UHTO,46.4022,135.7886
UHTQ,46.5417,138.3217
UHTS,47.2508,138.7895
UHWE,47.1782,138.6574
UHWK,44.2726,135.029
UHWP,44.815,136.292
UHWT,45.0825,136.5912
UHWW,43.3963,132.1482
UIAA,52.0248,113.3058
UIAB,50.3614,116.4814
UIAC,53.5383,115.6151
UIAD,50.3721,108.7677
UIAE,50.0331,118.0611
UIAG,54.4417,116.5139
UIAM,53.7421,119.7396
UIAR,56.9144,118.2701
UIAU,53.6195,114.034
UIAY,52.6594,115.2426
UIBB,56.3696,101.7018
UIBE,60.387,107.7863
UIBS,58.1354,102.5561
UIBV,56.4877,104.106
UIIB,52.9149,103.5755
UIIH,53.2179,107.4105
UIII,52.2667,104.3956
UIIV,54.7988,105.2162
UIKB,57.8661,114.243
UIKE,61.275,108.03
UIKK,57.773,108.064
UIKM,58.3136,112.8895
UIKP,42.9217,133.9044
UIKX,60.15,109.2499
UINN,54.89,99.066
UITK,56.2802,107.5676
UITT,56.8567,105.73
UIUN,55.8008,109.595
UIUU,51.8086,107.4397
UKBB,50.345,30.8947
UKBH,49.4249,31.2302
UKCK,48.7068,37.6309
UKCM,47.0761,37.4496
UKDB,46.815,36.7581
UKDD,48.3572,35.1006
UKDE,47.867,35.3147
UKDR,48.0433,33.21
UKFB,44.6918,33.5746
UKFF,45.0522,33.9751
UKFG,45.1162,33.9766
UKFI,45.0906,33.5985
UKFK,45.3725,36.4014
UKFW,44.9163,34.0616
UKFY,45.7009,34.4189
UKGW,50.696,26.7
UKHD,50.0247,36.2668
UKHH,49.9269,36.2908
UKHP,49.5686,34.3972
UKHS,50.8583,34.7625
UKIN,48.8259,29.3343
UKKE,49.4156,31.9953
UKKG,48.5428,32.285
UKKM,50.6035,30.1919
UKKO,50.1583,28.7383
UKKV,50.2706,28.7386
UKLC,50.6784,25.4872
UKLH,49.3597,26.9334
UKLI,48.8842,24.6861
UKLL,49.8125,23.9561
UKLN,48.2593,25.9808
UKLR,50.6071,26.1416
UKLT,49.5242,25.7001
UKLU,48.6343,22.2634
UKNG,50.5153,31.0466
UKOH,46.6758,32.5064
UKOO,46.4272,30.6726
UKOR,46.9364,32.0986
UKVE,47.86,35.3221
UKVN,50.4792,29.7358
UKWW,49.2425,28.6138
ULAA,64.6003,40.7167
ULAD,64.5313,39.7741
ULAH,64.4417,40.4217
ULAL,64.896,45.723
ULAM,67.64,53.1219
ULAO,63.9094,38.1218
ULAR,61.515,38.912
ULAS,65.03,35.7306
ULBK,65.8783,44.1129
ULBM,64.3854,37.4412
ULBZ,64.96,36.83
ULDD,69.7633,61.5564
ULDT,68.7642,61.4187
ULDW,68.8485,58.2014
ULEH,67.4167,58.0448
ULEK,67.0274,51.1148
ULER,66.8461,59.5393
ULIC,64.887,46.721
ULJI,66.6373,45.9062
ULJM,66.6525,46.5076
ULJO,64.495,46.1467
ULKK,61.2358,46.6975
ULKS,60.995,46.87
ULLD,59.8819,30.306
ULLI,59.8003,30.2625
ULLP,59.685,30.3383
ULMA,66.697,34.387
ULMM,68.7817,32.7508
ULNP,58.608,35.78
ULOO,57.7813,28.3938
ULPB,61.8852,34.1547
ULPK,65.21,31.135
ULPP,61.8319,34.2956
ULPS,63.759,34.283
ULSR,59.8605,30.052
ULSW,59.8353,31.4805
ULSZ,60.268,29.234
ULWC,59.2736,38.0158
ULWK,59.9757,45.8289
ULWU,60.7883,46.26
ULWW,59.2825,39.9444
UMBB,52.1081,23.8968
UMBK,52.164,24.3999
UMGG,52.527,31.0167
UMGI,53.0147,29.8785
UMII,55.1265,30.3496
UMKE,54.5409,20.3362
UMKK,54.8916,20.5986
UMKS,54.5159,20.6185
UMLI,53.7734,27.5774
UMMA,53.1,26.05
UMMG,53.602,24.0538
UMMS,53.8881,28.04
UMNB,53.105,29.205
UMNM,53.945,30.244
UMNV,52.5823,24.3799
UMOO,53.9549,30.0951
UNAA,53.74,91.385
UNAU,53.3852,92.0447
UNBA,49.9464,88.6301
UNBB,53.3613,83.5397
UNBC,49.9071,86.5442
UNBG,51.9692,85.8365
UNBH,51.9771,84.9753
UNBM,52.0251,80.3373
UNBU,50.2647,85.7135
UNCC,55.0957,82.9095
UNEA,56.1498,86.0538
UNEE,55.2701,86.1072
UNHA,58.964,101.5719
UNHT,64.2788,100.2142
UNHZ,60.9008,89.6807
UNIA,58.5291,88.4031
UNIB,61.6767,96.355
UNII,58.4742,92.1125
UNIJ,60.255,90.195
UNIP,61.5897,89.994
UNIS,60.3733,93.0117
UNIT,64.3335,100.4329
UNIW,60.3562,102.3096
UNKB,58.3806,97.4723
UNKI,58.4794,99.0939
UNKL,56.1757,92.4858
UNKM,56.1776,92.5459
UNKO,55.4549,89.1739
UNKS,56.2692,90.5751
UNKY,51.6694,94.4006
UNLK,59.0619,80.8232
UNLL,58.3253,82.9325
UNLW,58.586,76.504
UNNE,55.0924,83.0045
UNNT,55.0198,82.6187
UNOK,55.02,74.61
UNOO,54.9631,73.3124
UNOS,54.975,73.555
UNOT,56.9,74.3
UNOW,57.504,72.331
UNSB,58.4589,79.5317
UNSN,58.215,80.6237
UNSR,58.095,76.0083
UNSS,60.7094,77.66
UNTR,56.5026,84.6866
UNTT,56.3803,85.2083
UNWW,53.8114,86.8772
UODD,73.5178,80.3797
UODL,77.712,104.24
UODN,80.8032,47.6636
UODS,79.5296,91.075
UOHH,71.9781,102.491
UOIC,68.0767,87.645
UOIG,66.84,88.4033
UOII,67.4372,86.6219
UOOO,69.308,87.3259
UOOW,69.3981,88.3523
UOTT,65.7972,87.9353
UOTU,64.2102,93.7925
UPTS,49.2677,23.4967
URKA,45.0021,37.3473
URKG,44.5821,38.0125
URKK,45.0345,39.1742
URKR,44.9687,41.1074
URKS,44.946,38.932
URME,44.06,42.829
URMG,43.3881,45.6998
URML,42.8168,47.6523
URMM,44.2251,43.0819
URMN,43.5129,43.6366
URMO,43.2051,44.6066
URMS,43.3233,45.0126
URMT,45.1092,42.1128
UROD,69.375,86.1567
URRH,47.697,40.287
URRN,47.466,41.925
URRP,47.4939,39.9247
URRT,47.1983,38.8492
URSS,43.4499,39.9566
URWA,46.2828,48.0105
URWI,46.3739,44.3309
URWW,48.7813,44.3392
USCC,55.3031,61.5049
USCG,55.26,61.3
USCM,53.392,58.7552
USCV,54.953,61.5
USDA,71.2192,72.0522
USDB,70.3153,68.3336
USDD,66.5908,66.611
USDE,70.1639,72.5276
USDI,69.0929,76.861
USDK,68.4677,73.5967
USDL,66.6745,66.442
USDO,63.9878,82.0509
USDP,65.717,82.455
USDR,66.8535,70.8474
USDS,64.9305,77.8113
USDT,67.4842,78.6444
USDU,65.96,78.437
USDV,69.3831,72.5226
USDX,71.1235,66.9273
USHA,64.2571,60.9123
USHB,63.921,65.0305
USHH,61.0285,69.0861
USHI,63.2004,64.4401
USHK,59.6551,67.43
USHL,59.7251,65.8333
USHN,62.11,65.615
USHQ,63.6869,66.6986
USHS,61.3266,63.6019
USHU,60.1033,64.8267
USII,56.8345,53.4622
USKK,58.5039,49.3478
USMM,65.4809,72.6989
USMU,66.0694,76.5203
USNN,60.9493,76.4836
USPP,57.9145,56.0212
USPT,59.5795,56.8577
USRA,62.265,71.191
USRK,62.1904,74.5338
USRN,61.1083,72.65
USRO,63.1833,75.27
USRR,61.3405,73.4058
USSK,56.7017,60.79
USSQ,57.8681,61.7483
USSS,56.7431,60.8027
USTJ,58.0597,68.348
USTL,57.1447,65.4697
USTO,58.1358,68.2319
USTR,57.179,65.3277
USUU,55.4753,65.4156
UTAA,37.9868,58.361
UTAE,37.8221,65.1353
UTAK,40.0628,53.0051
UTAM,37.6235,61.8957
UTAT,41.7599,59.8361
UTAV,38.9307,63.564
UTDD,38.5437,68.823
UTDK,37.9881,69.805
UTDL,40.2154,69.6947
UTDT,37.8663,68.8645
UTFN,40.9846,71.5578
UTKA,40.7277,72.294
UTKF,40.3588,71.745
UTKK,40.4478,70.9911
UTNM,43.7536,59.0299
UTNN,42.4884,59.6233
UTNU,41.5827,60.6434
UTSA,40.1176,65.1727
UTSB,39.7753,64.4823
UTSH,39.068,66.7584
UTSK,38.8022,65.7731
UTSL,38.8336,65.9215
UTSM,41.7622,64.6003
UTSN,41.6138,64.233
UTSR,38.408,67.945
UTSS,39.7018,66.9815
UTST,37.2873,67.3119
UTSU,42.0831,63.4493
UTTP,41.3129,69.3955
UTTT,41.2579,69.2812
UTTZ,40.014,68.411
UUAE,56.6917,38.843
UUAN,57.0295,35.0167
UUBA,57.7969,41.0194
UUBC,54.55,36.3667
UUBI,56.9394,40.9408
UUBK,58.1042,38.9294
UUBN,56.9147,35.9357
UUBP,53.2144,34.176
UUBQ,58.3928,45.5544
UUBS,54.745,32.065
UUBW,55.5533,38.15
UUDD,55.4088,37.9063
UUDL,57.5607,40.1574
UUEE,55.9769,37.4112
UUEI,56.7983,37.33
UUEM,56.8247,35.7577
UUMD,55.1298,39.1457
UUMI,54.8894,38.147
UUML,55.2066,38.6791
UUMT,54.905,39.0267
UUMU,55.8783,38.0617
UUMY,54.8152,38.6293
UUOB,50.6438,36.5901
UUOD,51.6529,39.2562
UUOK,51.7506,36.2956
UUOL,52.7028,39.5378
UUOO,51.8143,39.2309
UUOQ,51.5872,39.4901
UUOT,52.8061,41.4828
UUOW,50.2249,38.1109
UUPM,65.0777,57.2323
UURB,65.4785,54.2615
UURG,66.6706,56.9807
UURH,67.213,56.781
UUTK,57.2324,37.8608
UUTZ,56.5536,36.5595
UUWK,55.0238,36.2446
UUWL,55.4254,37.1299
UUWW,55.5915,37.2615
UUXM,63.385,58.8151
UUYH,63.5669,53.8047
UUYI,66.0534,60.1058
UUYK,63.8233,57.28
UUYM,62.6054,50.9252
UUYN,66.7151,52.2929
UUYP,65.1211,57.1308
UUYS,66.0047,57.3672
UUYT,61.69,53.71
UUYV,65.0317,53.97
UUYW,67.4886,63.9931
UUYX,65.4373,52.2003
UUYY,61.647,50.8451
UWGB,55.02,45.315
UWGG,56.2274,43.7852
UWKB,54.6412,52.8002
UWKD,55.6062,49.2787
UWKE,55.5647,52.0925
UWKG,55.8667,49.1333
UWKJ,56.7006,47.9047
UWKS,56.0903,47.3473
UWKW,55.8592,49.0384
UWLL,54.2702,48.2256
UWLS,54.0153,48.306
UWLW,54.401,48.8027
UWOD,51.4993,59.9367
UWOH,52.0778,59.6865
UWOO,51.7927,55.4572
UWOR,51.0725,58.5956
UWOS,50.8007,60.9024
UWPP,53.1106,45.0211
UWPS,54.1251,45.2123
UWSB,51.8583,47.7456
UWSG,51.7128,46.1711
UWSK,50.9555,46.9499
UWTK,55.5387,49.3215
UWUA,52.6874,58.7148
UWUB,53.9384,58.3401
UWUK,54.44,53.3883
UWUU,54.5575,55.8744
UWUZ,55.6975,54.0677
UWWB,53.7184,52.3719
UWWE,53.6961,49.4915
UWWG,53.22,50.325
UWWS,53.2413,50.375
UWWW,53.5049,50.1643
VAAH,23.0772,72.6347
VAAK,20.6989,77.0569
VAAU,19.8629,75.3963
VABB,19.0887,72.8679
VABJ,23.2878,69.6702
VABM,15.8593,74.6183
VABO,22.3362,73.2263
VABP,23.2875,77.3374
VABV,21.7522,72.1852
VADN,20.4344,72.8432
VADS,24.2679,72.2044
VAGN,24.6547,77.3473
VAHB,15.3611,75.0821
VAHS,22.3788,71.0394
VAID,22.7214,75.8005
VAJB,23.1778,80.052
VAJJ,19.0981,72.8342
VAJL,20.9627,75.6275
VAJM,22.4655,70.0126
VAKE,23.1127,70.1003
VAKJ,24.8172,79.9186
VAKP,16.6647,74.2894
VAKS,21.3171,70.2704
VALT,18.4115,76.4647
VAMA,22.8348,69.7654
VAND,19.1833,77.3167
VANP,21.0922,79.0472
VAOZ,20.1191,73.9129
VAPO,18.5821,73.9197
VAPR,21.6495,69.6564
VARG,17.0136,73.3278
VARK,22.3092,70.7795
VARP,21.1804,81.7388
VASD,19.6892,74.3737
VASL,17.628,75.9348
VASU,21.1155,72.7433
VAUD,24.6177,73.8961
VCBI,7.1808,79.8841
VCCA,8.3015,80.4285
VCCB,7.7051,81.6772
VCCC,6.8216,79.8859
VCCG,7.3367,81.6239
VCCH,8.0498,80.9814
VCCJ,9.7923,80.0701
VCCK,5.9937,80.3203
VCCN,6.5521,79.9775
VCCS,7.9567,80.7285
VCCT,8.5392,81.1813
VCCV,8.741,80.4978
VCCW,6.2545,81.2352
VCRI,6.2839,81.1242
VDBG,13.0956,103.224
VDKC,12.0287,105.4412
VDKK,11.6134,102.9971
VDMK,12.4646,107.188
VDPP,11.5472,104.8447
VDRK,13.73,106.987
VDSA,13.3697,104.2238
VDST,13.5313,106.0143
VDSV,10.5706,103.6321
VDSY,12.5385,104.1486
VEAH,26.1533,83.1183
VEAN,28.1753,94.802
VEAT,23.887,91.2404
VEAZ,23.7462,92.8028
VEBA,22.5042,88.2934
VEBD,26.6812,88.3286
VEBG,25.2617,88.7956
VEBI,25.7036,91.9787
VEBK,23.6435,86.1489
VEBM,19.2975,84.8769
VEBN,25.4522,82.8625
VEBS,20.251,85.8147
VEBU,21.9884,82.111
VECA,27.4622,95.1177
VECC,22.654,88.4476
VECK,22.4636,86.7052
VECO,26.3305,89.4672
VECT,25.1677,80.9358
VEDB,23.834,86.4253
VEDG,23.6225,87.243
VEDH,26.1928,85.9169
VEDO,24.4468,86.705
VEDX,22.3395,87.2145
VEDZ,27.9855,94.2228
VEGK,26.7397,83.4497
VEGT,26.1067,91.5852
VEGY,24.7443,84.9512
VEHK,21.5802,84.0057
VEHX,26.6983,89.3691
VEIM,24.76,93.8967
VEJH,21.9135,84.0504
VEJP,18.8795,82.5525
VEJS,22.8137,86.169
VEJT,26.7305,94.1754
VEKG,26.0758,87.9397
VEKH,25.6146,87.5554
VEKI,26.7765,83.8892
VEKJ,21.6967,85.5817
VEKM,24.1343,91.8108
VEKR,24.3087,92.0077
VEKU,24.9129,92.9787
VEKW,24.0619,91.6039
VELP,23.8406,92.6197
VELR,27.2957,94.0973
VEMH,25.0102,88.1269
VEMN,27.4839,95.0169
VEMR,25.8839,93.7711
VEMZ,26.1191,85.3137
VENP,20.87,82.5196
VEPG,28.0648,95.337
VEPH,23.4743,87.4275
VEPI,22.781,88.3592
VEPT,25.5913,85.088
VEPU,25.7596,87.41
VERC,23.3143,85.3217
VERK,22.2566,84.8152
VERL,26.9667,84.8333
VERU,26.1419,89.9079
VETJ,27.9412,96.1344
VETZ,26.7091,92.7847
VEUK,20.0978,83.1833
VEVZ,17.7235,83.2277
VEZO,27.5883,93.8281
VGBG,24.8668,89.3165
VGBR,22.801,90.3012
VGCB,21.4575,91.9633
VGCM,23.4401,91.1887
VGEG,22.2496,91.8133
VGHS,23.8433,90.3978
VGIS,24.1525,89.0494
VGJR,23.1838,89.1608
VGLM,25.8876,89.4313
VGRJ,24.4372,88.6165
VGSD,25.7592,88.9089
VGSG,26.0164,88.4021
VGSH,24.3983,91.9169
VGSY,24.964,91.8647
VGTJ,23.7785,90.3827
VHHH,22.3118,113.9149
VHSK,22.4366,114.08
VHST,22.2889,114.1524
VIAG,27.158,77.961
VIAH,27.8614,78.1454
VIAL,25.4401,81.7339
VIAM,30.3681,76.8167
VIAR,31.7096,74.7973
VIAW,33.8766,74.9757
VIAX,31.4338,75.7588
VIBK,28.0706,73.2072
VIBL,26.9883,80.8931
VIBR,31.8767,77.1544
VIBT,30.2701,74.7558
VIBW,28.837,76.1791
VIBY,28.4221,79.4508
VICG,30.6735,76.7885
VICX,26.4043,80.4101
VIDD,28.5855,77.2036
VIDF,29.5936,80.2392
VIDN,30.1892,78.1767
VIDP,28.5556,77.0952
VIDX,28.7077,77.3589
VIGG,32.1649,76.263
VIGR,26.2933,78.2278
VIHR,29.1861,75.7414
VIHX,30.7485,75.6298
VIJN,25.4912,78.5584
VIJO,26.2511,73.0489
VIJP,26.8242,75.8122
VIJR,26.8887,70.865
VIJU,32.6888,74.8382
VIKA,26.4409,80.365
VIKG,26.591,74.813
VIKO,25.1602,75.8456
VILD,30.8547,75.9526
VILH,34.1359,77.5465
VILK,26.7606,80.8893
VILP,24.717,78.417
VIMB,28.8175,78.9219
VIPK,32.2336,75.6344
VIPL,30.3148,76.3645
VIPT,29.0334,79.4737
VIPX,27.1049,72.2129
VIRB,26.2485,81.3805
VISA,29.5606,75.0061
VISM,31.0818,77.068
VISP,29.9943,77.4246
VISR,33.9871,74.7742
VIST,24.5626,80.8529
VISV,27.4997,82.0329
VIUT,25.813,71.4823
VIUX,32.9022,75.1557
VLAP,14.7931,107.0453
VLHS,20.2573,100.437
VLLB,19.9043,102.1672
VLLN,20.967,101.4
VLNK,20.6133,104.0661
VLOS,20.6827,101.994
VLPS,15.134,105.7799
VLPV,19.4549,103.218
VLSB,19.2436,101.7093
VLSK,16.5566,104.76
VLSN,20.4184,104.067
VLSP,16.9592,105.9817
VLSV,15.709,106.4109
VLTK,17.3779,104.8574
VLVT,17.9851,102.5667
VLXK,19.45,103.158
VLXL,19.6203,100.8153
VMMC,22.1496,113.592
VNBG,29.539,81.1854
VNBJ,27.1474,87.0508
VNBL,28.2128,83.6663
VNBP,27.6781,84.4294
VNBR,29.502,81.669
VNBT,29.4634,80.549
VNBW,27.5046,83.4104
VNCG,26.5708,88.0796
VNDG,28.1111,82.2942
VNDH,28.7553,80.5834
VNDL,29.6686,80.5482
VNDP,28.9857,82.8187
VNDR,28.4921,83.0506
VNDT,29.2622,80.936
VNGK,28.0385,84.4664
VNJI,27.6263,86.2306
VNJL,29.2742,82.1933
VNJP,26.7088,85.9224
VNJS,28.7804,83.723
VNKL,27.4106,86.6466
VNKT,27.6966,85.3591
VNLD,27.2531,86.67
VNLK,27.6868,86.7295
VNLT,28.2,85.583
VNMA,28.6414,84.0892
VNMG,27.5774,84.2288
VNMN,28.9632,80.1479
VNNG,28.1036,81.667
VNPK,28.2006,83.9812
VNPL,27.5178,86.585
VNRB,26.5101,86.7339
VNRC,27.394,86.0614
VNRK,28.627,82.194
VNRP,28.2673,82.7565
VNRT,27.3035,86.5504
VNSB,27.8112,86.7124
VNSI,27.1598,84.98
VNSK,28.586,81.636
VNSL,28.6362,82.4502
VNSR,29.2366,81.2153
VNST,29.9711,81.8189
VNTH,27.0479,86.858
VNTJ,27.3509,87.6953
VNTP,28.5219,81.123
VNTR,27.315,87.1933
VNVT,26.4815,87.264
VOAR,13.0712,79.6912
VOAT,10.8237,72.176
VOBG,12.95,77.6682
VOBI,15.1628,76.8828
VOBL,13.1979,77.7063
VOBR,17.9081,77.4871
VOBZ,16.53,80.8049
VOCB,11.03,77.0434
VOCC,9.9461,76.2719
VOCI,10.151,76.4008
VOCL,11.136,75.9552
VOCP,14.5132,78.7692
VOCX,9.1531,92.8193
VODG,17.6272,78.4034
VOGA,15.7443,73.8606
VOGB,17.3082,76.9652
VOGO,15.3801,73.8333
VOHK,17.5535,78.5249
VOHS,17.2313,78.4299
VOHY,17.4531,78.4676
VOJV,15.1759,76.633
VOKN,11.9163,75.545
VOKP,15.3595,76.2194
VOKU,15.7163,78.1692
VOMD,9.8345,78.0934
VOML,12.9547,74.8868
VOMM,12.99,80.1693
VOMY,12.2298,76.6537
VONS,16.5416,79.3165
VONV,11.613,79.5274
VOPB,11.6402,92.729
VOPC,11.968,79.812
VOPN,14.1493,77.7911
VORG,18.701,79.3923
VORM,9.3251,78.9715
VORR,16.2797,77.3603
VORY,17.1058,81.8132
VOSM,11.7833,78.0656
VOSX,11.0136,77.1597
VOTJ,10.7238,79.1095
VOTK,8.7242,78.0258
VOTP,13.632,79.5399
VOTR,10.7629,78.7177
VOTV,8.4819,76.92
VOTX,12.9072,80.1219
VOVI,17.9715,83.5036
VOVR,12.9088,79.0668
VOWA,17.9144,79.6022
VOYK,13.1355,77.606
VQBT,27.5622,90.7471
VQGP,26.8846,90.4641
VQPR,27.4032,89.4246
VQTU,27.4513,89.6557
VQTY,27.2563,91.5146
VRAH,6.9697,72.8963
VRBK,6.6308,73.0678
VRDA,5.8174,73.4684
VREI,5.7083,73.025
VRMD,5.1561,73.1302
VRMF,-0.3097,73.435
VRMG,-0.693,73.1526
VRMH,6.7432,73.1671
VRMK,1.8592,73.5219
VRMM,4.1918,73.5291
VRMO,0.7324,73.4336
VRMT,0.4881,72.9969
VRMU,2.6661,72.8871
VRMV,3.4718,72.8326
VRNT,2.211,73.1533
VRQM,0.3381,73.5129
VTBD,13.9126,100.607
VTBE,14.5082,100.919
VTBH,14.9494,100.643
VTBI,14.0778,101.38
VTBK,14.102,99.9172
VTBL,14.8746,100.6634
VTBN,12.4172,99.8694
VTBO,12.2746,102.319
VTBP,11.7884,99.8047
VTBS,13.6811,100.747
VTBT,13.2324,100.9568
VTBU,12.6799,101.005
VTBV,12.254,102.5185
VTBW,13.7692,102.316
VTCC,18.7668,98.9626
VTCH,19.3013,97.9758
VTCI,19.3721,98.4359
VTCL,18.2709,99.5042
VTCN,18.8079,100.783
VTCO,18.549,99.0124
VTCP,18.1322,100.165
VTCS,18.181,97.9306
VTCT,19.9523,99.8829
VTCY,18.6762,99.1116
VTED,17.383,102.8
VTPB,16.676,101.195
VTPH,12.6362,99.9515
VTPI,15.2773,100.296
VTPL,16.8241,101.2512
VTPM,16.6999,98.5451
VTPN,15.673,100.137
VTPO,17.238,99.8182
VTPP,16.7829,100.279
VTPR,13.6686,99.7314
VTPT,16.896,99.2533
VTPY,17.2342,99.0579
VTSA,6.6614,100.08
VTSB,9.1326,99.1356
VTSC,6.5199,101.743
VTSE,10.7112,99.3617
VTSF,8.5396,99.9447
VTSG,8.0956,98.989
VTSH,7.1866,100.608
VTSK,6.7855,101.154
VTSM,9.5478,100.062
VTSN,8.4711,99.9556
VTSP,8.1133,98.3174
VTSR,9.7776,98.5855
VTSS,6.9332,100.393
VTST,7.5087,99.6166
VTSW,8.0187,98.4029
VTUD,17.3862,102.7886
VTUI,17.1951,104.119
VTUJ,14.8683,103.498
VTUK,16.4666,102.784
VTUL,17.4391,101.722
VTUN,14.9347,102.0789
VTUO,15.2295,103.253
VTUQ,14.9495,102.313
VTUR,16.0704,103.646
VTUU,15.2513,104.87
VTUV,16.1168,103.774
VTUW,17.3838,104.643
VTUZ,16.6522,102.967
VVBM,12.6683,108.12
VVCA,15.4033,108.706
VVCI,20.8174,106.7243
VVCM,9.1777,105.1778
VVCR,11.9982,109.219
VVCS,8.7318,106.633
VVCT,10.0834,105.7094
VVDB,21.3975,103.008
VVDH,17.515,106.5906
VVDL,11.7506,108.367
VVDN,16.0439,108.199
VVGL,21.0405,105.886
VVKP,21.3946,106.261
VVNB,21.2212,105.807
VVNS,21.2153,104.0328
VVPB,16.4006,107.7031
VVPC,13.955,109.042
VVPK,14.0045,108.017
VVPQ,10.1698,103.9935
VVPR,11.6335,108.952
VVRG,9.958,105.1324
VVTH,13.0496,109.334
VVTS,10.8188,106.652
VVTX,19.9017,105.4678
VVVD,21.1207,107.4154
VVVH,18.7376,105.671
VVVT,10.3751,107.0962
VYAN,19.7692,94.0261
VYAS,21.9554,96.4061
VYBG,21.1788,94.9302
VYBM,24.2704,97.2476
VYBP,11.1494,98.7359
VYCI,14.138,93.3679
VYCZ,21.9405,96.0896
VYDW,14.1039,98.2036
VYFS,22.9392,93.6153
VYGG,22.1747,94.1344
VYGW,17.6,94.5833
VYHB,17.1167,96.0667
VYHH,20.7471,96.792
VYHL,24.8996,94.914
VYHN,21.7,94.1
VYKG,21.3016,99.636
VYKI,25.9883,95.6744
VYKL,23.1888,94.0511
VYKP,19.4264,93.5348
VYKT,10.0493,98.538
VYKU,21.4,94.1333
VYLK,19.6915,97.2148
VYLN,25.65,96.367
VYLS,22.9779,97.7522
VYLY,20.9404,94.8226
VYMD,21.7022,95.9779
VYME,12.4398,98.6215
VYMH,20.833,99.95
VYMI,22.483,98.033
VYMK,25.3836,97.3519
VYML,20.8864,95.8928
VYMM,16.4447,97.6607
VYMN,18.8458,93.6889
VYMO,23.0925,96.6453
VYMP,21.35,99.033
VYMS,20.5168,99.2568
VYMT,20.2967,98.8989
VYMU,20.5259,93.253
VYMW,20.1656,94.9414
VYMY,22.2216,95.0935
VYNM,27.5,97.817
VYNP,25.3544,97.2952
VYNS,20.8905,97.7359
VYNT,19.6235,96.201
VYNU,23.083,97.383
VYPA,16.8937,97.6746
VYPB,24.25,94.783
VYPE,21.2842,92.9005
VYPI,11.2761,98.2133
VYPK,21.4492,94.4869
VYPL,24.083,95.367
VYPN,16.8152,94.7799
VYPP,18.0667,97.4498
VYPT,27.3299,97.4263
VYPU,21.4043,95.1112
VYPW,12.9593,98.6416
VYPY,18.8245,95.266
VYSA,21.167,94.167
VYSL,22.1,95.017
VYST,20.9417,95.9145
VYSW,20.1332,92.8707
VYTD,18.4607,94.3001
VYTL,20.4838,99.9354
VYTN,26.367,96.733
VYTO,19.0313,96.4012
VYTY,22.483,98.4
VYXG,21.4067,94.1303
VYYE,15.3014,97.8643
VYYY,16.9073,96.1332
WAAA,-5.0755,119.5537
WAAG,-3.7382,119.7502
WAAT,-3.1094,119.856
WABB,-1.19,136.108
WABC,-4.6043,137.6576
WABD,-4.0066,136.0377
WABF,-0.9357,134.8723
WABG,-4.0592,136.2817
WABI,-3.398,135.3931
WABK,-3.6846,138.479
WABL,-3.9765,137.6225
WABN,-4.7107,136.4351
WABO,-1.8284,136.0624
WABP,-4.5298,136.8874
WABT,-3.9257,136.3786
WABW,-1.6285,134.124
WABY,-3.8248,136.3858
WADB,-8.5372,118.685
WADD,-8.7484,115.1671
WADE,-8.1393,114.6154
WADL,-8.76,116.2782
WADS,-8.489,117.412
WADT,-9.4092,119.2426
WADU,-8.9899,117.216
WADW,-9.6692,120.302
WADY,-8.3102,114.3401
WAEA,1.406,115.3325
WAEE,0.831,127.3816
WAEF,-1.3333,121.6333
WAES,-2.1004,125.9658
WAEW,2.046,128.325
WAFB,-3.1844,119.9191
WAFD,-3.0823,120.2448
WAFF,-0.9165,119.9086
WAFJ,-2.59,119.0251
WAFL,1.1234,120.7937
WAFM,-2.558,120.3243
WAFN,-2.2712,119.8982
WAFP,-1.4141,120.6592
WAFQ,-1.5488,123.5541
WAFS,-3.1504,119.3023
WAFU,-0.8654,121.6286
WAFW,-1.0359,122.7739
WAFZ,0.4618,121.8147
WAGB,-1.0258,114.9288
WAGF,-3.3761,112.5365
WAGG,-2.2271,113.9434
WAGL,3.0833,116.4333
WAGP,-0.6884,114.4448
WAHI,-7.9053,110.0573
WAHL,-7.6451,109.034
WAHP,-7.4612,109.4141
WAHU,-5.8009,110.4784
WAJB,-3.6846,138.6774
WAJC,-3.2706,138.6134
WAJD,-1.9353,139.02
WAJG,-4.4427,140.8836
WAJI,-1.8731,138.7533
WAJJ,-2.5796,140.5199
WAJK,-4.7135,140.7403
WAJL,-3.08,139.9528
WAJM,-3.7019,137.957
WAJO,-4.9071,140.6277
WAJS,-3.4424,140.7781
WAJY,-0.4201,132.1886
WAKD,-5.8769,140.7095
WAKE,-7.1759,139.5833
WAKG,-5.5433,138.1349
WAKK,-8.5239,140.4197
WAKL,-5.8065,139.8676
WAKM,-6.1851,138.6372
WAKO,-8.0946,139.7233
WAKP,-6.543,139.3324
WAKQ,-5.6907,139.3504
WAKT,-6.0967,140.3035
WALE,-0.2036,115.76
WALG,2.8381,117.3746
WALJ,0.807,114.5291
WALK,-1.1605,116.7119
WALL,-1.2683,116.8945
WALQ,-0.306,117.4157
WALR,3.3251,117.5642
WALS,-0.3745,117.2501
WALT,-0.0926,117.4391
WALV,3.4557,117.867
WALX,2.0072,117.749
WAMA,1.8381,127.7862
WAMD,1.117,127.483
WAME,0.9171,128.3821
WAMG,0.6371,122.85
WAMH,3.6848,125.5272
WAMI,0.8885,124.0336
WAMJ,-0.0789,129.458
WAMK,1.1886,127.896
WAMM,1.5486,124.9262
WAMN,4.0103,126.6732
WAMO,2.6486,125.4233
WAMP,-2.7993,122.1414
WAMS,5.5604,126.5801
WAMU,-1.425,120.3164
WAMY,1.1023,121.4134
WAOC,-3.4124,115.995
WAOG,-3.627,116.3704
WAOH,-3.9896,116.1015
WAOI,-2.7052,111.673
WAOK,-3.2948,116.1638
WAON,-2.2166,115.436
WAOO,-3.4401,114.7612
WAOS,-2.4992,112.975
WAOT,-3.4203,115.6867
WAOU,-1.6695,114.8993
WAOW,-1.469,113.081
WAPA,-3.3479,128.9271
WAPB,-3.11,130.51
WAPC,-4.5214,129.9054
WAPD,-5.7737,134.2092
WAPE,-1.7823,125.4822
WAPF,-5.7603,132.7594
WAPG,-3.8552,126.7009
WAPH,-0.6338,127.5054
WAPI,-7.9886,131.306
WAPK,-6.0661,134.274
WAPL,-5.6616,132.731
WAPN,-3.1432,126.9765
WAPO,-7.1282,131.7673
WAPP,-3.7103,128.089
WAPR,-3.2369,127.1002
WAPT,-1.6426,124.559
WAPU,-3.4626,130.7906
WAPV,-2.8114,129.484
WAQC,2.1976,118.5994
WAQG,3.7739,115.8559
WAQM,3.5753,116.6198
WAQP,4.0439,116.1289
WAQT,2.1478,117.4307
WAQU,3.6116,115.6992
WAQV,2.5906,115.7986
WAQW,1.3844,115.7073
WAQX,3.5228,116.5173
WARA,-7.9291,112.7142
WARC,-7.1955,111.5453
WARE,-8.2425,113.6935
WARI,-7.6158,111.434
WARJ,-7.7882,110.432
WARP,-6.9565,115.9311
WARQ,-7.516,110.7575
WARR,-7.3798,112.787
WARS,-6.9707,110.3732
WART,-7.0224,113.8877
WARW,-5.7236,112.6789
WASA,-1.1598,132.4641
WASB,-2.1026,133.516
WASC,-1.4967,134.1925
WASE,-0.8104,133.0549
WASF,-2.9205,132.267
WASI,-2.1274,132.1601
WASK,-3.6446,133.6951
WASM,-1.5912,133.2959
WASN,-0.425,130.7735
WASO,-2.5322,133.439
WASR,-0.8918,134.049
WASS,-0.894,131.287
WAST,-1.4454,132.0211
WASU,-1.3168,132.287
WASW,-2.7204,134.5059
WATA,-9.0748,124.9033
WATB,-8.7078,121.0582
WATC,-8.6395,122.2381
WATE,-8.8491,121.661
WATG,-8.5962,120.4782
WATL,-8.2744,123.002
WATM,-8.1323,124.597
WATO,-8.4807,119.8883
WATQ,-8.0157,127.2002
WATR,-10.7658,123.076
WATS,-10.4924,121.8482
WATT,-10.1716,123.671
WATW,-8.3618,123.4386
WAVV,-4.0973,138.9524
WAWB,-5.486,122.5698
WAWD,-5.2921,123.6362
WAWH,-6.1792,120.4375
WAWN,-4.4596,120.3104
WAWP,-4.3382,121.524
WAWR,-4.7633,122.5664
WAWS,-2.5306,121.3561
WAWT,-3.0447,119.822
WAWW,-4.0816,122.418
WAYH,-4.3089,138.2465
WAYI,-3.7414,136.8592
WAYP,-4.2835,134.9744
WAYQ,-4.3886,138.2339
WAYU,-3.8686,137.4683
WAYW,-2.2645,136.3841
WBAK,4.6352,114.3787
WBGA,3.817,114.7
WBGB,3.1239,113.02
WBGC,2.6521,113.767
WBGD,4.217,115.6
WBGE,2.617,114.133
WBGF,3.421,115.154
WBGG,1.4874,110.3529
WBGI,3.9761,115.0673
WBGJ,4.8083,115.01
WBGK,2.8819,112.0433
WBGL,3.3109,114.7856
WBGM,4.1787,114.3303
WBGN,1.8127,109.7654
WBGO,3.1976,115.3088
WBGP,2.0105,112.9315
WBGQ,3.974,115.618
WBGR,4.322,113.987
WBGS,2.2616,111.985
WBGU,4.5522,115.494
WBGW,4.8492,115.408
WBGZ,3.7346,115.4785
WBKA,4.4546,118.595
WBKB,6.3652,116.471
WBKD,5.0324,118.3238
WBKE,5.6286,117.126
WBKG,5.3555,116.1649
WBKH,5.0878,119.094
WBKK,5.9327,116.0493
WBKL,5.3017,115.2483
WBKM,5.4026,118.6576
WBKN,4.4098,115.7245
WBKO,4.733,116.467
WBKP,5.9966,117.4048
WBKR,5.9578,116.6802
WBKS,5.9009,118.059
WBKT,6.9241,116.8371
WBKU,5.5972,115.5827
WBKW,4.3134,118.1215
WBMU,4.0483,114.805
WBSB,4.9442,114.928
WBTM,2.1778,111.202
WIAC,0.4502,111.217
WIAG,-4.4894,105.217
WIAJ,-6.5388,106.7555
WIAK,-6.9828,107.573
WIBB,0.4586,101.4443
WIBD,1.609,101.4335
WIBI,0.2185,103.163
WIBJ,-0.3528,102.335
WIBL,0.4993,101.9234
WIBS,1.37,102.14
WIBT,1.0529,103.3915
WICA,-6.6474,108.1656
WICB,-6.2932,106.57
WICC,-6.9006,107.576
WICD,-6.757,108.5388
WICM,-7.348,108.247
WICN,-7.7199,108.489
WIDB,0.9799,107.5647
WIDD,1.121,104.119
WIDE,0.8454,100.3702
WIDL,2.9645,105.7548
WIDM,3.3481,106.258
WIDN,0.924,104.5334
WIDS,-0.4796,104.5795
WIFL,-1.4974,110.6749
WIGM,-2.5411,101.0877
WIHC,-6.3564,106.9008
WIHF,-5.4779,106.3949
WIHH,-6.267,106.8903
WIHP,-6.337,106.765
WIII,-6.1256,106.656
WIIK,-6.5314,107.659
WILG,-4.7064,105.2639
WILL,-5.2468,105.1825
WILP,-5.2116,103.9365
WILW,-5.0512,105.6555
WIMA,5.2267,96.9503
WIMB,1.1663,97.7052
WIME,1.4001,99.4305
WIMF,0.944,99.5341
WIMK,3.5584,98.6723
WIMM,3.6378,98.8706
WIMN,2.2597,98.9919
WIMP,2.602,98.9624
WIMS,1.5571,98.8871
WIMU,3.3915,97.8637
WIOB,0.8333,109.4833
WIOD,-2.7441,107.7545
WIOG,-0.3486,111.7462
WIOH,1.7375,109.324
WIOI,1.0757,109.688
WIOK,-1.8172,109.9635
WION,3.9087,108.388
WIOO,-0.1523,109.4045
WIOP,0.8346,112.9402
WIOS,-0.0452,111.458
WIOV,1.34,109.9111
WIPA,-1.6387,103.6451
WIPB,-3.2882,102.9145
WIPD,-4.787,103.933
WIPI,-1.5416,102.1816
WIPK,-2.1622,106.139
WIPL,-3.8637,102.339
WIPO,-4.3918,104.401
WIPP,-2.8977,104.6981
WIPQ,-3.2861,103.88
WIPT,-0.786,100.2804
WIPY,-4.0225,103.3792
WIQD,0.4,110.75
WIQE,-0.6767,111.5261
WISA,0.9981,109.0519
WITA,3.169,97.2883
WITC,4.041,96.2533
WITG,2.4113,96.3277
WITK,4.7211,96.8519
WITL,5.0695,97.2592
WITN,5.8747,95.3397
WITS,3.75,96.6333
WITT,5.5251,95.42
WMAB,1.7467,102.988
WMAC,4.0486,101.9856
WMAE,4.1164,101.282
WMAG,4.7863,103.382
WMAH,5.4328,101.1237
WMAJ,3.8997,100.949
WMAL,5.5387,102.195
WMAN,4.3303,102.395
WMAP,2.0414,103.307
WMAQ,2.3802,103.0339
WMAU,2.3891,103.8742
WMAV,2.0522,102.6579
WMAZ,2.498,102.8398
WMBA,4.2222,100.6993
WMBE,3.4805,102.3779
WMBF,3.7409,101.1685
WMBH,5.6959,100.9968
WMBI,4.8664,100.7154
WMBT,2.8182,104.16
WMGK,5.7996,102.484
WMKA,6.1897,100.398
WMKB,5.4659,100.391
WMKC,6.1669,102.293
WMKD,3.7754,103.209
WMKE,4.5372,103.427
WMKF,3.1123,101.703
WMKI,4.5673,101.0916
WMKJ,1.6413,103.67
WMKK,2.7456,101.71
WMKL,6.3297,99.7287
WMKM,2.2656,102.2528
WMKN,5.3826,103.103
WMKP,5.2963,100.2762
WMLH,4.2333,100.6163
WMPA,4.2447,100.553
WMPR,5.7648,103.0049
WMSA,3.1306,101.549
WPAS,-7.8484,131.3371
WPAT,-8.2431,125.6064
WPDB,-9.3019,125.2863
WPDH,-8.559,125.537
WPDL,-8.5466,125.5245
WPEC,-8.4865,126.4
WPFL,-8.448,126.9874
WPMN,-8.9722,125.215
WPOC,-9.1984,124.3379
WPSM,-9.001,125.6839
WPVQ,-8.8838,126.373
WRBU,-1.7325,114.839
WREP,-3.8785,138.6632
WRFC,-4.2241,139.8818
WRFE,-3.7167,138.7333
WRGS,-4.6902,139.7552
WRHC,-3.9695,138.6293
WRHD,-4.2383,138.4657
WRIQ,-2.2012,138.8691
WRJG,-2.9556,139.6211
WRKJ,-9.1839,124.5892
WRKN,-9.4955,123.795
WRLA,0.3844,117.5428
WRLB,3.9005,115.6901
WRLC,0.1217,117.4766
WRLF,4.134,117.6695
WRLH,-1.8855,116.2568
WRLJ,0.5605,117.6444
WRLM,-4.0455,135.5589
WRLN,1.7992,114.9043
WRLP,1.7069,114.9699
WRLR,-4.0664,135.7903
WRLS,-2.835,137.9722
WRLU,1.0009,117.996
WRLV,-3.0402,136.3773
WRLW,1.1932,116.9559
WRLX,-4.0254,136.2118
WRLY,-0.9757,117.1477
WRMH,-6.1978,139.008
WRNB,-3.2892,137.8317
WRRP,-1.9095,133.1574
WSAC,1.3441,104.009
WSAG,1.4253,103.813
WSAP,1.3604,103.91
WSAT,1.3876,103.7083
WSSL,1.4156,103.8667
WSSS,1.3502,103.994
WYIM,-26.9406,150.4591
XAAP,47.825,83.642
XRMU,43.2981,45.7841
XRWL,50.2017,45.2083
YAAL,-16.4431,130.8788
YABA,-34.9433,117.8089
YABB,-25.1943,147.1428
YABD,-28.0676,150.6417
YABF,-21.6706,145.2661
YABG,-27.2484,147.578
YABI,-17.6088,143.1835
YABL,-23.3519,134.7324
YABP,-26.3253,148.9298
YABR,-24.6242,118.6203
YABS,-27.2833,120.383
YABU,-23.3399,133.1723
YACD,-24.2695,145.4886
YACI,-25.2109,148.6684
YACR,-22.4732,149.1563
YACS,-31.4167,141.9
YADA,-25.8949,144.5698
YADD,-31.8138,125.9197
YADE,-21.9431,148.2844
YADG,-35.2888,138.4942
YADL,-15.5162,123.154
YADM,-21.275,146.9897
YADO,-25.4078,135.2908
YADR,-26.6632,150.1944
YADS,-26.489,139.2599
YADU,-31.6525,150.0405
YADY,-35.9978,148.796
YAFD,-37.8453,144.9813
YAGD,-18.5087,139.8821
YAGL,-27.4814,151.796
YAGP,-19.4986,116.5981
YAHD,-23.3808,117.0256
YAIN,-15.981,145.8201
YAIR,-29.3963,149.87
YAIS,-16.0356,145.8347
YAIW,-34.6967,138.565
YAKG,-27.9467,134.745
YALA,-27.3343,133.6277
YALC,-22.802,134.4036
YALG,-18.6947,138.5277
YALH,-24.7123,144.2909
YALM,-24.2653,134.4029
YALN,-30.3883,142.6252
YALP,-20.9849,137.8329
YALX,-19.0602,136.71
YALY,-22.4833,139.633
YAMA,-29.4442,153.3453
YAMB,-27.6354,152.7112
YAMC,-22.9579,145.2495
YAMJ,-21.655,135.231
YAMK,-30.4383,137.137
YAML,-17.9548,139.7598
YAMM,-21.7383,135.242
YAMN,-32.5375,137.6933
YAMO,-21.9436,146.6333
YAMT,-26.0974,131.2027
YAND,-21.6667,140.983
YANG,-23.1356,118.7072
YANJ,-26.1,130.4
YANK,-28.8968,136.1708
YANL,-18.0181,135.5351
YANN,-21.8317,133.125
YANW,-21.2,136.4511
YAOC,-27.6678,150.9329
YAOD,-22.48,143.1825
YAOR,-21.65,139.183
YAPA,-19.2681,121.5113
YAPH,-23.6528,146.5827
YAPO,-38.7749,143.6612
YAQA,-25.5289,152.57
YARA,-37.31,142.9887
YARD,-21.6767,136.678
YARE,-25.8389,147.4122
YARG,-16.6369,128.4514
YARI,-21.6667,141.567
YARK,-30.4067,139.346
YARL,-34.4113,146.8588
YARM,-30.5281,151.617
YARN,-24.0916,132.2712
YARP,-22.3167,135.7
YARS,-34.4472,137.8883
YARY,-26.6964,141.0487
YASF,-29.3171,151.0562
YASS,-34.8867,149.015
YATL,-23.2553,136.389
YATN,-17.2564,145.5115
YATR,-37.1833,143.4
YATY,-28.2167,119.25
YAUA,-25.755,146.587
YAUG,-34.3286,115.157
YAUL,-27.9778,152.5638
YAUR,-13.354,141.72
YAUS,-20.5,137.75
YAUV,-15.6906,130.0088
YAVD,-20.0333,137.517
YAVM,-36.5667,144.55
YAWT,-24.2022,151.8925
YAXA,-37.1954,145.7175
YAYE,-25.1859,130.977
YAYR,-19.5958,147.3245
YBAB,-24.1936,149.8432
YBAD,-30.9552,149.092
YBAF,-27.5724,153.0042
YBAH,-16.1333,135.467
YBAL,-32.3468,123.6149
YBAN,-16.7415,125.9056
YBAO,-35.438,149.8444
YBAR,-23.5663,145.3021
YBAS,-23.8066,133.9034
YBAU,-10.1495,142.1737
YBAW,-20.4958,138.4747
YBBA,-30.3937,150.5977
YBBC,-20.9446,120.165
YBBE,-27.3284,117.6718
YBBL,-27.4177,115.8344
YBBN,-27.3842,153.117
YBBO,-30.4031,135.482
YBBT,-36.1386,143.723
YBCB,-30.8214,117.8672
YBCG,-28.166,153.5066
YBCH,-36.3933,146.6964
YBCK,-24.4317,145.4297
YBCL,-30.0354,149.3733
YBCM,-27.3907,152.4665
YBCR,-13.0566,131.0288
YBCS,-16.8789,145.7495
YBCV,-26.4133,146.262
YBDF,-17.2867,127.463
YBDG,-36.7394,144.33
YBDP,-41.0238,147.4168
YBDS,-30.2889,134.5283
YBDU,-18.3845,129.4376
YBDV,-25.8975,139.348
YBDX,-22.8633,114.963
YBEB,-17.545,128.305
YBEC,-30.4749,117.8799
YBEE,-30.1906,139.5553
YBEF,-37.45,143.25
YBEG,-19.6533,146.2937
YBEL,-42.3695,147.0295
YBEO,-25.6948,140.7383
YBEU,-35.95,142.417
YBEV,-32.1253,116.9496
YBEW,-31.9167,144.6456
YBFR,-41.259,144.8861
YBFT,-37.495,143.43
YBFW,-23.3117,148.4854
YBGB,-17.0165,122.6464
YBGD,-22.5411,117.2694
YBGI,-31.0667,125.667
YBGO,-20.1483,127.9739
YBGR,-36.6196,143.9521
YBGT,-25.37,143.773
YBGY,-29.505,150.192
YBHB,-43.4213,146.1621
YBHI,-32.0014,141.472
YBHK,-21.2667,139.717
YBHL,-31.3403,116.188
YBHM,-20.3581,148.952
YBHN,-27.6537,152.3077
YBIA,-29.8152,150.5344
YBID,-34.3026,149.3577
YBIE,-24.3461,139.46
YBII,-16.7237,135.7369
YBIL,-19.5667,127.667
YBIN,-25.5213,152.0463
YBIR,-35.9997,142.917
YBIU,-30.5927,116.7793
YBIZ,-14.7403,144.1194
YBJW,-27.6667,121.6
YBKE,-30.0392,145.952
YBKS,-19.7092,135.819
YBKT,-17.7486,139.534
YBLA,-36.5519,146.007
YBLB,-26.8214,114.6112
YBLC,-30.535,139.337
YBLD,-31.8231,116.7993
YBLE,-24.3208,150.5096
YBLG,-28.9819,140.8577
YBLH,-27.0113,142.9582
YBLI,-30.3307,152.4583
YBLL,-28.0512,147.4818
YBLM,-31.1186,138.726
YBLN,-33.6872,115.4003
YBLT,-37.5117,143.791
YBLU,-27.6128,120.5939
YBMA,-20.6664,139.4885
YBMD,-15.8736,145.33
YBMG,-36.4265,150.0762
YBMI,-28.7284,149.5952
YBMK,-21.1708,149.1826
YBMM,-36.25,144.633
YBMR,-34.2347,140.4768
YBMY,-14.5195,132.8818
YBNA,-28.8332,153.5615
YBNC,-21.8,145.083
YBND,-34.1742,148.4719
YBNM,-17.9188,136.8977
YBNR,-18.8956,128.9419
YBNS,-37.8875,147.5694
YBNY,-18.8696,134.4947
YBOA,-28.0179,152.6759
YBOC,-32.8899,138.3664
YBOD,-26.3,143.383
YBOG,-30.7167,150.05
YBOI,-9.2328,142.218
YBOK,-27.4093,151.7367
YBOM,-36.905,149.182
YBOP,-33.9,116.467
YBOR,-36.2681,140.722
YBOT,-27.2693,146.9018
YBOU,-22.9133,139.9
YBOV,-31.6394,129.012
YBOW,-41.3776,147.4165
YBOY,-27.75,119.9
YBPI,-20.8046,149.2799
YBPK,-37.8223,144.9568
YBPN,-20.4944,148.5536
YBRA,-36.9669,147.6991
YBRC,-21.5422,133.872
YBRJ,-30.159,148.9747
YBRK,-23.38,150.4754
YBRL,-16.0753,136.302
YBRM,-17.9492,122.2283
YBRN,-34.6248,143.5771
YBRO,-31.8875,118.1151
YBRS,-38.2561,144.4279
YBRU,-18.6375,135.9384
YBRW,-29.9758,146.8144
YBRY,-22.6739,119.1661
YBSG,-12.6239,142.087
YBSP,-23.5167,133.8495
YBSR,-25.9867,128.288
YBSS,-37.7333,144.4217
YBSU,-26.5933,153.0832
YBTH,-33.4068,149.6512
YBTI,-11.765,130.6158
YBTK,-17.0867,139.5658
YBTL,-19.2529,146.7665
YBTN,-30.5246,132.6753
YBTR,-23.6031,148.807
YBTS,-19.4333,145.85
YBTT,-31.3766,147.6068
YBTV,-12.6592,142.675
YBUA,-21.9667,148.533
YBUD,-24.905,152.3226
YBUG,-28.5,119.733
YBUI,-41.047,145.8804
YBUL,-30.1845,134.9052
YBUN,-33.3781,115.6769
YBUP,-38.0167,145.75
YBUT,-31.7645,149.4243
YBUU,-17.5446,128.3076
YBUX,-17.65,143.8
YBUY,-36.1342,149.132
YBVA,-34.091,138.3398
YBVL,-31.5865,150.1745
YBVY,-15.4667,129.767
YBWG,-27.3656,121.036
YBWI,-20.5956,147.0955
YBWM,-16.8808,143.479
YBWN,-20.018,148.2152
YBWO,-22.4641,144.9978
YBWP,-12.6775,141.9226
YBWR,-17.3883,144.169
YBWS,-14.1106,123.5497
YBWT,-18.0833,138.275
YBWW,-27.5583,151.7933
YBWX,-20.8644,115.4061
YBYA,-25.5333,118.733
YBYD,-22.2667,119.883
YBYI,-43.2342,147.38
YBYL,-29.2183,152.6161
YBYO,-27.2295,151.615
YBYR,-30.6582,146.3947
YBYS,-16.7328,125.4391
YBYW,-25.45,145.583
YCAB,-27.076,152.9874
YCAC,-17.607,131.549
YCAE,-41.9672,147.5305
YCAG,-32.2805,125.4779
YCAH,-31.7739,149.6153
YCAI,-30.1203,120.5713
YCAJ,-18.7,125.9
YCAL,-37.1342,144.1582
YCAM,-21.875,140.9
YCAN,-12.3549,132.945
YCAR,-24.8843,113.6664
YCAS,-28.8813,153.0607
YCBA,-31.5383,145.794
YCBB,-31.3325,149.267
YCBE,-19.4794,140.927
YCBG,-42.8275,147.4783
YCBH,-16.9115,145.7689
YCBN,-40.3905,148.0169
YCBO,-35.7567,136.598
YCBP,-29.0383,134.7222
YCBR,-29.5232,148.5782
YCCA,-26.7719,150.6176
YCCF,-16.6877,135.7301
YCCK,-20.6508,135.585
YCCT,-10.0501,143.07
YCCY,-20.6686,140.504
YCDB,-31.0534,135.8644
YCDE,-38.3234,143.0566
YCDH,-27.9073,134.0564
YCDL,-41.5774,145.9413
YCDO,-33.0656,147.2132
YCDR,-26.8034,153.105
YCDS,-25.2531,152.3354
YCDT,-21.9667,138.617
YCDU,-32.1306,133.71
YCDV,-25.1083,146.833
YCEE,-33.7097,136.505
YCEL,-23.0951,148.0062
YCEM,-37.7277,145.4084
YCES,-38.1483,144.258
YCFD,-17.0217,131.327
YCFH,-27.0183,138.892
YCFL,-14.9708,145.3117
YCFN,-27.9275,151.8482
YCFS,-30.3206,153.116
YCGH,-20.1333,140.683
YCGI,-25.7975,122.9422
YCGL,-24.6853,147.157
YCGO,-17.1384,144.5285
YCHB,-28.4301,152.089
YCHI,-13.2878,136.3548
YCHK,-22.3543,119.6426
YCHL,-36.25,143.3
YCHR,-31.7,134.833
YCHT,-20.0431,146.273
YCIG,-32.338,117.8274
YCIN,-17.5814,123.8283
YCJU,-18.6852,144.7483
YCKA,-29.4767,137.088
YCKD,-40.5187,148.1259
YCKI,-11.165,132.483
YCKN,-15.4436,145.1832
YCKY,-32.0427,126.0912
YCLA,-33.4069,143.94
YCLB,-34.9926,138.9272
YCLE,-37.2433,140.445
YCLG,-30.8973,121.195
YCLM,-29.4784,148.7865
YCLQ,-16.4012,122.9321
YCLT,-34.8833,149.417
YCLY,-34.8022,145.8467
YCMB,-27.72,151.8732
YCMH,-31.665,152.742
YCMK,-18.8578,145.4765
YCMM,-34.2531,135.7096
YCMT,-22.7731,147.621
YCMU,-28.03,145.622
YCMW,-19.9117,138.125
YCNA,-31.2908,141.452
YCNF,-21.6717,121.587
YCNG,-36.82,140.273
YCNH,-29.6837,115.8937
YCNK,-32.7875,151.342
YCNM,-30.9809,148.3778
YCNN,-31.0167,123.167
YCNO,-35.3138,145.1062
YCNQ,-37.2772,140.8118
YCNR,-37.5167,149.167
YCNS,-22.1333,132.533
YCNX,-29.0952,150.7758
YCNY,-18.7593,138.7097
YCOD,-26.7453,140.638
YCOE,-13.7611,143.1133
YCOF,-34.589,135.5091
YCOG,-20.6833,119.667
YCOH,-35.8265,144.2138
YCOI,-33.3667,116.217
YCOM,-36.3004,148.9724
YCOO,-12.9033,132.532
YCOR,-35.9947,146.357
YCOS,-27.986,122.9049
YCOY,-23.1289,113.7806
YCPD,-11.2983,131.827
YCPG,-20.95,120.033
YCPH,-27.9495,134.3358
YCPK,-33.6286,149.1257
YCPN,-18.7185,144.313
YCPR,-20.9772,116.275
YCPT,-31.3083,137.4434
YCRA,-30.4583,147.708
YCRD,-35.1843,149.4857
YCRE,-38.0426,143.6502
YCRG,-36.1828,147.888
YCRK,-18.8728,125.934
YCRL,-34.5,149.4614
YCRN,-34.2796,117.5525
YCRO,-31.9625,115.8949
YCRT,-32.4167,138.517
YCRY,-18.225,142.258
YCSI,-32.0022,149.961
YCSK,-66.2881,110.7575
YCSL,-24.6522,148.4697
YCSP,-25.3339,131.7593
YCST,-35.6284,140.2047
YCSV,-20.5967,147.86
YCTA,-29.143,150.7231
YCTC,-22.8183,122.5848
YCTH,-21.9667,140.3
YCTI,-16.0959,123.6107
YCTM,-34.6243,148.0366
YCTN,-37.6133,141.3617
YCTS,-20.1333,139.417
YCUA,-33.278,148.7687
YCUD,-25.59,141.508
YCUE,-27.4507,117.9177
YCUN,-31.6222,117.2167
YCUR,-35.9269,148.3925
YCUS,-34.2151,135.6345
YCUT,-32.9594,142.0556
YCVA,-33.7103,138.5849
YCVB,-33.8852,151.2234
YCVG,-34.6923,138.5809
YCVS,-30.4854,115.0856
YCWA,-22.9667,118.8133
YCWE,-11.0032,136.7594
YCWH,-29.9572,134.1518
YCWI,-27.7117,138.328
YCWL,-33.6667,136.892
YCWN,-26.4667,143.35
YCWO,-37.8528,142.621
YCWR,-33.8469,148.648
YCWW,-33.5428,148.663
YCWY,-21.7946,117.755
YCXA,-25.9773,153.0038
YCYT,-17.3833,144.45
YDAG,-17.9407,143.595
YDAJ,-21.7083,139.533
YDAL,-34.5667,146.183
YDAR,-42.5719,148.0707
YDAY,-27.1585,151.2634
YDBI,-28.5879,148.2172
YDBR,-16.0474,142.3944
YDBY,-17.3719,123.6622
YDDF,-16.0521,143.0133
YDDI,-20.2603,148.8136
YDDY,-13.8353,131.186
YDEA,-13.6687,134.2911
YDEG,-37.0614,148.942
YDEK,-34.945,117.397
YDER,-37.9342,143.2278
YDEV,-21.2167,140.233
YDFD,-31.4217,152.7583
YDGA,-27.8297,117.3164
YDGI,-28.1333,140.882
YDGN,-15.3864,126.3022
YDGR,-27.7914,116.9933
YDGT,-25.2675,116.2214
YDGU,-25.5584,119.2875
YDGY,-20.1817,119.1978
YDHL,-12.413,136.3866
YDIM,-17.1287,145.0958
YDIX,-15.1175,143.316
YDKI,-17.9391,146.1414
YDLC,-26.6421,149.73
YDLD,-22.4586,134.884
YDLH,-26.423,135.5093
YDLK,-29.0133,138.481
YDLL,-36.85,143.7
YDLO,-27.8736,121.2717
YDLQ,-35.5594,144.946
YDLT,-16.9917,141.317
YDLV,-12.55,130.685
YDLW,-16.2647,133.3834
YDME,-30.4017,119.83
YDMF,-29.6674,119.2922
YDMG,-17.9403,138.822
YDMN,-13.7498,130.6939
YDMR,-15.62,131.637
YDNB,-22.0659,146.2441
YDNI,-9.5792,143.7803
YDNK,-32.8833,143.583
YDNR,-30.6581,150.875
YDNV,-28.0941,144.365
YDOC,-32.6501,151.209
YDOD,-36.3603,143.008
YDON,-31.1698,117.047
YDOO,-18.7088,140.5538
YDOP,-19.6021,146.8432
YDOR,-16.5537,141.8238
YDPD,-24.15,141.108
YDPO,-41.1697,146.43
YDPR,-22.6167,135.2
YDPS,-27.8833,120.083
YDPT,-31.5722,125.187
YDPW,-24.298,134.1433
YDRA,-29.2981,114.9273
YDRC,-25.269,115.8674
YDRD,-15.7136,126.3811
YDRG,-23.7372,149.6647
YDRH,-27.075,141.9
YDRI,-25.685,140.228
YDRL,-26.4358,133.26
YDRN,-38.209,145.8311
YDUK,-27.978,122.2955
YDUM,-33.3333,117.75
YDUN,-27.519,153.4276
YDVE,-32.2833,116.55
YDVR,-24.8595,129.1222
YDWF,-15.7467,131.92
YDWU,-30.1998,116.6554
YDYD,-22.0833,135.333
YDYS,-22.6222,148.364
YEAB,-33.1373,146.4245
YEAT,-37.2158,146.43
YECB,-18.3233,122.1281
YECH,-36.1572,144.762
YECL,-31.7071,128.8772
YEDA,-28.7408,138.589
YEDE,-37.0202,141.2669
YEDM,-23.75,116.1
YEEB,-29.8325,115.246
YEES,-32.5997,151.34
YEGA,-29.3112,145.8575
YEHP,-33.4407,151.3687
YEIN,-18.5033,144.094
YEJI,-30.7695,120.312
YELD,-12.0194,135.571
YELE,-26.3674,118.0392
YELG,-31.8659,147.978
YELK,-21.1725,135.444
YELL,-17.5274,133.5299
YELM,-36.4902,144.6472
YELN,-33.6383,134.9
YELS,-36.5512,145.8051
YELW,-37.2083,145.833
YEMG,-26.7,143.267
YEMJ,-28.6333,132.183
YEML,-23.5675,148.179
YEMP,-23.2552,150.8144
YENO,-27.4275,152.9716
YEPL,-28.2947,141.1977
YEPR,-20.4333,135.267
YEPT,-14.1728,130.3197
YEQO,-16.0083,127.975
YERA,-25.5,117.167
YERH,-25.6176,121.5784
YERL,-25.2061,133.2542
YERN,-26.2633,132.182
YERO,-25.5603,116.6602
YERU,-31.4345,139.425
YESC,-17.725,139.417
YESE,-20.9764,141.0066
YESP,-33.6844,121.823
YETT,-25.0503,152.2211
YEUA,-36.7437,145.5127
YEUD,-24.4435,115.6098
YEUL,-31.0316,148.1758
YEUO,-28.1667,145.042
YEVA,-18.001,134.863
YEVD,-29.1018,153.4193
YEVP,-27.039,132.6886
YEWA,-22.4284,116.8879
YEWO,-30.2354,147.517
YEXM,-22.0407,114.1027
YEYD,-28.2047,134.488
YFBS,-33.3636,147.935
YFCK,-38.7086,146.0544
YFCN,-20.482,140.5794
YFCU,-21.3,116.133
YFDF,-22.2908,119.4371
YFDN,-35.0117,147.374
YFFT,-33.8468,138.7774
YFHA,-21.1408,148.6486
YFHO,-33.859,150.9054
YFIL,-35.6589,145.5612
YFLI,-40.0917,147.993
YFLO,-18.2978,128.4559
YFLS,-33.731,134.501
YFNE,-25.5947,134.583
YFOR,-25.3333,118.367
YFRD,-31.2167,139.75
YFRG,-26.775,132.017
YFRI,-42.0,148.259
YFRK,-34.4248,117.0263
YFRT,-30.8366,128.1128
YFRV,-15.1647,127.8401
YFSA,-18.5866,143.5659
YFSK,-37.6781,144.2208
YFST,-32.2025,152.4811
YFTA,-32.58,119.703
YFTL,-32.0451,115.733
YFTN,-29.9092,139.474
YFTZ,-18.1836,125.5598
YFVW,-32.7907,148.7238
YFWY,-13.9808,127.181
YGAD,-32.2408,115.6851
YGAH,-30.1258,149.4346
YGAM,-16.5441,143.6682
YGAN,-13.0479,135.9529
YGAR,-23.7916,113.5289
YGAS,-27.5895,152.257
YGAW,-34.5999,138.7191
YGAY,-25.6159,151.6206
YGBI,-11.65,133.382
YGBO,-37.5659,149.9111
YGBW,-35.9667,144.3815
YGCL,-28.0035,153.3626
YGCR,-32.0533,151.9761
YGDA,-29.0745,147.387
YGDH,-30.9575,150.249
YGDI,-28.5214,150.32
YGDN,-18.6781,128.592
YGDO,-35.0505,149.2559
YGDR,-23.2867,134.44
YGDS,-18.625,139.233
YGDV,-20.2493,142.4393
YGDW,-26.9483,133.607
YGEL,-28.7961,114.707
YGEN,-22.822,150.3327
YGFN,-29.7548,153.0312
YGGE,-28.7649,116.9727
YGGI,-33.9964,145.7162
YGGL,-14.8667,143.283
YGGO,-31.2987,150.9206
YGGS,-19.71,144.373
YGHP,-38.6604,143.1059
YGHS,-23.8257,113.5305
YGHT,-27.9694,153.4238
YGIA,-22.5812,120.0355
YGIB,-16.4187,126.4457
YGID,-27.27,119.405
YGIF,-24.05,116.217
YGIG,-31.4653,115.863
YGIL,-31.6971,148.6365
YGIR,-22.68,114.3711
YGIS,-37.4842,144.5856
YGKL,-23.1846,150.9416
YGLA,-23.8698,151.2254
YGLB,-34.8103,149.726
YGLD,-30.9816,135.7777
YGLE,-24.8083,139.6
YGLI,-29.676,151.6912
YGLK,-33.7876,150.6085
YGLN,-31.6206,148.1988
YGLO,-22.8883,138.825
YGLP,-19.1418,137.8741
YGLS,-25.0437,128.296
YGLY,-25.2833,122.05
YGMD,-12.1,133.667
YGMP,-37.0483,142.2704
YGMT,-27.7636,151.9255
YGNA,-20.1,140.367
YGNB,-33.7616,150.6363
YGNE,-38.165,144.1075
YGNF,-34.0,148.133
YGNI,-16.7603,145.9719
YGNO,-23.7581,148.536
YGNR,-18.4766,141.1137
YGNV,-18.9966,145.0136
YGNW,-33.9783,118.0128
YGOM,-31.3599,116.8913
YGON,-19.7726,139.4042
YGPI,-23.2905,119.1482
YGPR,-19.7,139.367
YGPT,-11.3997,130.4256
YGRL,-37.8422,148.0
YGRU,-18.0833,145.4
YGSC,-25.0546,115.2026
YGSD,-31.5238,115.9404
YGSN,-29.6068,117.4018
YGTC,-22.9709,134.2474
YGTE,-13.9724,136.4586
YGTH,-34.2508,146.067
YGTN,-18.3027,143.5309
YGTO,-41.0795,146.8391
YGUL,-28.6462,116.3102
YGUW,-17.95,145.167
YGVE,-43.2316,147.0002
YGWA,-35.4801,138.7443
YGWD,-25.188,142.6888
YGYM,-26.2901,152.703
YHAA,-23.455,131.853
YHAB,-20.1039,148.4459
YHAE,-34.5628,148.3927
YHAG,-31.0064,126.0777
YHAW,-31.8559,138.4681
YHAY,-34.5314,144.83
YHBA,-25.3201,152.8807
YHBK,-35.6801,147.3224
YHBR,-16.4897,130.6303
YHBY,-24.584,133.236
YHCS,-18.9586,138.0622
YHCT,-31.2403,151.432
YHDD,-15.2193,134.0712
YHDY,-21.3333,138.283
YHEC,-27.7675,153.3394
YHEG,-17.4556,138.3489
YHEW,-23.222,150.6031
YHGR,-24.4493,133.7087
YHGS,-30.7166,129.5081
YHHY,-16.4241,143.1453
YHID,-10.5856,142.2928
YHIL,-21.7183,119.4403
YHKT,-22.9433,135.447
YHLC,-18.2339,127.67
YHLG,-19.6425,145.797
YHLM,-33.2639,116.8194
YHLN,-18.4389,133.8784
YHLS,-33.4933,145.523
YHMB,-23.9265,132.8078
YHMH,-31.8248,115.7345
YHML,-37.6489,142.065
YHMT,-26.72,135.073
YHOA,-12.095,135.362
YHON,-31.7536,140.665
YHOO,-18.3367,130.638
YHOT,-37.0475,147.334
YHOV,-15.5459,134.0956
YHOY,-22.2738,150.0403
YHPB,-20.3358,148.8525
YHPE,-33.9,120.158
YHPN,-35.7153,142.36
YHPV,-15.2923,145.1035
YHPY,-25.3363,153.2019
YHRD,-28.9963,144.4528
YHRG,-31.466,147.8955
YHSB,-25.2167,134.267
YHSJ,-27.4398,153.1076
YHSL,-25.35,118.617
YHSM,-36.6697,142.173
YHTA,-32.1425,135.099
YHTL,-11.7369,142.577
YHTN,-17.4333,145.4
YHTR,-40.5227,144.7415
YHTS,-22.985,134.918
YHUG,-20.815,144.225
YHVH,-20.6834,146.6389
YHYD,-32.4333,118.867
YHYL,-34.0292,138.5242
YHYN,-20.0599,148.8834
YIBO,-21.2876,118.8825
YIDK,-26.9654,133.322
YIDR,-25.0633,133.733
YIFF,-22.2367,148.4331
YIFL,-17.5594,146.012
YIFY,-18.9,141.217
YIGM,-18.6641,146.1458
YIGR,-29.6333,134.793
YIKL,-22.7633,136.163
YIKM,-16.2292,141.4346
YILA,-36.4562,146.4331
YILF,-23.4758,144.5298
YILT,-35.3208,150.4393
YILW,-28.4188,151.0955
YIMA,-25.131,132.5657
YIMB,-33.0932,136.4663
YIMP,-25.1538,133.5797
YIMT,-27.7417,140.745
YING,-24.997,148.3333
YINJ,-25.851,148.5497
YINN,-27.6976,140.7395
YINO,-29.7738,151.166
YINV,-18.0052,140.5355
YINW,-17.8411,129.643
YISD,-24.2163,144.6263
YISF,-24.2583,144.425
YISV,-15.3833,131.267
YITT,-36.5139,147.359
YIVE,-38.6127,145.7335
YIVL,-29.8883,151.144
YIVO,-32.8824,144.3107
YJAB,-12.6581,132.8946
YJAC,-30.901,132.1837
YJAK,-27.6383,142.408
YJAM,-25.85,127.683
YJBY,-35.1458,150.6963
YJCO,-42.3683,147.3361
YJDA,-24.838,143.062
YJEM,-32.5232,147.5798
YJER,-35.373,145.7232
YJEY,-29.408,121.2712
YJGP,-33.9182,118.9045
YJIG,-23.3667,120.783
YJIN,-36.4291,148.5997
YJLC,-20.6683,141.723
YJNB,-30.3027,115.0556
YJNK,-22.95,135.733
YJNY,-16.5,144.4
YJRO,-23.5852,146.133
YJST,-33.1921,138.6155
YJUK,-24.3707,128.7393
YJUN,-26.4217,120.577
YJVM,-22.6333,136.267
YJVS,-22.9133,136.12
YJWB,-15.7333,144.267
YKAE,-30.36,117.1216
YKAJ,-20.0333,140.033
YKAL,-14.2878,126.6332
YKAN,-30.8998,124.8621
YKAP,-34.247,138.9141
YKAR,-29.2172,116.6872
YKAT,-33.6678,150.3227
YKAY,-30.6793,142.5371
YKBA,-22.1572,116.1562
YKBG,-30.8406,119.529
YKBL,-31.1907,121.5978
YKBN,-28.0893,152.8465
YKBR,-27.6928,114.2592
YKBY,-32.8366,134.293
YKCA,-24.2602,131.4889
YKCK,-39.8488,147.858
YKCS,-24.4213,131.8195
YKDD,-22.5043,119.0768
YKDI,-33.9696,137.6597
YKDL,-32.0239,134.861
YKDM,-16.1167,130.953
YKDN,-32.4674,118.2699
YKEB,-31.6168,117.7188
YKEL,-30.655,151.638
YKEN,-26.3333,132.467
YKEP,-30.8911,150.5261
YKER,-35.7514,143.939
YKFC,-17.8495,138.2887
YKGA,-30.9144,135.3073
YKHA,-36.2159,148.1137
YKHG,-14.3853,132.3931
YKHO,-27.4977,152.7743
YKIA,-17.2417,136.175
YKIC,-22.811,127.7344
YKID,-18.87,144.173
YKIG,-36.8233,139.875
YKII,-39.8775,143.878
YKIL,-16.4317,129.615
YKIR,-17.7792,129.21
YKIU,-23.0889,149.4319
YKKG,-17.4319,130.808
YKKH,-31.2917,135.242
YKKN,-34.3789,116.3224
YKLA,-15.8885,142.4395
YKLB,-15.3189,143.955
YKLC,-16.125,123.735
YKLE,-16.25,131.747
YKLG,-15.2028,143.8502
YKLL,-21.75,138.883
YKLN,-15.4,143.5
YKLR,-27.7167,138.262
YKMB,-17.4567,140.83
YKML,-19.375,140.057
YKMP,-31.0723,152.7653
YKNG,-33.6994,117.657
YKNM,-26.2746,117.789
YKNP,-31.1235,117.906
YKNT,-23.265,129.387
YKNV,-36.3409,141.268
YKOG,-36.0,142.217
YKOJ,-33.7625,117.1366
YKOK,-29.3433,121.4932
YKOL,-32.4158,136.298
YKOW,-15.4854,141.7526
YKPR,-14.89,144.22
YKRV,-13.7439,142.131
YKRY,-26.5811,151.8399
YKSC,-35.7139,137.521
YKTA,-36.1798,144.525
YKTH,-36.1151,140.2522
YKTN,-37.2263,144.4473
YKUB,-10.2265,142.2196
YKUR,-20.51,134.6706
YKUW,-38.05,143.15
YKUY,-28.2218,148.5781
YKWA,-23.7811,120.135
YKWG,-31.785,135.638
YKWR,-38.1689,145.4867
YKYB,-36.3325,144.9721
YKYN,-21.5988,141.9429
YLAE,-13.1131,130.4991
YLAG,-42.8869,147.9549
YLAH,-18.5745,138.5861
YLAK,-20.6809,148.6303
YLAM,-26.9133,134.058
YLAN,-31.4424,142.1378
YLAO,-35.3667,140.55
YLAW,-28.0918,120.5385
YLBA,-22.0039,146.3639
YLBD,-16.5153,122.9235
YLBG,-23.2433,131.26
YLBO,-37.6833,142.883
YLCG,-33.2828,146.3754
YLCS,-36.815,145.348
YLDB,-40.1958,148.2446
YLDO,-25.1,116.9
YLEA,-29.97,114.9831
YLEC,-30.5983,138.426
YLED,-37.9212,144.1031
YLEE,-34.4998,146.4466
YLEG,-38.4965,145.8606
YLEO,-28.8781,121.315
YLET,-37.8528,147.9512
YLEV,-12.4989,135.806
YLFD,-14.9207,144.203
YLGA,-22.1072,118.471
YLGB,-18.6868,121.8113
YLGC,-33.1069,118.3894
YLGD,-41.6912,147.1433
YLGL,-22.5,146.667
YLGN,-30.9408,127.0288
YLGU,-15.2154,129.4486
YLHI,-31.5382,159.0755
YLHL,-41.3333,146.5
YLHR,-12.7869,143.305
YLHS,-19.1958,144.371
YLIL,-37.693,145.367
YLIM,-17.2356,129.882
YLIN,-20.4536,149.04
YLIS,-28.8307,153.2584
YLKD,-18.9105,144.9968
YLKE,-37.8527,147.958
YLKG,-33.0792,119.766
YLKN,-20.9807,137.9178
YLKS,-31.7149,152.7243
YLLA,-29.7983,133.345
YLLC,-25.5579,134.0711
YLLD,-25.5333,145.767
YLLE,-27.4056,141.8095
YLLR,-35.9833,143.8
YLLT,-34.516,138.4265
YLLV,-14.4833,143.667
YLMB,-31.1,149.933
YLMQ,-33.066,151.6463
YLMU,-33.7458,143.0013
YLND,-15.8412,144.8491
YLNR,-24.9313,116.9669
YLOC,-20.7583,121.017
YLOD,-36.8142,145.4658
YLOH,-30.5314,145.1284
YLOK,-33.5442,135.693
YLOR,-18.9933,139.907
YLOU,-18.7167,126.717
YLOV,-17.0483,141.376
YLOX,-34.475,140.663
YLOY,-38.1083,145.778
YLRA,-15.5605,144.4514
YLRD,-29.4529,147.9771
YLRE,-23.432,144.2775
YLRG,-26.2314,121.5585
YLRN,-22.5333,143.517
YLRS,-15.1828,144.3455
YLSK,-32.6663,151.4202
YLSM,-37.9333,143.35
YLSS,-25.05,146.267
YLST,-27.8433,120.703
YLSY,-27.0183,129.885
YLTN,-28.6143,122.4287
YLTV,-38.211,146.4708
YLUC,-22.4667,136.267
YLUI,-36.9717,140.352
YLUL,-31.6434,140.5129
YLUW,-34.021,115.0645
YLVB,-38.0333,144.333
YLVD,-31.7333,135.027
YLVK,-19.3186,146.7707
YLVY,-32.7196,119.5058
YLWY,-26.945,120.47
YLYD,-26.8273,151.2301
YLYK,-34.6183,138.9114
YLYN,-23.6413,115.2354
YLZI,-14.6733,145.4546
YMAA,-9.9502,142.1952
YMAC,-27.2617,135.638
YMAD,-31.8878,127.0256
YMAE,-9.9151,144.0546
YMAG,-35.0468,142.8617
YMAI,-28.9868,134.3914
YMAK,-28.9289,134.3285
YMAP,-12.2553,135.4445
YMAT,-27.4856,153.0283
YMAU,-24.3017,116.9067
YMAV,-38.0403,144.4672
YMAY,-36.0668,146.9591
YMBA,-17.0703,145.4242
YMBD,-35.0662,139.2273
YMBL,-21.1633,119.833
YMBT,-36.7316,147.1689
YMBU,-37.0331,143.709
YMBX,-31.8672,127.854
YMBZ,-25.1698,132.6431
YMCE,-25.1,117.583
YMCF,-27.3502,151.5158
YMCK,-21.2814,141.2983
YMCL,-21.3872,147.3313
YMCO,-37.5983,149.72
YMCR,-22.1,137.983
YMCS,-20.0131,146.4837
YMCT,-37.5836,140.366
YMCU,-27.47,120.917
YMDA,-25.5917,151.317
YMDB,-20.5095,118.0595
YMDG,-32.5648,149.6095
YMDI,-19.738,120.8382
YMDK,-23.0333,134.683
YMDN,-31.522,118.3221
YMDR,-21.9931,115.0531
YMDS,-22.444,135.199
YMDT,-31.8267,128.23
YMDV,-26.1667,129.133
YMDW,-16.2233,144.703
YMDY,-12.89,131.908
YMDZ,-21.2101,115.9624
YMEB,-30.1786,135.6736
YMED,-32.3667,142.405
YMEI,-23.9767,131.562
YMEK,-26.6117,118.548
YMEL,-37.6218,144.5651
YMEM,-24.0026,148.7137
YMEN,-37.7281,144.902
YMEO,-36.9677,145.7076
YMEP,-13.7245,142.4114
YMER,-36.9086,149.901
YMES,-38.0989,147.149
YMEU,-13.0649,142.4536
YMEW,-29.2681,115.443
YMEY,-31.1,149.917
YMFD,-37.0739,146.1207
YMGB,-12.0944,134.894
YMGD,-12.0561,134.234
YMGG,-30.2274,133.9883
YMGI,-28.9666,149.053
YMGN,-31.4597,137.1744
YMGO,-27.3667,116.417
YMGR,-18.6217,126.883
YMGS,-28.7896,122.0383
YMGT,-33.9306,115.1
YMGV,-14.7757,143.5047
YMHB,-42.837,147.513
YMHL,-32.1128,119.7657
YMHO,-17.0519,125.7125
YMHP,-21.1454,149.1544
YMHT,-16.8233,124.9138
YMHU,-16.4425,136.084
YMHW,-26.5117,142.283
YMIA,-34.2292,142.086
YMIB,-27.3297,133.3028
YMIG,-34.4502,150.4974
YMIJ,-11.1601,132.5395
YMIK,-29.9709,136.0746
YMIL,-25.0833,118.333
YMIN,-34.7438,137.5291
YMIP,-14.7908,125.8257
YMIR,-17.3289,141.886
YMIS,-26.4,120.95
YMIT,-26.4833,147.937
YMIV,-32.4442,136.069
YMIX,-23.9067,114.7649
YMJE,-24.6342,116.9438
YMJM,-34.2653,116.14
YMJR,-35.2452,149.1965
YMKA,-14.9288,133.1355
YMKB,-30.9185,118.2548
YMKT,-12.6101,131.0533
YMLA,-20.8833,118.033
YMLC,-41.5333,146.333
YMLD,-34.3912,137.7077
YMLF,-34.9771,138.7083
YMLK,-18.1833,145.167
YMLL,-19.8583,141.562
YMLN,-30.203,143.2176
YMLR,-29.2467,137.91
YMLS,-26.8064,150.169
YMLT,-41.5449,147.2108
YMLX,-27.5833,121.783
YMMB,-37.9778,145.0998
YMMI,-28.7053,121.891
YMML,-37.6707,144.8379
YMMN,-27.8601,151.272
YMMO,-36.0745,144.7645
YMMT,-26.9333,143.317
YMMU,-22.8014,148.7068
YMNA,-22.275,132.217
YMNB,-28.2333,135.0
YMND,-32.7013,151.4929
YMNE,-27.2873,120.5549
YMNF,-26.45,116.55
YMNG,-36.8883,145.184
YMNK,-24.8167,140.533
YMNN,-22.1417,132.07
YMNO,-23.3692,143.8948
YMNP,-29.5917,139.052
YMNS,-22.6247,135.0345
YMNT,-17.3936,126.229
YMNW,-28.7633,122.4383
YMNX,-28.9128,121.7988
YMNY,-25.3583,141.433
YMOE,-31.9661,135.875
YMOG,-28.1161,117.842
YMOM,-35.0584,144.0213
YMOO,-25.25,140.983
YMOR,-29.4989,149.845
YMOT,-12.4442,142.638
YMOU,-24.6117,149.995
YMPA,-32.8433,135.145
YMPC,-37.9322,144.753
YMPE,-20.5246,146.7893
YMPH,-37.9029,143.1775
YMPK,-23.3583,133.004
YMQA,-22.8058,137.251
YMRA,-30.1633,131.625
YMRB,-22.0578,148.077
YMRE,-29.6633,138.065
YMRS,-27.9333,121.3
YMRT,-17.7059,145.1482
YMRW,-29.2017,116.022
YMRY,-35.8978,150.144
YMSF,-16.9783,130.555
YMSK,-22.1878,134.1716
YMSO,-31.39,151.41
YMSP,-18.1316,144.2881
YMSS,-26.8902,115.9608
YMST,-21.6238,117.0813
YMTA,-18.8093,137.0815
YMTB,-22.5833,144.533
YMTC,-28.827,134.3521
YMTG,-37.7444,140.7806
YMTI,-16.6625,139.178
YMTJ,-16.6453,131.7581
YMTO,-24.8923,151.1018
YMTP,-34.1367,135.338
YMTW,-31.4736,139.111
YMTX,-26.0617,135.247
YMTZ,-16.4007,126.1161
YMUA,-24.8817,151.9144
YMUC,-20.6589,120.067
YMUE,-12.0977,132.8885
YMUG,-28.0092,138.657
YMUK,-28.3478,138.65
YMUL,-32.5083,115.842
YMUP,-25.86,131.65
YMUR,-28.3317,153.413
YMUS,-24.4105,147.2456
YMUX,-26.3667,117.333
YMVH,-31.4657,119.5308
YMVM,-33.2851,151.2127
YMVN,-26.3988,147.125
YMVR,-24.2245,118.2516
YMVY,-14.0833,133.817
YMWA,-28.475,115.517
YMWE,-22.7372,132.151
YMWM,-37.2955,142.6034
YMWO,-31.7183,136.433
YMWT,-29.9069,139.765
YMWX,-23.3637,139.6497
YMYB,-25.5135,152.7136
YMYH,-16.9667,135.783
YMYI,-25.1018,119.7628
YMYR,-18.124,124.2703
YMYT,-28.5827,140.3033
YMYV,-24.648,134.0264
YMYW,-21.0483,134.683
YMYY,-15.0471,143.7578
YMZI,-29.6858,121.0278
YNAB,-12.3083,133.313
YNAN,-26.6892,151.9884
YNAP,-27.5492,141.1584
YNAR,-34.7022,146.512
YNAU,-34.0333,115.733
YNBO,-21.7022,148.6944
YNBR,-30.3192,149.827
YNCD,-27.8099,142.5936
YNCS,-25.6799,134.8386
YNCW,-17.3349,133.4398
YNDG,-33.1043,119.0181
YNDR,-31.78,132.223
YNDS,-21.0906,146.1526
YNES,-17.3,129.283
YNEY,-19.1619,146.8538
YNGB,-36.7383,145.125
YNGU,-14.7228,134.747
YNGW,-36.7885,145.0397
YNHL,-36.3101,141.6434
YNHP,-28.342,114.717
YNHS,-30.6731,152.9842
YNHV,-22.7283,131.145
YNIC,-18.05,128.9
YNIG,-32.5219,136.494
YNIN,-35.701,139.3455
YNKA,-18.4947,124.852
YNMN,-19.2,145.773
YNNG,-38.0674,145.5756
YNNT,-22.5372,115.4926
YNOC,-27.7193,142.7078
YNOF,-19.3333,138.333
YNON,-32.2833,123.667
YNOO,-28.0425,143.5589
YNOR,-34.2488,144.352
YNOV,-31.8459,123.1922
YNPA,-28.4823,135.9125
YNPB,-22.5312,132.7632
YNPD,-17.3192,124.8216
YNPE,-10.9462,142.4551
YNPU,-30.6033,138.948
YNRB,-32.1075,118.4071
YNRC,-36.9853,140.725
YNRG,-32.93,117.08
YNRH,-32.8791,151.728
YNRL,-28.55,141.917
YNRM,-32.2147,148.225
YNRN,-25.6813,150.8589
YNRR,-22.6453,130.565
YNRV,-33.7972,120.208
YNSH,-26.4232,153.0649
YNSM,-32.203,121.7581
YNTH,-17.6775,141.0683
YNTM,-31.6278,116.687
YNTN,-17.6841,141.0697
YNUB,-31.4417,130.902
YNUD,-22.3919,117.3762
YNUE,-23.9833,135.4
YNUJ,-17.9667,137.933
YNUL,-21.9133,120.198
YNUM,-14.2717,135.717
YNUT,-15.8074,134.1459
YNVE,-36.9209,143.0911
YNVL,-35.7833,143.7
YNWL,-30.8393,135.2978
YNWN,-23.4178,119.803
YNWT,-23.2288,132.6294
YNYG,-23.0333,115.033
YNYM,-32.054,146.3123
YNYN,-31.5506,147.203
YNYP,-26.188,130.1923
YOAD,-25.3833,135.417
YOAP,-16.4454,123.0684
YOAS,-34.0841,150.5596
YOAY,-23.0573,148.4958
YOBE,-33.7007,149.856
YOBN,-21.2348,139.0332
YOBR,-31.9653,152.591
YODA,-30.4567,131.823
YODL,-25.35,142.633
YOEH,-33.3172,149.1481
YOEN,-12.325,133.006
YOIT,-22.0629,144.139
YOKE,-22.2989,145.9836
YOKV,-29.5167,130.867
YOLA,-38.2867,143.68
YOLD,-30.4839,136.8767
YOLW,-21.6702,115.1149
YOLY,-31.0133,147.711
YOMI,-28.7604,141.2088
YOMO,-37.1066,147.6066
YOOD,-27.5625,135.4429
YOOK,-30.6183,130.406
YOOM,-28.0994,140.197
YOOO,-16.3333,131.5
YORA,-31.6914,126.5905
YORB,-37.79,148.61
YORC,-24.9594,153.315
YORG,-33.382,149.1313
YORL,-33.7833,122.95
YORR,-32.791,138.6721
YORT,-21.9058,136.069
YORV,-17.3408,128.912
YORW,-29.1992,121.438
YOSB,-22.0817,140.555
YOTN,-17.4428,144.6467
YOUN,-28.615,118.842
YOUY,-35.0888,142.3548
YPAC,-25.2411,152.5428
YPAD,-34.9475,138.5334
YPAG,-32.5069,137.717
YPAM,-18.7553,146.581
YPAY,-23.2467,131.903
YPBH,-38.6072,142.9038
YPBO,-23.1711,117.745
YPCC,-12.1922,96.8341
YPCE,-33.3733,142.5864
YPCH,-35.3699,142.1939
YPCM,-11.7624,130.8809
YPCS,-28.2,120.433
YPDA,-35.807,137.264
YPDI,-26.1222,139.4035
YPDN,-12.415,130.8818
YPDO,-20.1194,119.5719
YPDY,-36.6167,140.483
YPEA,-31.6678,116.015
YPED,-34.7057,138.6156
YPEF,-37.5116,144.7003
YPEN,-28.8291,118.831
YPFT,-36.2283,149.1499
YPGH,-16.8205,131.2056
YPGV,-12.2694,136.818
YPHP,-38.6289,143.0406
YPHS,-22.387,133.0602
YPHU,-11.691,130.1978
YPID,-38.5207,145.3285
YPIN,-15.6667,143.55
YPIR,-33.2389,137.995
YPIX,-27.1889,116.2824
YPIY,-32.54,117.073
YPJI,-29.4265,116.2838
YPJT,-32.0975,115.881
YPKA,-20.7122,116.773
YPKE,-28.25,135.9
YPKG,-30.7915,121.4646
YPKH,-32.7312,148.211
YPKI,-30.4,136.392
YPKL,-36.9981,145.0642
YPKS,-33.1314,148.239
YPKT,-14.2497,129.5295
YPKU,-15.7781,128.708
YPLC,-34.6053,135.88
YPLG,-30.3667,148.883
YPLI,-29.4459,153.2706
YPLL,-25.6113,118.6967
YPLM,-22.2352,114.09
YPLU,-25.3333,119.425
YPMB,-32.0533,139.872
YPME,-12.8333,130.933
YPMH,-29.716,135.5244
YPMP,-14.8965,141.6091
YPMQ,-31.4358,152.863
YPNA,-18.0384,144.8833
YPNC,-13.8259,131.8458
YPNG,-31.9167,133.0
YPNI,-26.5239,122.8114
YPNN,-35.2533,140.943
YPNW,-21.6287,116.3193
YPOD,-38.3181,141.471
YPOK,-36.7177,146.89
YPOP,-29.7759,122.2689
YPPD,-20.3828,118.6298
YPPF,-34.7933,138.633
YPPH,-31.9403,115.967
YPRA,-36.3072,144.139
YPRC,-27.3876,153.0241
YPRE,-31.4769,149.903
YPRI,-27.5002,153.0338
YPSH,-35.7558,137.9629
YPSR,-36.4051,148.4147
YPTB,-33.005,138.858
YPTJ,-24.6189,126.327
YPTN,-14.5211,132.378
YPUA,-14.34,129.8641
YPUG,-16.7219,137.4233
YPUN,-22.0667,123.167
YPVD,-26.6667,142.583
YPWH,-27.7337,151.6324
YPWR,-31.1442,136.817
YPXM,-10.4504,105.6911
YPXR,-38.3414,141.6063
YPYA,-21.2116,149.0765
YPYD,-36.0606,144.1268
YPYF,-29.2621,117.669
YQBE,-30.8792,147.842
YQBK,-35.8566,143.5145
YQDG,-32.005,117.4176
YQDI,-31.4982,150.5217
YQLP,-26.6092,144.2537
YQNS,-42.0757,145.5301
YQON,-33.0868,140.3299
YQRN,-32.325,138.1055
YQUA,-30.2915,134.5268
YQUE,-30.3917,143.142
YRAG,-37.3774,143.3057
YRAM,-26.15,143.017
YRAT,-28.7197,113.7845
YRAV,-33.539,119.9496
YRAW,-31.013,125.327
YRBB,-25.8521,153.0692
YRBC,-27.4499,153.0276
YRBE,-37.1754,139.8052
YRBH,-27.4471,153.0283
YRBK,-12.4255,130.9732
YRBM,-17.1833,137.767
YRBN,-34.6449,150.6421
YRBR,-16.7183,136.945
YRBT,-20.1833,130.017
YRBW,-35.9078,141.9779
YRCD,-27.5789,153.1308
YRDA,-32.41,135.485
YRDM,-21.977,119.017
YRDS,-20.5773,143.3011
YRDY,-27.1244,118.2794
YRED,-27.2056,153.0687
YREN,-34.1964,140.674
YRHL,-21.9695,116.0624
YRHO,-37.7941,144.9513
YRID,-37.4787,144.7211
YRKE,-37.8996,143.7098
YRKS,-19.8667,138.1
YRLE,-22.8833,117.45
YRLH,-19.0292,138.7378
YRLL,-24.4609,148.6274
YRLO,-35.0371,139.1869
YRMD,-20.7019,143.115
YRMH,-37.7992,144.9559
YRNG,-12.3564,134.898
YRNW,-23.8283,134.962
YROB,-18.845,143.71
YROE,-20.7639,117.1552
YROI,-34.6429,142.773
YROK,-35.93,136.72
YROM,-26.545,148.775
YROT,-29.2938,116.8901
YROV,-23.5992,134.517
YRRB,-14.7348,134.5255
YRRG,-23.1016,119.3589
YRRR,-12.3333,135.65
YRSB,-25.8257,139.6275
YRSH,-33.8301,151.0241
YRSK,-18.7886,128.624
YRST,-41.3327,147.0499
YRSV,-27.1333,145.9
YRSY,-37.3924,144.7378
YRTI,-32.0067,115.54
YRTP,-15.645,141.8444
YRUD,-22.5581,122.1481
YRVE,-17.9,130.217
YRVL,-34.8494,147.7803
YRWA,-31.0308,125.1947
YRWF,-34.5635,138.9497
YRWH,-34.6497,144.3198
YRXB,-30.7084,136.7107
YRYH,-22.6258,119.959
YRYK,-31.6535,138.6095
YRYL,-32.7709,149.9932
YRYP,-34.8628,148.9338
YSAH,-22.8,119.617
YSAI,-23.7,131.867
YSAN,-27.98,119.297
YSAR,-27.0431,135.242
YSAW,-15.1286,135.0099
YSBG,-36.855,145.738
YSBK,-33.9236,150.9908
YSBO,-21.5667,139.717
YSCA,-33.2072,141.173
YSCB,-35.3069,149.195
YSCD,-30.1736,122.3222
YSCN,-34.0383,150.6864
YSCO,-32.038,150.832
YSCR,-31.24,119.36
YSDL,-12.7168,142.3667
YSDN,-20.0439,137.0193
YSDU,-32.2167,148.575
YSEA,-34.569,139.3341
YSEN,-32.395,115.871
YSFG,-34.3438,139.31
YSFI,-19.7721,121.0907
YSFY,-42.9823,147.2093
YSGD,-14.795,142.433
YSGE,-28.0497,148.595
YSGR,-29.7083,152.928
YSGT,-32.6008,151.1931
YSGW,-25.6746,142.0892
YSHG,-20.4247,120.141
YSHK,-25.8973,113.5758
YSHL,-34.5611,150.789
YSHN,-34.7462,116.4917
YSHR,-20.2761,148.755
YSHT,-36.4283,145.3915
YSHW,-33.9956,150.952
YSIA,-32.5575,136.709
YSII,-9.3783,142.625
YSLE,-38.1701,144.689
YSLG,-17.0667,125.25
YSLK,-35.5306,142.8899
YSLN,-15.8983,143.383
YSLV,-23.5576,120.0471
YSMB,-33.3677,151.2998
YSMI,-40.835,145.084
YSML,-20.2622,148.8399
YSMP,-11.1336,132.1596
YSMR,-17.8627,142.5578
YSMY,-14.8833,142.802
YSNB,-11.4177,130.6485
YSNC,-28.3388,120.8544
YSNF,-29.0418,167.9395
YSNT,-33.8,138.367
YSNW,-34.9466,150.5425
YSNY,-35.7642,146.9089
YSOL,-22.2568,117.8505
YSOW,-14.5167,142.033
YSPE,-28.6201,151.9833
YSPF,-24.298,144.8783
YSPI,-24.1302,148.086
YSPK,-18.6377,144.5457
YSPT,-27.9218,153.3715
YSPV,-23.55,140.7
YSRD,-29.099,122.4563
YSRI,-33.6047,150.7831
YSRN,-42.155,145.292
YSRT,-27.1595,149.0769
YSSY,-33.9461,151.177
YSTA,-36.6367,143.186
YSTB,-14.4774,142.8246
YSTC,-29.7167,137.063
YSTH,-41.3367,148.282
YSTI,-9.51,143.55
YSTO,-24.3526,143.2975
YSTR,-31.7667,140.333
YSTT,-24.1183,134.39
YSTW,-31.0779,150.8455
YSUJ,-19.2667,129.95
YSUM,-35.2679,138.9199
YSVH,-20.5986,143.078
YSVN,-14.9,142.967
YSVP,-13.9754,143.5537
YSWA,-42.0994,148.0704
YSWE,-17.1243,139.6036
YSWG,-35.1635,147.4683
YSWH,-35.3758,143.533
YSWI,-40.7296,148.1165
YSWK,-30.9246,153.0276
YSWL,-37.0717,142.741
YSYN,-35.3178,139.0
YTAA,-27.1631,150.4764
YTAB,-17.2833,126.9
YTAD,-32.6659,142.0668
YTAM,-25.8017,149.9
YTAN,-20.5737,129.7401
YTAR,-30.7029,134.5828
YTBB,-34.3617,136.095
YTBG,-35.5829,148.2921
YTBR,-15.62,130.445
YTCF,-22.3167,122.067
YTCK,-20.7833,145.0
YTCY,-26.7571,133.3586
YTDL,-39.0315,146.3285
YTDM,-27.1242,134.77
YTDN,-38.2159,145.4232
YTDR,-24.9868,150.0931
YTEC,-30.3367,139.665
YTEE,-21.835,140.888
YTEF,-21.715,122.229
YTEK,-27.433,153.115
YTEM,-34.4214,147.512
YTEN,-31.975,139.207
YTFA,-34.3963,139.3798
YTFD,-28.9916,151.9301
YTGA,-27.1377,153.3641
YTGG,-37.3505,145.7
YTGI,-31.9764,148.0039
YTGM,-27.9864,143.8121
YTGT,-20.5483,130.347
YTGV,-34.686,148.104
YTHD,-14.7906,126.498
YTHI,-35.0247,136.18
YTHN,-28.1533,120.94
YTHR,-25.1383,119.1051
YTHS,-29.5279,115.858
YTHV,-21.4593,115.0143
YTHY,-26.093,143.4514
YTIB,-29.4511,142.058
YTII,-25.6,143.917
YTIN,-35.8704,140.0728
YTIT,-22.1317,133.42
YTJI,-26.0062,125.4625
YTJU,-29.3449,127.1073
YTKS,-21.0417,141.787
YTKY,-17.0408,128.206
YTLG,-34.2892,149.782
YTLL,-32.6106,147.5982
YTLP,-30.9255,144.4194
YTLT,-22.6333,136.8
YTMB,-24.8389,146.2934
YTML,-26.6452,113.7421
YTMN,-19.9167,129.725
YTMO,-21.8111,139.924
YTMP,-22.746,117.869
YTMS,-31.3139,149.8394
YTMU,-35.2683,148.2405
YTMY,-22.2558,137.953
YTNB,-25.8478,141.928
YTNE,-28.7355,140.04
YTNG,-24.4949,150.578
YTNK,-19.6344,134.183
YTNN,-31.1833,139.383
YTNR,-16.45,134.65
YTNS,-25.3215,146.0688
YTOA,-28.4083,140.81
YTOB,-19.9333,145.583
YTOC,-35.8117,145.608
YTOG,-30.083,149.5368
YTOK,-25.1167,147.167
YTOS,-29.566,139.9414
YTOT,-32.2562,147.3693
YTPA,-13.7271,131.033
YTPE,-24.3825,132.423
YTPK,-21.2084,148.9783
YTQY,-38.3,144.365
YTRA,-29.186,124.5504
YTRB,-36.0667,144.533
YTRC,-24.0723,143.3927
YTRE,-31.8886,152.514
YTRK,-23.6167,118.617
YTSI,-43.2395,148.004
YTST,-14.0897,126.381
YTTE,-13.9842,141.6553
YTTI,-13.7517,126.148
YTUA,-42.5137,147.898
YTUC,-27.475,118.125
YTUG,-24.4934,149.2135
YTUN,-42.111,147.3624
YTUY,-17.9346,145.9381
YTVA,-19.2105,143.6637
YTWB,-27.5434,151.9191
YTWE,-22.85,146.717
YTWH,-28.1777,153.5466
YTWN,-31.4431,148.8978
YTYA,-38.2668,145.1794
YTYH,-28.5947,153.5511
YTYN,-26.2167,133.917
YUCH,-17.6724,134.2409
YUDA,-18.1913,144.6122
YUDG,-21.59,138.358
YUDL,-19.625,138.633
YUMB,-25.7467,133.702
YUMU,-26.4867,132.04
YUNY,-24.5167,139.617
YUPG,-14.7052,134.5624
YUPH,-30.1065,150.4043
YUSL,-26.1579,113.3948
YUTA,-38.2969,147.6761
YUTP,-22.055,134.79
YUTS,-22.2333,134.58
YVAF,-41.8088,147.2965
YVAL,-41.43,146.2633
YVIV,-30.5808,135.7297
YVLG,-18.6667,145.1
YVNS,-22.3333,130.867
YVRD,-16.4021,131.005
YVRS,-16.9615,141.9523
YVSH,-11.143,131.9818
YVVA,-37.5,142.27
YVVL,-14.7337,143.5893
YWAB,-24.75,117.367
YWAC,-20.6406,134.2153
YWAG,-29.7121,144.171
YWAL,-19.7736,120.649
YWAT,-12.6372,143.0414
YWAV,-17.3933,131.118
YWAX,-25.2976,127.5564
YWBH,-31.5766,150.9341
YWBI,-21.0,134.397
YWBL,-38.2953,142.447
YWBN,-34.1813,150.8089
YWBR,-26.1255,126.5832
YWBS,-10.2083,142.825
YWCA,-31.5221,143.3784
YWCH,-31.0095,151.5474
YWCK,-28.1494,151.943
YWCM,-20.1014,129.126
YWDA,-28.4806,122.2444
YWDG,-30.0323,119.3865
YWDH,-25.4106,142.6684
YWDJ,-17.4214,124.9251
YWDL,-18.575,140.892
YWDS,-34.9586,138.8907
YWDT,-18.7538,144.8408
YWDV,-19.67,144.8852
YWEC,-25.85,145.1
YWEE,-27.0817,116.15
YWEL,-32.4627,148.9909
YWEO,-30.65,139.35
YWER,-18.1241,139.9561
YWEX,-22.3667,124.767
YWFD,-19.2833,125.417
YWGA,-21.0366,118.6429
YWGI,-35.1504,136.4612
YWGM,-31.8639,116.9361
YWGN,-33.3333,117.367
YWGT,-36.4179,146.3069
YWGW,-26.1185,121.9597
YWHA,-33.0589,137.514
YWHC,-30.8518,143.0716
YWHI,-30.0396,138.0587
YWHL,-17.7782,135.6582
YWHP,-34.4394,150.8958
YWIB,-27.9582,134.1495
YWIE,-21.1266,147.2729
YWIL,-31.2869,142.651
YWIO,-34.22,150.6708
YWIS,-22.4743,150.1792
YWJS,-35.1302,148.6901
YWKB,-36.3211,142.419
YWKD,-13.8665,129.988
YWKI,-34.1796,140.033
YWKM,-31.2026,117.3789
YWKS,-66.6908,111.5236
YWKW,-32.5482,151.0243
YWLA,-21.2767,132.623
YWLB,-27.3422,134.0866
YWLG,-30.0328,148.126
YWLH,-24.65,132.317
YWLM,-32.7961,151.835
YWLN,-30.4217,139.436
YWLP,-38.9499,146.2838
YWLU,-26.6327,120.2219
YWMA,-30.6511,142.342
YWMC,-28.91,136.3403
YWMG,-29.2357,146.9221
YWML,-17.321,138.2381
YWMM,-30.4912,152.0838
YWMO,-26.0531,127.6908
YWMP,-16.6589,143.9993
YWMY,-23.8569,115.1426
YWNA,-30.7667,134.73
YWND,-26.2774,151.8617
YWNI,-13.7043,141.5541
YWNL,-26.0667,128.95
YWNO,-27.125,121.333
YWNS,-25.0309,143.6751
YWNT,-33.8027,150.9902
YWOH,-30.88,116.7272
YWOM,-31.3167,151.133
YWON,-38.4717,145.623
YWOR,-17.2199,137.9345
YWOV,-36.6333,144.183
YWOX,-32.3939,123.9887
YWPA,-31.1333,138.967
YWPE,-34.9537,116.6954
YWPL,-23.1,114.533
YWRA,-20.4817,138.168
YWRC,-32.4267,118.908
YWRE,-22.27,146.05
YWRL,-29.5362,150.536
YWRN,-31.7333,147.803
YWRO,-33.9272,137.6378
YWRR,-23.4461,113.8485
YWRT,-41.45,145.55
YWRV,-13.5933,135.755
YWSD,-30.7114,141.3976
YWSG,-27.0983,152.46
YWSI,-29.5667,134.517
YWSL,-38.0908,146.9653
YWST,-33.8047,150.9884
YWSX,-31.319,118.6848
YWTB,-33.835,151.2806
YWTL,-16.63,129.32
YWTN,-22.3636,143.086
YWTO,-34.0862,141.8911
YWTV,-13.2287,142.2355
YWUD,-33.0433,135.447
YWVA,-33.2403,151.4297
YWVL,-30.4161,151.755
YWVR,-33.2536,150.1878
YWWA,-30.2583,149.408
YWWG,-20.8442,120.702
YWWH,-22.0639,147.7212
YWWI,-21.6455,121.1912
YWWL,-33.9372,147.191
YWYA,-27.2667,145.99
YWYB,-30.5583,133.534
YWYF,-36.0583,143.243
YWYM,-15.5114,128.153
YWYY,-40.997,145.726
YXAB,-31.2752,149.2844
YXAH,-30.5113,151.6552
YXAL,-36.0792,146.9386
YXAO,-33.5568,148.6752
YXAT,-17.2659,145.4837
YXAU,-33.8583,151.0408
YXAY,-33.5348,149.2492
YXBA,-28.8692,153.5713
YXBD,-24.8694,152.335
YXBH,-33.4059,149.5719
YXBI,-25.5069,152.0507
YXBS,-27.9857,153.0023
YXBT,-37.5591,143.8457
YXBU,-27.0723,153.3675
YXBV,-36.6879,149.8586
YXBW,-20.0066,148.2399
YXBY,-43.3167,147.245
YXCA,-28.0186,153.1598
YXCB,-35.3438,149.1
YXCC,-33.8387,151.0944
YXCF,-33.3037,149.121
YXCH,-26.2912,151.9574
YXCI,-26.7407,150.6343
YXCK,-32.8269,151.3481
YXCM,-36.2422,149.1301
YXCP,-34.078,150.804
YXCU,-28.0479,152.4457
YXCV,-20.5467,147.8377
YXCY,-35.247,149.0927
YXDA,-27.1671,151.2769
YXDB,-32.2387,148.6205
YXDE,-32.3868,150.682
YXDG,-30.3422,152.7092
YXDH,-12.3528,130.8816
YXDN,-32.0138,149.3898
YXDR,-25.5881,151.2932
YXDU,-27.497,153.3992
YXDY,-22.5829,148.3535
YXEE,-29.4709,149.8405
YXEG,-30.4536,152.9018
YXEI,-25.3825,151.125
YXEM,-37.0562,149.9107
YXES,-27.2409,152.418
YXFH,-32.0707,115.8467
YXFO,-33.3959,148.0138
YXFS,-32.1884,152.5132
YXFV,-32.9205,151.7293
YXGA,-27.56,152.282
YXGC,-32.0148,151.96
YXGE,-29.7302,151.7364
YXGH,-34.748,149.7123
YXGI,-25.632,151.6047
YXGL,-33.9063,148.1616
YXGO,-28.5479,150.3012
YXGP,-29.6736,152.9407
YXGR,-31.7039,148.6652
YXGS,-33.4216,151.3399
YXGT,-32.3582,149.5384
YXGU,-30.9828,150.2522
YXGW,-35.0679,148.1022
YXGY,-26.1886,152.6527
YXHA,-33.6106,150.8215
YXHE,-25.3,152.8213
YXHG,-27.9595,153.382
YXHK,-33.7032,151.1127
YXHS,-26.7473,153.1137
YXIG,-29.8641,150.5796
YXIS,-17.5184,146.0299
YXIW,-28.4182,151.0613
YXJD,-36.418,148.6152
YXJH,-32.924,151.6934
YXJN,-26.7814,151.1047
YXKM,-33.7053,150.3224
YXKO,-28.6282,153.0019
YXKU,-32.8257,151.4628
YXLA,-27.6326,152.3992
YXLE,-34.56,146.405
YXLG,-33.4994,150.1287
YXLL,-33.9204,150.9312
YXLT,-27.0796,152.9629
YXLU,-41.4474,147.142
YXMA,-29.4536,153.2014
YXMD,-33.7662,150.8307
YXMG,-26.2384,151.951
YXMH,-32.6025,149.5881
YXMK,-30.7102,152.9213
YXMM,-34.9171,139.3084
YXMU,-28.5593,153.4922
YXMV,-33.6851,151.3082
YXMW,-32.1434,150.3609
YXMY,-35.904,150.0695
YXNA,-26.6205,152.951
YXNE,-33.7585,150.7122
YXNN,-26.6659,152.0076
YXNO,-26.4026,153.0457
YXNW,-34.8698,150.5955
YXNY,-32.7167,152.1548
YXOF,-30.3168,153.0931
YXOG,-33.3167,149.0927
YXOH,-31.8218,149.7101
YXOK,-34.4493,149.4691
YXOL,-33.0819,147.1496
YXOM,-36.9138,149.2413
YXOO,-34.634,148.0127
YXOW,-34.4867,150.4228
YXPH,-32.7362,148.1998
YXPI,-28.008,153.3924
YXPK,-33.1532,148.1712
YXPM,-31.4527,152.8808
YXPN,-20.3991,148.5855
YXPO,-23.1364,150.7418
YXQC,-27.4841,153.0269
YXQE,-31.9689,115.8169
YXQU,-31.5011,150.6766
YXRK,-23.3797,150.4952
YXRM,-34.1636,140.7448
YXRN,-32.804,149.9751
YXRP,-31.9537,115.8665
YXRU,-27.6577,153.3668
YXSA,-33.7334,151.1
YXSB,-35.3786,149.1716
YXSC,-32.0503,150.8777
YXSG,-33.9681,151.1337
YXSH,-34.5599,150.8417
YXSI,-32.5671,151.1869
YXSN,-33.9195,151.2393
YXST,-28.66,151.9279
YXSU,-34.0388,151.1156
YXTA,-27.1836,153.3709
YXTE,-29.048,152.0164
YXTM,-27.9364,153.181
YXTN,-32.9217,147.7067
YXTO,-27.5705,151.946
YXTR,-31.9064,152.4508
YXTT,-35.308,148.2191
YXTW,-31.0746,150.9264
YXTX,-28.8554,151.1789
YXUS,-32.2642,150.8984
YXVL,-30.6477,152.848
YXWA,-28.2239,152.0167
YXWG,-35.1143,147.3541
YXWL,-34.4242,150.8822
YXWM,-33.8023,150.9937
YXWT,-32.5487,148.9497
YXWW,-30.225,149.4483
YXWY,-33.2602,151.4807
YXYA,-34.8546,148.9083
YXYK,-35.0189,137.6117
YXYO,-34.3209,148.288
YYAA,-29.665,141.4139
YYAC,-21.3786,147.1002
YYAG,-20.9667,128.083
YYAK,-16.7314,145.3474
YYAL,-28.3553,116.684
YYAS,-34.8223,148.9078
YYBE,-23.262,149.0165
YYBK,-37.8233,144.9511
YYDE,-21.3684,118.8812
YYDM,-29.1206,122.0415
YYEA,-37.1759,145.3231
YYER,-29.4676,121.83
YYGG,-20.8906,127.949
YYKI,-9.7528,143.4057
YYLD,-30.2614,142.977
YYLG,-27.4263,115.518
YYLR,-27.2771,120.0957
YYMI,-9.8992,142.7743
YYND,-22.2542,131.782
YYNG,-34.2556,148.2471
YYNR,-22.5167,114.8
YYOO,-31.8033,136.86
YYOR,-35.0036,137.6193
YYRK,-31.8551,116.799
YYRM,-38.5667,146.7529
YYRN,-28.1557,123.6768
YYRW,-25.4583,117.975
YYTA,-31.4706,131.825
YYUM,-28.563,119.019
YYUN,-32.5833,139.55
YYWA,-27.9529,144.6277
YYWG,-36.0315,146.028
YYYA,-21.2854,118.3853
YZAN,-31.0364,123.5679
YZCE,-27.4299,152.3785
YZHN,-41.8888,145.3508
ZBAA,40.0773,116.5967
ZBAD,39.5013,116.414
ZBBB,39.9586,116.2568
ZBCD,41.1225,118.0739
ZBCF,42.1597,118.841
ZBCZ,36.2475,113.126
ZBDH,39.6664,119.0614
ZBDS,39.4935,109.8599
ZBDT,40.0614,113.4805
ZBER,43.4241,112.0911
ZBES,47.3106,119.9117
ZBHD,36.5248,114.4241
ZBHH,40.8497,111.8246
ZBHZ,45.4872,119.4072
ZBLA,49.2086,119.8223
ZBLF,36.1326,111.6412
ZBLL,37.6833,111.1428
ZBMZ,49.5667,117.33
ZBOW,40.56,109.997
ZBSG,39.2732,112.6916
ZBSH,39.9687,119.7306
ZBSJ,38.2807,114.697
ZBSN,39.7178,118.0026
ZBTG,38.8981,117.6572
ZBTJ,39.1244,117.346
ZBTL,43.5567,122.2
ZBUC,41.1303,113.1073
ZBUH,39.7934,106.7993
ZBUL,46.1953,122.0083
ZBUT,41.6944,108.3784
ZBXH,43.9156,115.964
ZBXT,36.8831,114.4293
ZBXZ,38.5975,112.9692
ZBYC,35.1178,111.034
ZBYN,37.7469,112.628
ZBYZ,40.9264,107.7409
ZBZJ,40.7387,114.9334
ZBZL,47.8659,122.7687
ZGBH,21.5387,109.2937
ZGBS,23.7206,106.96
ZGCD,28.9189,111.64
ZGCJ,27.4431,109.7047
ZGCZ,25.7534,112.8454
ZGDY,29.1047,110.4428
ZGFS,23.0825,113.0708
ZGGG,23.3924,113.299
ZGHA,28.1892,113.22
ZGHC,24.8043,107.7108
ZGHY,26.7221,112.618
ZGHZ,23.05,114.6
ZGKL,25.2198,110.0396
ZGLD,22.7112,111.6013
ZGLG,26.3387,111.61
ZGMX,24.2634,116.0979
ZGNN,22.5981,108.1819
ZGNT,22.559,113.9248
ZGOW,23.552,116.5033
ZGSD,22.0064,113.376
ZGSY,26.8061,110.641
ZGSZ,22.6395,113.8033
ZGWZ,23.4032,111.0933
ZGXN,24.1492,115.758
ZGXX,28.4972,109.5218
ZGYJ,21.9619,112.1024
ZGYL,22.433,110.12
ZGYY,29.3117,113.2816
ZGZH,24.2075,109.391
ZGZJ,21.4817,110.5903
ZHAY,36.1339,114.344
ZHCC,34.5265,113.8492
ZHEC,30.3412,115.0393
ZHES,30.3203,109.485
ZHGH,32.3887,111.6942
ZHHH,30.7748,114.2137
ZHJZ,30.2928,112.4485
ZHLY,34.7411,112.388
ZHNY,32.9827,112.6175
ZHQQ,35.8708,114.4619
ZHSN,31.626,110.34
ZHSY,32.5929,110.9063
ZHXF,32.1522,112.2917
ZHXY,32.5408,114.0791
ZHYC,30.5541,111.4826
ZJHK,19.9349,110.459
ZJQH,19.141,110.4528
ZJSY,18.3029,109.412
ZKHM,41.4285,129.6476
ZKPY,39.2241,125.67
ZKSC,39.4125,125.8903
ZKSD,39.7452,127.474
ZKSE,41.9071,128.4098
ZKUJ,40.15,124.5011
ZKWS,39.1652,127.4879
ZLAK,32.757,108.8734
ZLDH,40.162,94.8128
ZLDL,37.1253,97.2687
ZLGL,34.4181,100.3011
ZLGM,36.4006,94.7861
ZLGY,36.0789,106.2169
ZLHB,38.0081,100.6451
ZLHX,38.2016,90.8378
ZLHZ,33.1335,107.2038
ZLIC,38.3228,106.3932
ZLJC,38.5422,102.3483
ZLJQ,39.8591,98.3393
ZLLL,36.5152,103.62
ZLLN,33.7899,105.79
ZLPC,34.8258,109.5355
ZLQY,35.8026,107.5989
ZLSN,34.3767,109.12
ZLTS,34.5601,105.8603
ZLXH,34.819,102.6223
ZLXN,36.5277,102.0402
ZLXY,34.4422,108.7624
ZLYA,36.4794,109.4641
ZLYL,38.3597,109.5909
ZLYS,32.8364,97.0364
ZLZW,37.5731,105.1545
ZLZY,38.8019,100.675
ZMAH,46.2503,102.802
ZMAT,46.3764,96.2211
ZMAZ,42.3084,97.0771
ZMBD,48.6067,110.608
ZMBH,46.1633,100.704
ZMBN,48.855,103.476
ZMBS,46.1006,91.5842
ZMBU,46.6603,113.285
ZMCD,48.1354,114.6472
ZMCK,47.6469,106.8198
ZMDA,49.0124,111.509
ZMDN,47.7093,96.5258
ZMDZ,43.6086,104.3677
ZMGT,43.0119,101.3338
ZMHG,50.436,100.1395
ZMHH,47.2467,102.8261
ZMHU,46.9258,102.773
ZMKD,47.9541,91.6282
ZMMG,45.7381,106.269
ZMMN,49.6637,100.1
ZMOT,43.1456,106.8435
ZMSF,47.7731,107.4378
ZMSH,44.9848,110.1765
ZMTG,47.4615,101.4838
ZMTL,48.7389,98.2941
ZMTT,43.7737,105.5787
ZMUB,47.8431,106.767
ZMUG,50.0666,91.9383
ZMUH,47.3049,110.6092
ZMUL,48.9933,89.9225
ZPBS,25.0533,99.1683
ZPCW,23.2763,99.3732
ZPDL,25.6494,100.319
ZPDQ,27.7936,99.6772
ZPJH,21.9746,100.7622
ZPJM,22.4177,99.784
ZPLC,23.7381,100.025
ZPLJ,26.6775,100.2449
ZPMS,24.4011,98.5317
ZPPP,25.1103,102.9367
ZPSM,22.7933,100.959
ZPWS,23.5583,104.3255
ZPYM,25.7375,101.882
ZPZT,27.3275,103.7562
ZSAM,24.5439,118.1275
ZSAQ,30.5822,117.05
ZSBB,32.8477,117.3202
ZSCG,31.9205,119.7755
ZSCN,28.8648,115.9027
ZSDL,32.2365,119.7187
ZSDY,37.5014,118.7899
ZSFD,32.1131,117.446
ZSFY,32.8822,115.7344
ZSFZ,25.9293,119.6725
ZSGZ,25.8533,114.7789
ZSHC,30.2361,120.4289
ZSHZ,35.213,115.7367
ZSJD,29.3386,117.176
ZSJG,35.6474,116.7433
ZSJJ,29.4769,115.8011
ZSJN,36.8572,117.216
ZSJU,28.9661,118.8988
ZSLG,34.4141,119.179
ZSLO,25.6759,116.7459
ZSLQ,28.5622,121.429
ZSLY,35.0529,118.4118
ZSNB,29.8267,121.462
ZSNJ,31.735,118.8659
ZSNT,32.0736,120.9801
ZSOF,31.9878,116.9769
ZSPD,31.1434,121.805
ZSQD,36.362,120.0882
ZSQZ,24.7959,118.5886
ZSRG,32.2583,120.5011
ZSRZ,35.405,119.3244
ZSSH,33.7927,119.1267
ZSSM,26.4263,117.8336
ZSSR,28.3797,117.9643
ZSSS,31.1981,121.3343
ZSSZ,31.2631,120.401
ZSTX,29.7333,118.256
ZSWA,31.1045,118.6669
ZSWF,36.6467,119.119
ZSWH,37.1871,122.229
ZSWU,31.3906,118.409
ZSWX,31.497,120.4304
ZSWY,27.7019,118.001
ZSWZ,27.9106,120.8535
ZSXZ,34.0591,117.5553
ZSYA,32.5634,119.7198
ZSYC,27.8025,114.3062
ZSYN,33.4283,120.2054
ZSYT,37.6597,120.9781
ZSYW,29.3421,120.0312
ZSZS,29.9339,122.3623
ZUAL,32.0979,80.054
ZUAS,26.2606,105.8733
ZUBC,31.5815,104.4597
ZUBD,30.5536,97.1083
ZUBJ,27.2671,105.4721
ZUCK,29.7123,106.6519
ZUDA,31.0488,107.4356
ZUDC,29.3163,100.0603
ZUDJ,28.121,108.1631
ZUDX,31.1302,107.4295
ZUDZ,29.6362,105.7736
ZUGH,30.9485,104.3296
ZUGU,32.3903,105.6946
ZUGY,26.5418,106.804
ZUGZ,31.7575,99.5542
ZUHY,32.5315,102.3522
ZUJZ,32.8533,103.6822
ZUKD,30.1425,101.7387
ZUKJ,26.972,107.988
ZULB,25.4525,107.9617
ZULP,30.6794,107.786
ZULS,29.298,90.912
ZULZ,29.0304,105.4684
ZUMT,27.9618,106.4354
ZUMY,31.4281,104.741
ZUNC,30.7981,106.1642
ZUNP,26.3222,109.1499
ZUNZ,29.3033,94.3353
ZUPS,26.6094,104.979
ZUQJ,29.5133,108.8311
ZURK,29.3509,89.2992
ZUSH,28.4224,92.3481
ZUSN,30.4713,105.6109
ZUTC,24.9381,98.4858
ZUTF,30.3125,104.4413
ZUTR,27.8833,109.3089
ZUUU,30.5583,103.946
ZUWL,29.4657,107.6937
ZUWS,31.069,109.709
ZUWX,30.8017,108.433
ZUXC,27.9891,102.184
ZUYB,28.8584,104.5262
ZUYI,25.0834,104.9608
ZUZH,26.54,101.7985
ZUZY,27.8107,107.2472
ZWAK,41.2625,80.2917
ZWAL,40.4347,81.2621
ZWAT,47.7499,88.0858
ZWBL,44.8955,82.3001
ZWCM,38.2345,85.4655
ZWFY,46.8042,89.512
ZWHM,42.8414,93.6692
ZWHZ,44.2421,85.8905
ZWKC,41.6779,82.8729
ZWKL,41.615,86.1408
ZWKM,45.4665,84.9527
ZWKN,48.2223,86.9959
ZWLK,43.7565,93.1372
ZWNL,43.4318,83.3786
ZWRQ,38.9747,88.0083
ZWSC,38.2454,77.0561
ZWSH,39.5423,76.0202
ZWSS,42.9117,90.2475
ZWTC,46.6725,83.3408
ZWTL,43.0308,89.0987
ZWTN,37.0385,79.8649
ZWWW,43.9136,87.4794
ZWYN,43.9558,81.3303
ZWYT,36.8085,81.7827
ZYAS,41.1053,122.854
ZYBA,45.5053,123.0197
ZYBS,42.0669,127.6022
ZYCC,43.9962,125.685
ZYCH,39.2664,122.667
ZYCY,41.5381,120.435
ZYDD,40.0255,124.2867
ZYDQ,46.7509,125.1386
ZYDU,48.441,126.1284
ZYFX,42.069,121.7181
ZYFY,48.1972,134.363
ZYGH,50.7003,121.3825
ZYHB,45.6234,126.25
ZYHE,50.1716,127.3089
ZYJD,50.3714,124.1175
ZYJL,44.0027,126.3952
ZYJM,46.8428,130.4643
ZYJS,47.1082,132.6579
ZYJX,45.293,131.193
ZYJZ,40.936,121.2771
ZYLD,47.7521,129.0191
ZYLY,41.278,123.0787
ZYMD,44.5252,129.5686
ZYMH,52.9169,122.4228
ZYQQ,47.23,123.9142
ZYSD,44.4539,130.8439
ZYSQ,44.9311,124.5521
ZYTH,52.2244,124.7202
ZYTL,38.9657,121.5385
ZYTN,42.0484,125.734
ZYTX,41.6398,123.4837
ZYXC,40.5803,120.7004
ZYYC,47.7179,128.8305
ZYYJ,42.8828,129.451
ZYYK,40.5425,122.3586
ZYYY,41.7844,123.4963
